aqua_label,terra_label,aqua_area,aqua_convex_area,aqua_major_axis_length,aqua_minor_axis_length,aqua_perimeter,aqua_perimeter_crofton,terra_area,terra_convex_area,terra_major_axis_length,terra_minor_axis_length,terra_perimeter,terra_perimeter_crofton,adr_area,adr_convex_area,adr_major_axis_length,adr_minor_axis_length,rotation_estimated,minimum_shape_difference,psi_s_correlation
2,3,172.0,179.0,16.23035520703145,13.627633711429679,46.970562748477136,47.21240289839701,220.0,231.0,19.081603953655893,14.734122777651141,54.04163056034261,53.916195551733225,0.12244897959183673,0.12682926829268293,0.08074456400591688,0.03901341817977517,30.0,34.0,0.97
13,9,64.0,69.0,11.939269053693168,6.994190318651948,29.556349186104043,30.70269318423345,38.0,42.0,9.322468358907372,5.2763155833255535,22.485281374238568,23.99890053089723,0.2549019607843137,0.24324324324324326,0.12307558145436308,0.14000031857280992,0.0,26.0,0.927
18,11,1269.0,1316.0,46.50473427321081,35.488547686653746,138.8111831820431,134.28277089957055,1310.0,1342.0,47.69339897173657,35.68892667306819,138.3259018078045,133.82269530731523,0.015897634742148118,0.009781790820165538,0.012618771281112629,0.002815202256289009,0.0,103.0,0.995
20,12,515.0,536.0,29.033943347025456,23.309535417614416,86.42640687119285,84.61888873596668,574.0,598.0,30.618094604553608,24.81917647893013,92.08326112068524,89.98192285863566,0.05417814508723599,0.054673721340388004,0.02655653204696953,0.031366745583400954,-16.0,62.0,0.988
41,33,262.0,278.0,19.909921792402663,17.09365714422201,60.526911934581186,60.06462783779966,317.0,330.0,21.1257433839503,19.2449234595881,64.87005768508881,64.18218820481589,0.09499136442141623,0.08552631578947369,0.02962841192710242,0.059200614873232804,-33.0,44.0,0.976
47,44,728.0,791.0,36.607853026245046,26.412827132018766,109.94112549695427,106.91223991895588,675.0,698.0,34.023713477313926,25.53436910202818,98.76955262170047,96.32092469473108,0.037776193870277974,0.062458025520483546,0.03658618485830851,0.016910595637014036,20.0,127.0,0.971
48,45,280.0,289.0,20.350512836916426,18.22653634881021,61.698484809834994,61.175348572339246,214.0,220.0,17.854731362291208,15.85673945403035,53.45584412271571,53.36083518446344,0.13360323886639677,0.13555992141453832,0.06532562549821315,0.06952961060692285,0.0,70.0,0.967
