aqua_label,terra_label,aqua_area,aqua_convex_area,aqua_major_axis_length,aqua_minor_axis_length,aqua_perimeter,aqua_perimeter_crofton,aqua_perimeter_boundary_pixels,terra_area,terra_convex_area,terra_major_axis_length,terra_minor_axis_length,terra_perimeter,terra_perimeter_crofton,terra_perimeter_boundary_pixels,adr_area,adr_convex_area,adr_major_axis_length,adr_minor_axis_length,rotation_estimated,minimum_shape_difference,psi_s_correlation
1,2,201.0,214.0,19.711755512999183,13.293333023093515,53.21320343559643,53.13079738833579,62.0,236.0,249.0,25.892890840153008,11.755115359707931,62.2842712474619,61.730708939609045,73.0,0.16018306636155608,0.1511879049676026,0.2710748058120436,0.1228193970243476,10.660971047200512,62.0,0.969
3,3,114.0,119.0,12.856648967868304,11.58428465111707,38.48528137423857,39.16785171439355,42.0,112.0,123.0,12.574471561554546,11.600658041183367,39.55634918610404,40.18328767391864,46.0,0.017699115044247787,0.03305785123966942,0.022191503987194737,0.001412415832430306,-51.6432948436593,29.0,0.998
6,4,182.0,193.0,16.480886471408585,14.474700647148037,50.14213562373095,50.21924253087364,55.0,151.0,156.0,15.033197277514612,13.065864225384768,44.72792206135786,45.086246204332326,50.0,0.18618618618618618,0.21203438395415472,0.09187569630314506,0.10230991472279873,157.0024958050499,38.0,0.977
