aqua_label,terra_label,aqua_area,aqua_convex_area,aqua_major_axis_length,aqua_minor_axis_length,aqua_perimeter,aqua_perimeter_crofton,aqua_perimeter_boundary_pixels,terra_area,terra_convex_area,terra_major_axis_length,terra_minor_axis_length,terra_perimeter,terra_perimeter_crofton,terra_perimeter_boundary_pixels,adr_area,adr_convex_area,adr_major_axis_length,adr_minor_axis_length,rotation_estimated,minimum_shape_difference,psi_s_correlation
1,2,201.0,214.0,19.711755512999183,13.293333023093515,53.21320343559643,53.13079738833579,62.0,236.0,249.0,25.892890840153008,11.755115359707931,62.2842712474619,61.730708939609045,73.0,0.08009153318077804,0.0755939524838013,0.1355374029060218,0.0614096985121738,-13.0,67.0,0.969
3,3,114.0,119.0,12.856648967868304,11.58428465111707,38.48528137423857,39.16785171439355,42.0,112.0,123.0,12.574471561554546,11.600658041183367,39.55634918610404,40.18328767391864,46.0,0.008849557522123894,0.01652892561983471,0.011095751993597368,0.000706207916215153,43.0,20.0,0.998
6,4,182.0,193.0,16.480886471408585,14.474700647148037,50.14213562373095,50.21924253087364,55.0,151.0,156.0,15.033197277514612,13.065864225384768,44.72792206135786,45.086246204332326,50.0,0.09309309309309309,0.10601719197707736,0.04593784815157253,0.05115495736139936,0.0,33.0,0.977
