aqua_label,terra_label,aqua_area,aqua_convex_area,aqua_major_axis_length,aqua_minor_axis_length,aqua_perimeter,aqua_perimeter_crofton,aqua_perimeter_boundary_pixels,terra_area,terra_convex_area,terra_major_axis_length,terra_minor_axis_length,terra_perimeter,terra_perimeter_crofton,terra_perimeter_boundary_pixels,adr_area,adr_convex_area,adr_major_axis_length,adr_minor_axis_length,rotation_estimated,minimum_shape_difference,psi_s_correlation
1,1,465.0,513.0,31.4494822367459,19.75154377025121,87.25483399593904,85.40428689936414,106.0,608.0,647.0,39.51783575516477,20.190122290720467,102.08326112068524,99.46251734832086,122.0,0.13327120223671948,0.11551724137931034,0.11369111510369535,0.01098047637271211,10.0,144.0,0.964
5,5,1522.0,1570.0,55.162265978556135,35.726005791920684,152.81118318204307,147.5556031851298,178.0,1683.0,1819.0,62.4711682461389,35.51357812381926,168.22539674441617,162.16919400135637,194.0,0.050234009360374414,0.07347300088521688,0.062132864824993715,0.0029818768783472917,-8.0,224.0,0.976
7,7,6999.0,7331.0,115.21621262435002,78.3286401036076,337.9066376115481,323.0370977181441,398.0,6984.0,7179.0,114.83038036427848,78.22687513632754,327.66399692442883,313.32646543233125,388.0,0.001072731173567904,0.01047553411440386,0.0016771918030127507,0.0006500247987054164,-1.0,287.0,0.992
8,8,164.0,179.0,22.314792255460244,9.653519524975843,53.79898987322333,53.686157755605585,62.0,650.0,696.0,35.149746017633596,24.225891936169276,101.59797974644667,99.00244175606556,118.0,0.597051597051597,0.5908571428571429,0.2233543355238784,0.4301247212604587,45.0,407.0,0.831
