aqua_label,terra_label,aqua_area,aqua_convex_area,aqua_major_axis_length,aqua_minor_axis_length,aqua_perimeter,aqua_perimeter_crofton,aqua_perimeter_boundary_pixels,terra_area,terra_convex_area,terra_major_axis_length,terra_minor_axis_length,terra_perimeter,terra_perimeter_crofton,terra_perimeter_boundary_pixels,adr_area,adr_convex_area,adr_major_axis_length,adr_minor_axis_length,rotation_estimated,minimum_shape_difference,psi_s_correlation
1,1,465.0,513.0,31.4494822367459,19.75154377025121,87.25483399593904,85.40428689936414,106.0,608.0,647.0,39.51783575516477,20.190122290720467,102.08326112068524,99.46251734832086,122.0,0.26654240447343897,0.23103448275862068,0.2273822302073907,0.02196095274542422,-1.6892073055170318,156.0,0.964
5,5,1522.0,1570.0,55.162265978556135,35.726005791920684,152.81118318204307,147.5556031851298,178.0,1683.0,1819.0,62.4711682461389,35.51357812381926,168.22539674441617,162.16919400135637,194.0,0.10046801872074883,0.14694600177043377,0.12426572964998743,0.005963753756694583,7.476019446674112,267.0,0.976
7,7,6999.0,7331.0,115.21621262435002,78.3286401036076,337.9066376115481,323.0370977181441,398.0,6984.0,7179.0,114.83038036427848,78.22687513632754,327.66399692442883,313.32646543233125,388.0,0.002145462347135808,0.02095106822880772,0.0033543836060255013,0.0013000495974108328,1.9591276617084359,308.0,0.992
8,8,164.0,179.0,22.314792255460244,9.653519524975843,53.79898987322333,53.686157755605585,62.0,650.0,696.0,35.149746017633596,24.225891936169276,101.59797974644667,99.00244175606556,118.0,1.194103194103194,1.1817142857142857,0.4467086710477568,0.8602494425209174,0.01686857573881131,480.0,0.831
