aqua_label,terra_label,aqua_area,aqua_convex_area,aqua_major_axis_length,aqua_minor_axis_length,aqua_perimeter,aqua_perimeter_crofton,terra_area,terra_convex_area,terra_major_axis_length,terra_minor_axis_length,terra_perimeter,terra_perimeter_crofton,adr_area,adr_convex_area,adr_major_axis_length,adr_minor_axis_length,rotation_estimated,minimum_shape_difference,psi_s_correlation
1,1,356.0,370.0,24.846863946998855,18.42428995769529,69.698484809835,68.7598241640874,302.0,313.0,20.618404250746366,18.86764025660564,63.35533905932738,62.746144899134144,0.08206686930091185,0.08345534407027819,0.09300417360041426,0.011888639079892165,-16.0,80.0,0.964
2,2,1818.0,1922.0,59.974975666795174,39.63656490519229,167.29646455628165,161.2885110629444,1453.0,1498.0,54.507694170528936,34.61668118399073,151.29646455628165,146.11955987944808,0.11158667074289208,0.1239766081871345,0.047756411551504306,0.06760490598851866,0.0,365.0,0.973
7,3,821.0,872.0,40.746273515316965,27.60068261462241,116.66904755831214,113.29071000114993,527.0,550.0,29.505097279279763,23.405106433432643,87.698484809835,85.82489424552077,0.21810089020771514,0.22644163150492264,0.16001362121323617,0.08225686259332074,0.0,324.0,0.944
8,4,637.0,698.0,40.588450073225886,21.89475531500662,106.42640687119285,103.58007771533707,631.0,656.0,38.159084684509715,21.929707279748268,101.25483399593904,98.6771191849234,0.00473186119873817,0.0310192023633678,0.03085005005159895,0.000797544628552526,11.0,85.0,0.985
