aqua_label,terra_label,aqua_area,aqua_convex_area,aqua_major_axis_length,aqua_minor_axis_length,aqua_perimeter,aqua_perimeter_crofton,aqua_perimeter_boundary_pixels,terra_area,terra_convex_area,terra_major_axis_length,terra_minor_axis_length,terra_perimeter,terra_perimeter_crofton,terra_perimeter_boundary_pixels,adr_area,adr_convex_area,adr_major_axis_length,adr_minor_axis_length,rotation_estimated,minimum_shape_difference,psi_s_correlation
1,1,356.0,370.0,24.846863946998855,18.42428995769529,69.698484809835,68.7598241640874,82.0,302.0,313.0,20.618404250746366,18.86764025660564,63.35533905932738,62.746144899134144,78.0,0.1641337386018237,0.16691068814055637,0.1860083472008285,0.02377727815978433,8.403475142796529,77.0,0.964
2,2,1818.0,1922.0,59.974975666795174,39.63656490519229,167.29646455628165,161.2885110629444,196.0,1453.0,1498.0,54.507694170528936,34.61668118399073,151.29646455628165,146.11955987944808,179.0,0.22317334148578416,0.247953216374269,0.09551282310300861,0.13520981197703733,-0.28185519129851533,356.0,0.973
7,3,821.0,872.0,40.746273515316965,27.60068261462241,116.66904755831214,113.29071000114993,136.0,527.0,550.0,29.505097279279763,23.405106433432643,87.698484809835,85.82489424552077,100.0,0.4362017804154303,0.45288326300984527,0.32002724242647235,0.16451372518664148,138.30553966221962,330.0,0.944
8,4,637.0,698.0,40.588450073225886,21.89475531500662,106.42640687119285,103.58007771533707,124.0,631.0,656.0,38.159084684509715,21.929707279748268,101.25483399593904,98.6771191849234,120.0,0.00946372239747634,0.0620384047267356,0.0617001001031979,0.001595089257105052,-10.901094117798365,134.0,0.985
