aqua_label,terra_label,aqua_area,aqua_convex_area,aqua_major_axis_length,aqua_minor_axis_length,aqua_perimeter,aqua_perimeter_crofton,terra_area,terra_convex_area,terra_major_axis_length,terra_minor_axis_length,terra_perimeter,terra_perimeter_crofton,adr_area,adr_convex_area,adr_major_axis_length,adr_minor_axis_length,rotation_estimated,minimum_shape_difference,psi_s_correlation
2,6,148.0,154.0,14.113479777573147,13.448369023816916,43.21320343559643,43.65020289865059,193.0,205.0,17.90888635669622,13.956709363365626,51.45584412271572,51.4647162865264,0.13196480938416422,0.14206128133704735,0.11852361450147011,0.018549129193020746,45.0,30.0,0.972
3,8,65.0,68.0,10.070133553550583,8.307021812724859,28.14213562373095,29.361934653566202,80.0,83.0,11.370668398863236,9.157395926959422,31.31370849898476,32.36877428604284,0.10344827586206896,0.09933774834437085,0.06065700565674212,0.04869181022292339,31.0,8.0,0.961
7,12,40.0,46.0,12.79950025405974,4.184828938717168,27.14213562373095,28.806574286296414,41.0,48.0,14.20751130334292,4.004494242950749,29.14213562373095,30.702693184233446,0.012345679012345678,0.02127659574468085,0.05213501857806412,0.02202070815450357,-45.0,39.0,0.913
