aqua_label,terra_label,aqua_area,aqua_convex_area,aqua_major_axis_length,aqua_minor_axis_length,aqua_perimeter,aqua_perimeter_crofton,aqua_perimeter_boundary_pixels,terra_area,terra_convex_area,terra_major_axis_length,terra_minor_axis_length,terra_perimeter,terra_perimeter_crofton,terra_perimeter_boundary_pixels,adr_area,adr_convex_area,adr_major_axis_length,adr_minor_axis_length,rotation_estimated,minimum_shape_difference,psi_s_correlation
2,6,148.0,154.0,14.113479777573147,13.448369023816916,43.21320343559643,43.65020289865059,52.0,193.0,205.0,17.90888635669622,13.956709363365626,51.45584412271572,51.4647162865264,62.0,0.26392961876832843,0.2841225626740947,0.23704722900294023,0.03709825838604149,-34.54514068316784,55.0,0.972
3,8,65.0,68.0,10.070133553550583,8.307021812724859,28.14213562373095,29.361934653566202,33.0,80.0,83.0,11.370668398863236,9.157395926959422,31.31370849898476,32.36877428604284,36.0,0.20689655172413793,0.1986754966887417,0.12131401131348424,0.09738362044584678,-25.61005999667365,20.0,0.961
7,12,40.0,46.0,12.79950025405974,4.184828938717168,27.14213562373095,28.806574286296414,33.0,41.0,48.0,14.20751130334292,4.004494242950749,29.14213562373095,30.702693184233446,34.0,0.024691358024691357,0.0425531914893617,0.10427003715612825,0.04404141630900714,-98.64322208416111,47.0,0.913
