aqua_label,terra_label,aqua_area,aqua_convex_area,aqua_major_axis_length,aqua_minor_axis_length,aqua_perimeter,aqua_perimeter_crofton,aqua_perimeter_boundary_pixels,terra_area,terra_convex_area,terra_major_axis_length,terra_minor_axis_length,terra_perimeter,terra_perimeter_crofton,terra_perimeter_boundary_pixels,adr_area,adr_convex_area,adr_major_axis_length,adr_minor_axis_length,rotation_estimated,minimum_shape_difference,psi_s_correlation
2,4,357.0,368.0,29.655500960972176,15.373219142114388,72.87005768508881,71.76666379656403,84.0,390.0,421.0,35.39196843320771,14.476884829080237,83.94112549695427,82.26269424577436,98.0,0.04417670682730924,0.06717363751584284,0.0881889414863048,0.030027845594746146,3.0,75.0,0.97
1,6,414.0,432.0,27.768418670060303,19.82402664818872,78.76955262170047,77.35973571536067,94.0,332.0,354.0,25.076403720243054,17.21713525902625,70.2842712474619,69.3151845313572,81.0,0.10991957104557641,0.09923664122137404,0.05094188660403587,0.0703782293787791,-18.0,132.0,0.976
3,10,107.0,114.0,16.02463851066266,8.579532342963198,39.21320343559643,39.857965102776504,47.0,123.0,129.0,14.345932793858392,10.990992645197187,39.55634918610404,40.18328767391864,46.0,0.06956521739130435,0.06172839506172839,0.055274090828655885,0.12321898894857722,18.0,26.0,0.988
8,11,425.0,450.0,35.296494901480074,15.411498333639877,86.42640687119285,84.61888873596668,104.0,422.0,434.0,32.8465057048055,16.5337753533385,81.59797974644665,80.04125277669516,98.0,0.0035419126328217238,0.01809954751131222,0.035953644172936276,0.03513123821368566,3.0,60.0,0.986
