aqua_label,terra_label,aqua_area,aqua_convex_area,aqua_major_axis_length,aqua_minor_axis_length,aqua_perimeter,aqua_perimeter_crofton,aqua_perimeter_boundary_pixels,terra_area,terra_convex_area,terra_major_axis_length,terra_minor_axis_length,terra_perimeter,terra_perimeter_crofton,terra_perimeter_boundary_pixels,adr_area,adr_convex_area,adr_major_axis_length,adr_minor_axis_length,rotation_estimated,minimum_shape_difference,psi_s_correlation
2,4,357.0,368.0,29.655500960972176,15.373219142114388,72.87005768508881,71.76666379656403,84.0,390.0,421.0,35.39196843320771,14.476884829080237,83.94112549695427,82.26269424577436,98.0,0.08835341365461848,0.13434727503168567,0.1763778829726096,0.06005569118949229,-2.7904400606221147,84.0,0.97
1,6,414.0,432.0,27.768418670060303,19.82402664818872,78.76955262170047,77.35973571536067,94.0,332.0,354.0,25.076403720243054,17.21713525902625,70.2842712474619,69.3151845313572,81.0,0.21983914209115282,0.1984732824427481,0.10188377320807174,0.1407564587575582,44.54802658949668,126.0,0.976
3,10,107.0,114.0,16.02463851066266,8.579532342963198,39.21320343559643,39.857965102776504,47.0,123.0,129.0,14.345932793858392,10.990992645197187,39.55634918610404,40.18328767391864,46.0,0.1391304347826087,0.12345679012345678,0.11054818165731177,0.24643797789715444,-9.148148074684908,31.0,0.988
8,11,425.0,450.0,35.296494901480074,15.411498333639877,86.42640687119285,84.61888873596668,104.0,422.0,434.0,32.8465057048055,16.5337753533385,81.59797974644665,80.04125277669516,98.0,0.0070838252656434475,0.03619909502262444,0.07190728834587255,0.07026247642737132,-6.084007681805423,77.0,0.986
