aqua_label,terra_label,aqua_area,aqua_convex_area,aqua_major_axis_length,aqua_minor_axis_length,aqua_perimeter,aqua_perimeter_crofton,terra_area,terra_convex_area,terra_major_axis_length,terra_minor_axis_length,terra_perimeter,terra_perimeter_crofton,adr_area,adr_convex_area,adr_major_axis_length,adr_minor_axis_length,rotation_estimated,minimum_shape_difference,psi_s_correlation
103,3,162.0,167.0,16.256685514615285,12.758720656467279,45.45584412271571,45.77635959271528,160.0,169.0,16.778004730927936,12.218318511520305,47.21320343559643,47.44244069452466,0.006211180124223602,0.005952380952380952,0.01578096275272276,0.021635956980825537,11.0,21.0,0.978
107,4,143.0,146.0,15.34991203325447,11.889894398416377,42.14213562373095,42.63476693912549,143.0,153.0,15.557280321565193,11.850565083731727,43.79898987322333,44.20556326592038,0.0,0.023411371237458192,0.006709386149673558,0.0016566366255136885,43.0,21.0,0.999
112,7,86.0,92.0,12.33227768824688,8.891957099536066,32.97056274847714,33.93957061283773,102.0,106.0,13.519375877469878,9.660879303517575,35.798989873223334,36.62108767417222,0.0851063829787234,0.0707070707070707,0.04591962313765771,0.04144499456993815,8.0,11.0,0.983
