aqua_label,terra_label,aqua_area,aqua_convex_area,aqua_major_axis_length,aqua_minor_axis_length,aqua_perimeter,aqua_perimeter_crofton,aqua_perimeter_boundary_pixels,terra_area,terra_convex_area,terra_major_axis_length,terra_minor_axis_length,terra_perimeter,terra_perimeter_crofton,terra_perimeter_boundary_pixels,adr_area,adr_convex_area,adr_major_axis_length,adr_minor_axis_length,rotation_estimated,minimum_shape_difference,psi_s_correlation
103,3,162.0,167.0,16.256685514615285,12.758720656467279,45.45584412271571,45.77635959271528,55.0,160.0,169.0,16.778004730927936,12.218318511520305,47.21320343559643,47.44244069452466,55.0,0.012422360248447204,0.011904761904761904,0.03156192550544552,0.04327191396165107,-5.713813905114849,25.0,0.978
107,4,143.0,146.0,15.34991203325447,11.889894398416377,42.14213562373095,42.63476693912549,48.0,143.0,153.0,15.557280321565193,11.850565083731727,43.79898987322333,44.20556326592038,52.0,0.0,0.046822742474916385,0.013418772299347115,0.003313273251027377,107.42586801691927,47.0,0.999
112,7,86.0,92.0,12.33227768824688,8.891957099536066,32.97056274847714,33.93957061283773,39.0,102.0,106.0,13.519375877469878,9.660879303517575,35.798989873223334,36.62108767417222,44.0,0.1702127659574468,0.1414141414141414,0.09183924627531542,0.0828899891398763,-11.460383309012617,22.0,0.983
