aqua_label,terra_label,aqua_area,aqua_convex_area,aqua_major_axis_length,aqua_minor_axis_length,aqua_perimeter,aqua_perimeter_crofton,terra_area,terra_convex_area,terra_major_axis_length,terra_minor_axis_length,terra_perimeter,terra_perimeter_crofton,adr_area,adr_convex_area,adr_major_axis_length,adr_minor_axis_length,rotation_estimated,minimum_shape_difference,psi_s_correlation
2,3,129.0,134.0,14.348419064595403,11.612679138521546,40.72792206135786,41.29400840845824,181.0,191.0,15.789117366554647,15.000046091536795,50.14213562373095,50.21924253087364,0.16774193548387098,0.1753846153846154,0.047804116479479186,0.1272837307616024,-31.0,36.0,0.849
3,4,83.0,89.0,11.85879506362784,9.043763059325503,32.97056274847714,33.93957061283773,87.0,104.0,12.518881731011222,9.861239388194395,37.55634918610404,38.28716877598161,0.023529411764705882,0.07772020725388601,0.027077505085658652,0.043241270723883715,-21.0,18.0,0.948
