aqua_label,terra_label,aqua_area,aqua_convex_area,aqua_major_axis_length,aqua_minor_axis_length,aqua_perimeter,aqua_perimeter_crofton,aqua_perimeter_boundary_pixels,terra_area,terra_convex_area,terra_major_axis_length,terra_minor_axis_length,terra_perimeter,terra_perimeter_crofton,terra_perimeter_boundary_pixels,adr_area,adr_convex_area,adr_major_axis_length,adr_minor_axis_length,rotation_estimated,minimum_shape_difference,psi_s_correlation
2,3,129.0,134.0,14.348419064595403,11.612679138521546,40.72792206135786,41.29400840845824,46.0,181.0,191.0,15.789117366554647,15.000046091536795,50.14213562373095,50.21924253087364,56.0,0.33548387096774196,0.3507692307692308,0.09560823295895837,0.2545674615232048,12.744972858591783,53.0,0.849
3,4,83.0,89.0,11.85879506362784,9.043763059325503,32.97056274847714,33.93957061283773,39.0,87.0,104.0,12.518881731011222,9.861239388194395,37.55634918610404,38.28716877598161,44.0,0.047058823529411764,0.15544041450777202,0.054155010171317304,0.08648254144776743,37.56187838691306,27.0,0.948
