aqua_label,terra_label,aqua_area,aqua_convex_area,aqua_major_axis_length,aqua_minor_axis_length,aqua_perimeter,aqua_perimeter_crofton,terra_area,terra_convex_area,terra_major_axis_length,terra_minor_axis_length,terra_perimeter,terra_perimeter_crofton,adr_area,adr_convex_area,adr_major_axis_length,adr_minor_axis_length,rotation_estimated,minimum_shape_difference,psi_s_correlation
1,1,188.0,224.0,25.81304488420357,11.224789685543316,62.76955262170047,62.19078453186436,207.0,242.0,26.10324625216917,11.700019646035944,64.18376618407356,63.5315430625316,0.04810126582278481,0.03862660944206009,0.005589793908877375,0.020729941681041246,3.0,31.0,0.991
2,2,985.0,1205.0,58.810482442857044,24.34264146861637,155.4386001800126,150.0465506964353,873.0,1088.0,56.75044118437265,22.389244881751477,150.95331880577402,145.79423730830592,0.060279870828848225,0.0510248582642826,0.01782645200318378,0.041800079975789765,-1.0,168.0,0.994
3,4,519.0,593.0,45.980411787061726,15.885404604248901,107.01219330881975,104.13543808260688,508.0,556.0,43.18309889364137,15.877922777205853,102.18376618407356,99.55780212333534,0.010710808179162609,0.03220191470844212,0.03137284380196296,0.00023554922169193116,3.0,66.0,0.989
4,5,169.0,184.0,23.397830098295618,9.263980451921903,54.384776310850235,54.241518122875384,143.0,154.0,19.25676557045254,9.697583956266136,46.970562748477136,47.21240289839701,0.08333333333333333,0.08875739644970414,0.09708366620099323,0.022867496320978332,-3.0,40.0,0.952
5,6,250.0,272.0,22.76984820007825,14.535568408060046,61.698484809834994,61.175348572339246,202.0,216.0,22.336002078973817,11.737981071675298,56.87005768508881,56.59771261306772,0.10619469026548672,0.11475409836065574,0.009618400239002248,0.10647923070091891,0.0,60.0,0.983
6,10,179.0,196.0,24.898826723994606,9.64525370074128,57.21320343559643,56.92303518420987,160.0,188.0,23.237933171412458,9.559731268240153,56.04163056034261,55.812314449670275,0.05604719764011799,0.020833333333333332,0.03450364245933847,0.004453137174502212,-8.0,38.0,0.99
7,12,114.0,125.0,16.775203372202792,8.825018314479966,42.62741699796952,43.09484253138079,64.0,67.0,9.785810164335293,8.436552579554759,27.899494936611667,29.13189685743856,0.2808988764044944,0.3020833333333333,0.2631448230788592,0.02250465715489738,0.0,54.0,0.915
