aqua_label,terra_label,aqua_area,aqua_convex_area,aqua_major_axis_length,aqua_minor_axis_length,aqua_perimeter,aqua_perimeter_crofton,aqua_perimeter_boundary_pixels,terra_area,terra_convex_area,terra_major_axis_length,terra_minor_axis_length,terra_perimeter,terra_perimeter_crofton,terra_perimeter_boundary_pixels,adr_area,adr_convex_area,adr_major_axis_length,adr_minor_axis_length,rotation_estimated,minimum_shape_difference,psi_s_correlation
1,1,181.0,192.0,18.98975948490583,12.478666103357096,50.62741699796952,50.679318123128944,60.0,329.0,350.0,23.863778678344936,17.920744419785883,68.8700576850888,67.97442600068997,79.0,0.5803921568627451,0.5830258302583026,0.22747336170336777,0.35803841079653503,33.205470135277544,145.0,0.913
4,5,69.0,76.0,14.675270142488404,6.234480762884316,33.55634918610404,34.49493098010753,39.0,67.0,75.0,16.477570684557165,5.293062226196454,34.62741699796952,35.51036693963263,44.0,0.029411764705882353,0.013245033112582781,0.11570697851119117,0.16333377157293644,-6.827226901267457,18.0,0.981
