aqua_label,terra_label,aqua_area,aqua_convex_area,aqua_major_axis_length,aqua_minor_axis_length,aqua_perimeter,aqua_perimeter_crofton,terra_area,terra_convex_area,terra_major_axis_length,terra_minor_axis_length,terra_perimeter,terra_perimeter_crofton,adr_area,adr_convex_area,adr_major_axis_length,adr_minor_axis_length,rotation_estimated,minimum_shape_difference,psi_s_correlation
1,1,181.0,192.0,18.98975948490583,12.478666103357096,50.62741699796952,50.679318123128944,329.0,350.0,23.863778678344936,17.920744419785883,68.8700576850888,67.97442600068997,0.2901960784313726,0.2915129151291513,0.11373668085168388,0.17901920539826752,-41.0,117.0,0.913
4,5,69.0,76.0,14.675270142488404,6.234480762884316,33.55634918610404,34.49493098010753,67.0,75.0,16.477570684557165,5.293062226196454,34.62741699796952,35.51036693963263,0.014705882352941176,0.006622516556291391,0.05785348925559559,0.08166688578646822,8.0,20.0,0.981
