aqua_label,terra_label,aqua_area,aqua_convex_area,aqua_major_axis_length,aqua_minor_axis_length,aqua_perimeter,aqua_perimeter_crofton,aqua_perimeter_boundary_pixels,terra_area,terra_convex_area,terra_major_axis_length,terra_minor_axis_length,terra_perimeter,terra_perimeter_crofton,terra_perimeter_boundary_pixels,adr_area,adr_convex_area,adr_major_axis_length,adr_minor_axis_length,rotation_estimated,minimum_shape_difference,psi_s_correlation
10,1,161.0,175.0,20.017898406355695,10.820342696754263,51.45584412271572,51.464716286526404,61.0,131.0,142.0,16.30260120065123,10.39890397504296,43.21320343559643,43.65020289865059,52.0,0.10273972602739725,0.10410094637223975,0.10229201816892713,0.0198611538020076,0.0,36.0,0.961
14,4,396.0,414.0,30.107068586013682,17.0123678633028,78.08326112068524,76.70909057307638,97.0,417.0,439.0,32.56925855740262,16.606377692621965,82.18376618407356,80.59661314396496,98.0,0.025830258302583026,0.029308323563892145,0.039284209582909055,0.012076303382750246,1.0,56.0,0.969
16,6,220.0,233.0,24.358189821453994,11.70483732143205,60.384776310850235,59.92987481668649,68.0,207.0,215.0,25.36468681494316,10.502767625005625,58.142135623730944,57.803718122621795,64.0,0.03044496487119438,0.04017857142857143,0.020242131219584528,0.05412874100226867,0.0,43.0,0.991
17,7,134.0,145.0,16.84838361256702,10.317745515250627,43.7634559672906,45.31628400045998,52.0,142.0,150.0,19.072945900421043,9.629465351706466,46.8700576850888,47.117118123382525,58.0,0.028985507246376812,0.01694915254237288,0.06192872919833575,0.0345050828476631,23.0,13.0,0.999
19,9,388.0,414.0,31.364959717945194,16.8935907864738,82.2842712474619,80.69189791897945,94.0,390.0,423.0,32.00320239850975,16.459220423921312,83.11269837220809,81.4772960823769,95.0,0.002570694087403599,0.010752688172043012,0.010071977145109942,0.013023500772166036,0.0,38.0,0.999
20,10,109.0,117.0,12.90280065724353,10.953898741711766,38.14213562373095,38.8425291432514,44.0,79.0,83.0,12.113746868303593,8.382325799515476,31.899494936611664,32.924134653312635,36.0,0.1595744680851064,0.17,0.03154127435586975,0.13299250516632016,0.0,36.0,0.973
