aqua_label,terra_label,aqua_area,aqua_convex_area,aqua_major_axis_length,aqua_minor_axis_length,aqua_perimeter,aqua_perimeter_crofton,aqua_perimeter_boundary_pixels,terra_area,terra_convex_area,terra_major_axis_length,terra_minor_axis_length,terra_perimeter,terra_perimeter_crofton,terra_perimeter_boundary_pixels,adr_area,adr_convex_area,adr_major_axis_length,adr_minor_axis_length,rotation_estimated,minimum_shape_difference,psi_s_correlation
1,1,552.0,585.0,38.5088390781166,19.48957868926364,99.35533905932738,96.87628506200086,114.0,653.0,686.0,41.07448107486758,21.245481825028595,107.35533905932738,104.460760653749,122.0,0.16763485477178422,0.15892997639653816,0.06447687761251994,0.08621090105654218,6.748064112803062,141.0,0.98
2,4,1706.0,1754.0,57.299483430111565,38.24308618310534,159.88225099390854,154.25939583846602,188.0,1533.0,1582.0,55.922157141281374,35.309691786571534,154.61017305526642,149.26115253303786,188.0,0.10682309354739117,0.10311750599520383,0.024329735585516522,0.07976298047486767,-8.309615161377174,193.0,0.985
