aqua_label,terra_label,aqua_area,aqua_convex_area,aqua_major_axis_length,aqua_minor_axis_length,aqua_perimeter,aqua_perimeter_crofton,terra_area,terra_convex_area,terra_major_axis_length,terra_minor_axis_length,terra_perimeter,terra_perimeter_crofton,adr_area,adr_convex_area,adr_major_axis_length,adr_minor_axis_length,rotation_estimated,minimum_shape_difference,psi_s_correlation
28,2,198.0,211.0,17.31765428169082,14.959977319403201,52.38477631085023,52.34539922493835,198.0,216.0,18.415086114905876,13.999176436390128,53.798989873223334,53.68615775560558,0.0,0.0117096018735363,0.030712221369945013,0.03317779556389362,-3.0,33.0,0.999
31,5,1697.0,1755.0,53.4674686955798,40.74705381985387,158.71067811865476,153.14867510392645,1571.0,1635.0,51.67711768455879,39.18566462162612,153.88225099390854,148.5710391446549,0.038555691554467565,0.035398230088495575,0.017027514897896827,0.01953379327854174,0.0,132.0,0.993
32,7,107.0,112.0,15.883225592086688,8.629616693634047,38.384776310850235,39.07256693937906,118.0,126.0,14.659291282188233,10.450181791321647,40.04163056034261,40.64336326617395,0.04888888888888889,0.058823529411764705,0.04007313198636028,0.09541846572033268,12.0,24.0,0.999
34,9,81.0,87.0,10.952296447322597,9.557801884489223,32.384776310850235,33.38421024556794,114.0,123.0,12.955587738512573,11.246589345042551,38.384776310850235,39.07256693937905,0.16923076923076924,0.17142857142857143,0.0837920777772914,0.08117456751900048,27.0,25.0,0.955
35,10,553.0,577.0,29.785019986869045,23.911010510661338,89.01219330881975,87.07036800117352,902.0,953.0,46.59227012268915,25.23140014534009,121.7401153701776,118.09838375654911,0.23986254295532647,0.2457516339869281,0.22005559652235906,0.02686863784362399,-45.0,225.0,0.936
