aqua_label,terra_label,aqua_area,aqua_convex_area,aqua_major_axis_length,aqua_minor_axis_length,aqua_perimeter,aqua_perimeter_crofton,aqua_perimeter_boundary_pixels,terra_area,terra_convex_area,terra_major_axis_length,terra_minor_axis_length,terra_perimeter,terra_perimeter_crofton,terra_perimeter_boundary_pixels,adr_area,adr_convex_area,adr_major_axis_length,adr_minor_axis_length,rotation_estimated,minimum_shape_difference,psi_s_correlation
28,2,198.0,211.0,17.31765428169082,14.959977319403201,52.38477631085023,52.34539922493835,60.0,198.0,216.0,18.415086114905876,13.999176436390128,53.798989873223334,53.68615775560558,61.0,0.0,0.0234192037470726,0.06142444273989003,0.06635559112778724,28.223589311788135,30.0,0.999
31,5,1697.0,1755.0,53.4674686955798,40.74705381985387,158.71067811865476,153.14867510392645,187.0,1571.0,1635.0,51.67711768455879,39.18566462162612,153.88225099390854,148.5710391446549,182.0,0.07711138310893513,0.07079646017699115,0.034055029795793654,0.03906758655708348,1.1499672657554558,133.0,0.993
32,7,107.0,112.0,15.883225592086688,8.629616693634047,38.384776310850235,39.07256693937906,46.0,118.0,126.0,14.659291282188233,10.450181791321647,40.04163056034261,40.64336326617395,50.0,0.09777777777777778,0.11764705882352941,0.08014626397272057,0.19083693144066535,-11.311199350310423,38.0,0.999
34,9,81.0,87.0,10.952296447322597,9.557801884489223,32.384776310850235,33.38421024556794,39.0,114.0,123.0,12.955587738512573,11.246589345042551,38.384776310850235,39.07256693937905,46.0,0.3384615384615385,0.34285714285714286,0.1675841555545828,0.16234913503800097,-53.88124807925403,38.0,0.955
35,10,553.0,577.0,29.785019986869045,23.911010510661338,89.01219330881975,87.07036800117352,105.0,902.0,953.0,46.59227012268915,25.23140014534009,121.7401153701776,118.09838375654911,144.0,0.47972508591065294,0.4915032679738562,0.44011119304471813,0.05373727568724798,-162.28157555307473,395.0,0.936
