aqua_label,terra_label,aqua_area,aqua_convex_area,aqua_major_axis_length,aqua_minor_axis_length,aqua_perimeter,aqua_perimeter_crofton,aqua_perimeter_boundary_pixels,terra_area,terra_convex_area,terra_major_axis_length,terra_minor_axis_length,terra_perimeter,terra_perimeter_crofton,terra_perimeter_boundary_pixels,adr_area,adr_convex_area,adr_major_axis_length,adr_minor_axis_length,rotation_estimated,minimum_shape_difference,psi_s_correlation
8,3,155.0,162.0,15.555638075343827,12.715462136578008,44.384776310850235,44.76092363319018,52.0,130.0,135.0,13.471387583399132,12.37954270256318,40.14213562373095,40.73864804118845,46.0,0.17543859649122806,0.18181818181818182,0.14360758256448627,0.026771816635865937,5.622219504102932,32.0,0.976
9,2,682.0,701.0,45.10218856222296,19.391891086233034,109.01219330881975,106.03155698054391,126.0,647.0,673.0,42.66666880803579,19.460076053050198,105.01219330881975,102.23931918466982,121.0,0.0526711813393529,0.040756914119359534,0.05549849518748488,0.003509987876429652,-2.301680392342372,70.0,0.987
10,4,147.0,157.0,16.606859960295797,11.336308579212599,44.62741699796952,44.990961429317835,53.0,113.0,120.0,15.407307554235784,9.418047058723477,39.21320343559643,39.857965102776504,48.0,0.26153846153846155,0.26714801444043323,0.07493884734097946,0.18485387394854177,8.687061911079756,39.0,0.974
11,5,904.0,933.0,39.95030001406212,28.983536404217954,113.49747468305833,110.28387036867329,134.0,763.0,790.0,34.801719017935056,28.307918504467462,103.84062043356595,101.12859845013026,122.0,0.16916616676664667,0.16598955310504934,0.13775095476480026,0.023585293856730728,54.39965711055713,256.0,0.981
17,7,1780.0,1852.0,51.64760188169314,44.718135253799524,161.5391052434009,155.83019216526088,192.0,2091.0,2163.0,60.53207396241061,44.94258589145053,177.4386001800126,170.90385857374278,212.0,0.16068199431671404,0.15491905354919053,0.15839717870221393,0.005006665901948166,-64.46432373630076,595.0,0.978
