aqua_label,terra_label,aqua_area,aqua_convex_area,aqua_major_axis_length,aqua_minor_axis_length,aqua_perimeter,aqua_perimeter_crofton,terra_area,terra_convex_area,terra_major_axis_length,terra_minor_axis_length,terra_perimeter,terra_perimeter_crofton,adr_area,adr_convex_area,adr_major_axis_length,adr_minor_axis_length,rotation_estimated,minimum_shape_difference,psi_s_correlation
8,3,155.0,162.0,15.555638075343827,12.715462136578008,44.384776310850235,44.76092363319018,130.0,135.0,13.471387583399132,12.37954270256318,40.14213562373095,40.73864804118845,0.08771929824561403,0.09090909090909091,0.07180379128224314,0.013385908317932968,0.0,35.0,0.976
9,2,682.0,701.0,45.10218856222296,19.391891086233034,109.01219330881975,106.03155698054391,647.0,673.0,42.66666880803579,19.460076053050198,105.01219330881975,102.23931918466982,0.02633559066967645,0.020378457059679767,0.02774924759374244,0.001754993938214826,1.0,73.0,0.987
10,4,147.0,157.0,16.606859960295797,11.336308579212599,44.62741699796952,44.990961429317835,113.0,120.0,15.407307554235784,9.418047058723477,39.21320343559643,39.857965102776504,0.13076923076923078,0.13357400722021662,0.03746942367048973,0.09242693697427089,0.0,36.0,0.974
11,5,904.0,933.0,39.95030001406212,28.983536404217954,113.49747468305833,110.28387036867329,763.0,790.0,34.801719017935056,28.307918504467462,103.84062043356595,101.12859845013026,0.08458308338332333,0.08299477655252467,0.06887547738240013,0.011792646928365364,-45.0,224.0,0.981
17,7,1780.0,1852.0,51.64760188169314,44.718135253799524,161.5391052434009,155.83019216526088,2091.0,2163.0,60.53207396241061,44.94258589145053,177.4386001800126,170.90385857374278,0.08034099715835702,0.07745952677459526,0.07919858935110696,0.002503332950974083,44.0,331.0,0.978
