aqua_label,terra_label,aqua_area,aqua_convex_area,aqua_major_axis_length,aqua_minor_axis_length,aqua_perimeter,aqua_perimeter_crofton,aqua_perimeter_boundary_pixels,terra_area,terra_convex_area,terra_major_axis_length,terra_minor_axis_length,terra_perimeter,terra_perimeter_crofton,terra_perimeter_boundary_pixels,adr_area,adr_convex_area,adr_major_axis_length,adr_minor_axis_length,rotation_estimated,minimum_shape_difference,psi_s_correlation
1,1,868.0,911.0,44.31618765064787,25.73723221327857,120.5685424949238,116.98766302200953,144.0,927.0,965.0,43.53378236710114,27.81371415656399,120.66904755831214,117.082947797024,140.0,0.06573816155988858,0.057569296375266525,0.017812306216807006,0.07755164321259496,17.514475834640525,251.0,0.99
2,2,650.0,742.0,58.81564512890856,15.247846891146855,131.01219330881975,126.88886485785137,148.0,576.0,637.0,54.20296642486446,14.344189841572277,121.49747468305833,117.86834596042144,142.0,0.12071778140293637,0.15228426395939088,0.08162688676898916,0.06107433954185577,8.948518651578084,197.0,0.97
4,3,399.0,415.0,24.37224452695867,20.9806961889479,74.04163056034261,72.87738453110363,84.0,443.0,459.0,26.64935636982913,21.31512393523075,79.04163056034261,78.01038085764495,89.0,0.10451306413301663,0.10068649885583524,0.08926069754168843,0.015813749221600962,-4.2317056330994465,49.0,0.986
3,4,77.0,82.0,12.404156779978651,8.330190931171934,32.72792206135786,33.70953281671008,37.0,130.0,139.0,19.153747940716563,9.373598776600131,47.55634918610404,47.76776326566681,54.0,0.5120772946859904,0.5158371040723982,0.42775914437130735,0.1178739538427905,-13.62720889785529,57.0,0.886
5,5,1880.0,2106.0,90.92120136141712,27.56067663776356,206.71067811865476,198.65552865441538,236.0,1557.0,1797.0,81.12717429553118,26.17808466881606,190.29646455628165,183.4865774709191,219.0,0.18795461157986615,0.15833973866256726,0.11385201433595056,0.051456041610628674,-0.2721350957227145,349.0,0.976
