aqua_label,terra_label,aqua_area,aqua_convex_area,aqua_major_axis_length,aqua_minor_axis_length,aqua_perimeter,aqua_perimeter_crofton,aqua_perimeter_boundary_pixels,terra_area,terra_convex_area,terra_major_axis_length,terra_minor_axis_length,terra_perimeter,terra_perimeter_crofton,terra_perimeter_boundary_pixels,adr_area,adr_convex_area,adr_major_axis_length,adr_minor_axis_length,rotation_estimated,minimum_shape_difference,psi_s_correlation
1,1,868.0,911.0,44.31618765064787,25.73723221327857,120.5685424949238,116.98766302200953,144.0,927.0,965.0,43.53378236710114,27.81371415656399,120.66904755831214,117.082947797024,140.0,0.03286908077994429,0.028784648187633263,0.008906153108403503,0.03877582160629748,-12.0,170.0,0.99
2,2,650.0,742.0,58.81564512890856,15.247846891146855,131.01219330881975,126.88886485785137,148.0,576.0,637.0,54.20296642486446,14.344189841572277,121.49747468305833,117.86834596042144,142.0,0.06035889070146819,0.07614213197969544,0.04081344338449458,0.030537169770927883,-6.0,126.0,0.97
4,3,399.0,415.0,24.37224452695867,20.9806961889479,74.04163056034261,72.87738453110363,84.0,443.0,459.0,26.64935636982913,21.31512393523075,79.04163056034261,78.01038085764495,89.0,0.052256532066508314,0.05034324942791762,0.044630348770844215,0.007906874610800481,24.0,36.0,0.986
3,4,77.0,82.0,12.404156779978651,8.330190931171934,32.72792206135786,33.70953281671008,37.0,130.0,139.0,19.153747940716563,9.373598776600131,47.55634918610404,47.76776326566681,54.0,0.2560386473429952,0.2579185520361991,0.21387957218565368,0.05893697692139525,-7.0,38.0,0.886
5,5,1880.0,2106.0,90.92120136141712,27.56067663776356,206.71067811865476,198.65552865441538,236.0,1557.0,1797.0,81.12717429553118,26.17808466881606,190.29646455628165,183.4865774709191,219.0,0.09397730578993307,0.07916986933128363,0.05692600716797528,0.025728020805314337,-2.0,354.0,0.976
