aqua_label,terra_label,aqua_area,aqua_convex_area,aqua_major_axis_length,aqua_minor_axis_length,aqua_perimeter,aqua_perimeter_crofton,aqua_perimeter_boundary_pixels,terra_area,terra_convex_area,terra_major_axis_length,terra_minor_axis_length,terra_perimeter,terra_perimeter_crofton,terra_perimeter_boundary_pixels,adr_area,adr_convex_area,adr_major_axis_length,adr_minor_axis_length,rotation_estimated,minimum_shape_difference,psi_s_correlation
1,1,3399.0,3519.0,71.67439610924656,61.31366766704365,226.20815280171308,217.14029375871337,276.0,3543.0,3669.0,71.06626917451392,64.77226194779794,232.10764773832472,225.6449205349721,288.0,0.020743301642178046,0.020868113522537562,0.0042603621996837125,0.02743045390805588,4.0,353.0,0.995
5,3,614.0,640.0,31.08252220720356,26.01668687917469,94.91168824543142,92.66343991997014,116.0,538.0,559.0,29.44933428718253,23.91721055609493,88.18376618407356,86.28496983777607,104.0,0.06597222222222222,0.06755629691409508,0.02698063490209484,0.04204511225668607,10.0,111.0,0.994
6,5,625.0,641.0,30.251498066043442,27.305919442497622,94.2842712474619,92.0686113066017,106.0,643.0,665.0,30.47305314769254,27.85091702541163,96.5269119345812,94.19476800066637,110.0,0.014195583596214511,0.018376722817764167,0.00364852563289065,0.009880870945727495,-2.0,28.0,0.995
8,6,420.0,440.0,29.77821172285218,18.507025387002546,79.79898987322333,78.3357034287871,88.0,482.0,490.0,33.56403522935794,18.55529989178164,83.79898987322332,82.12794122466117,92.0,0.06873614190687362,0.053763440860215055,0.05976774883533977,0.001302522289574969,6.0,66.0,0.987
9,7,362.0,378.0,23.655983522165183,19.931969984218846,72.08326112068522,71.02073387926528,91.0,427.0,442.0,25.31185800374364,21.685887856340383,75.59797974644667,74.35289608288403,92.0,0.08238276299112801,0.07804878048780488,0.033815549756309696,0.042143396203642026,-12.0,72.0,0.979
12,9,328.0,339.0,21.40405969728292,19.90251569310205,66.2842712474619,65.52294673548313,78.0,370.0,383.0,22.989936200126433,20.640954755226876,70.2842712474619,69.3151845313572,82.0,0.06017191977077364,0.060941828254847646,0.03572276995538617,0.01821351388914616,39.0,44.0,0.984
13,10,524.0,544.0,32.61341838637075,20.56200747636193,87.49747468305833,85.63432469549178,108.0,551.0,568.0,30.777976227744233,23.195859279578183,87.84062043356593,85.95964726663392,106.0,0.025116279069767444,0.02158273381294964,0.028954121766834158,0.060191503802198225,39.0,81.0,0.993
