aqua_label,terra_label,aqua_area,aqua_convex_area,aqua_major_axis_length,aqua_minor_axis_length,aqua_perimeter,aqua_perimeter_crofton,terra_area,terra_convex_area,terra_major_axis_length,terra_minor_axis_length,terra_perimeter,terra_perimeter_crofton,adr_area,adr_convex_area,adr_major_axis_length,adr_minor_axis_length,rotation_estimated,minimum_shape_difference,psi_s_correlation
1,1,401.0,423.0,31.530682534446573,16.590070919108108,79.84062043356595,78.37517167488578,524.0,552.0,33.28869626161506,21.16380490449327,92.66904755831213,90.53728322590545,0.13297297297297297,0.13230769230769232,0.02712173056609578,0.12114607800150538,11.0,118.0,0.956
2,2,457.0,472.0,27.66560097618646,21.157733837832037,78.76955262170047,77.35973571536067,460.0,474.0,30.023666701226247,19.536018918069644,80.18376618407356,78.7004942460279,0.003271537622682661,0.0021141649048625794,0.040875293100020554,0.03985169245731954,12.0,54.0,0.993
3,4,662.0,695.0,41.438063939009595,20.745770836187017,105.39696961966999,102.60411000191066,609.0,627.0,34.40790296649784,22.76660648756216,93.63961030678928,91.45743441041607,0.041699449252557044,0.05143721633888049,0.09268997758668256,0.04644277733527022,0.0,137.0,0.967
