aqua_label,terra_label,aqua_area,aqua_convex_area,aqua_major_axis_length,aqua_minor_axis_length,aqua_perimeter,aqua_perimeter_crofton,aqua_perimeter_boundary_pixels,terra_area,terra_convex_area,terra_major_axis_length,terra_minor_axis_length,terra_perimeter,terra_perimeter_crofton,terra_perimeter_boundary_pixels,adr_area,adr_convex_area,adr_major_axis_length,adr_minor_axis_length,rotation_estimated,minimum_shape_difference,psi_s_correlation
1,1,401.0,423.0,31.530682534446573,16.590070919108108,79.84062043356595,78.37517167488578,98.0,524.0,552.0,33.28869626161506,21.16380490449327,92.66904755831213,90.53728322590545,112.0,0.26594594594594595,0.26461538461538464,0.05424346113219156,0.24229215600301077,-5.1349027590938885,134.0,0.956
2,2,457.0,472.0,27.66560097618646,21.157733837832037,78.76955262170047,77.35973571536067,94.0,460.0,474.0,30.023666701226247,19.536018918069644,80.18376618407356,78.7004942460279,96.0,0.006543075245365322,0.004228329809725159,0.08175058620004111,0.07970338491463907,-12.061933183420843,72.0,0.993
3,4,662.0,695.0,41.438063939009595,20.745770836187017,105.39696961966999,102.60411000191066,129.0,609.0,627.0,34.40790296649784,22.76660648756216,93.63961030678928,91.45743441041607,120.0,0.08339889850511409,0.10287443267776097,0.1853799551733651,0.09288555467054044,0.1952029903063581,139.0,0.967
