aqua_label,terra_label,aqua_area,aqua_convex_area,aqua_major_axis_length,aqua_minor_axis_length,aqua_perimeter,aqua_perimeter_crofton,aqua_perimeter_boundary_pixels,terra_area,terra_convex_area,terra_major_axis_length,terra_minor_axis_length,terra_perimeter,terra_perimeter_crofton,terra_perimeter_boundary_pixels,adr_area,adr_convex_area,adr_major_axis_length,adr_minor_axis_length,rotation_estimated,minimum_shape_difference,psi_s_correlation
2,1,214.0,236.0,20.79066130330909,13.863135267218157,57.11269837220809,56.827750409195374,70.0,180.0,187.0,18.395906695292915,12.752012654268363,48.87005768508881,49.01323702131957,60.0,0.17258883248730963,0.23167848699763594,0.12222323772276301,0.08349550535864429,5.067505328518441,41.0,0.972
12,21,226.0,235.0,19.57008333250009,14.85274303171981,55.21320343559643,55.02691628627282,64.0,150.0,158.0,16.405930932836654,11.76212788781076,44.384776310850235,44.76092363319019,52.0,0.40425531914893614,0.39185750636132316,0.17590344368481803,0.23224723901562036,-19.295991227778753,73.0,0.947
13,20,115.0,119.0,16.607300697743607,8.8365659692155,40.14213562373095,40.73864804118844,46.0,148.0,150.0,15.264275399568637,12.3929336219347,42.384776310850235,42.86480473525313,50.0,0.2509505703422053,0.23048327137546468,0.08427730678108689,0.3350401772260068,-159.07653254208216,48.0,0.989
14,23,179.0,187.0,17.402515864753205,13.28921161554693,48.970562748477136,49.10852179633406,56.0,158.0,164.0,16.39038626639804,12.336779519839927,44.970562748477136,45.31628400045997,52.0,0.12462908011869436,0.13105413105413105,0.05990190451397524,0.07433328847068806,0.8972455258150168,26.0,0.979
