aqua_label,terra_label,aqua_area,aqua_convex_area,aqua_major_axis_length,aqua_minor_axis_length,aqua_perimeter,aqua_perimeter_crofton,terra_area,terra_convex_area,terra_major_axis_length,terra_minor_axis_length,terra_perimeter,terra_perimeter_crofton,adr_area,adr_convex_area,adr_major_axis_length,adr_minor_axis_length,rotation_estimated,minimum_shape_difference,psi_s_correlation
2,1,214.0,236.0,20.79066130330909,13.863135267218157,57.11269837220809,56.827750409195374,180.0,187.0,18.395906695292915,12.752012654268363,48.87005768508881,49.01323702131957,0.08629441624365482,0.11583924349881797,0.06111161886138151,0.041747752679322146,0.0,40.0,0.972
12,21,226.0,235.0,19.57008333250009,14.85274303171981,55.21320343559643,55.02691628627282,150.0,158.0,16.405930932836654,11.76212788781076,44.384776310850235,44.76092363319019,0.20212765957446807,0.19592875318066158,0.08795172184240901,0.11612361950781018,0.0,76.0,0.947
13,20,115.0,119.0,16.607300697743607,8.8365659692155,40.14213562373095,40.73864804118844,148.0,150.0,15.264275399568637,12.3929336219347,42.384776310850235,42.86480473525313,0.12547528517110265,0.11524163568773234,0.04213865339054344,0.1675200886130034,-41.0,40.0,0.989
14,23,179.0,187.0,17.402515864753205,13.28921161554693,48.970562748477136,49.10852179633406,158.0,164.0,16.39038626639804,12.336779519839927,44.970562748477136,45.31628400045997,0.06231454005934718,0.06552706552706553,0.02995095225698762,0.03716664423534403,0.0,25.0,0.979
