"area","col_centroid","convex_area","label","major_axis_length","max_col","max_row","min_col","min_row","minor_axis_length","orientation","perimeter","row_centroid","circularity","cloud_fraction","b2_reflectance_mean","b2_reflectance_bdry_mean","b2_bdry_contrast","candidate","solidity"
203,6.615763546798029,210.0,1,19.42139803929676,16,320,1,301,14.543257214286749,0.3904703638708963,60.2842712474619,311.4088669950739,0.7019365735754174,1.0,0.7738046942915098,0.7259858129665772,0.047818881324932616,false,0.9666666666666667
207,11.42512077294686,233.0,2,19.870423857896203,23,232,3,215,15.767412076691013,-1.458936573842076,69.59797974644665,223.0096618357488,0.53701565062736,1.0,0.7933693284076916,0.7238958209546447,0.06947350745304692,false,0.8884120171673819
159,25.61635220125786,187.0,5,29.10392929006535,38,306,14,292,8.121614829399496,1.1596423646762106,69.18376618407356,298.6666666666667,0.41744435058641843,1.0,0.7719817486743124,0.7338894681960378,0.03809228047827451,false,0.8502673796791443
134,41.865671641791046,142.0,7,17.754760057522162,48,293,35,277,10.30816954711602,0.6034795555330144,49.45584412271571,284.93283582089555,0.6884611288275596,1.0,0.7700029265437518,0.7308508033376657,0.039152123206086076,false,0.9436619718309859
176,76.4090909090909,177.0,12,19.846771496513714,85,204,68,188,11.492644072481356,0.7901489516709578,53.11269837220809,195.9318181818182,0.7840175773856687,1.0,0.7684714795008912,0.6719101889235279,0.09656129057736329,true,0.9943502824858758
3927,133.48408454290808,4027.0,14,89.74690798913744,177,251,94,182,56.856958509643114,1.0116914540792799,259.1370849898476,219.68958492487903,0.7348718761281797,1.0,0.803499153672164,0.5947436571450827,0.20875549652708125,true,0.9751676185746213
330,216.93636363636364,372.0,17,27.497507759966485,229,27,204,8,16.876820949339237,-1.3497730551600908,83.84062043356595,18.85151515151515,0.5899494993428552,0.2636363636363636,0.7062269756387403,0.41791624164116514,0.2883107339975751,true,0.8870967741935484
335,248.47761194029852,345.0,22,27.73879031455088,262,16,234,1,16.50782575545685,1.5308688191002888,79.49137802864844,7.13134328358209,0.6662153263729699,0.5402985074626866,0.7665203394790752,0.2865211891208097,0.47999915035826546,true,0.9710144927536232
125,252.712,126.0,25,13.63042892949103,258,334,246,321,12.095992691717953,1.0006762538075127,42.38477631085023,327.448,0.8743797398687461,1.0,0.6337882352941178,0.4466140159767609,0.18717421931735684,false,0.9920634920634921
115,273.8086956521739,122.0,26,21.656196605735246,278,108,269,89,7.197710147781217,-0.19221608096147866,50.04163056034262,98.66956521739131,0.5770916622259767,1.0,0.4932992327365729,0.2300229182582124,0.26327631447836053,false,0.9426229508196722
110,278.1909090909091,121.0,27,19.512068122273885,282,27,274,9,7.542706459371142,-0.16191152841827902,49.11269837220809,18.2,0.5730796107000555,1.0,0.47326203208556145,0.23858174848886926,0.23468028359669219,false,0.9090909090909091
175,333.3485714285714,208.0,15,25.12684446810754,341,363,327,340,10.092113982043305,0.42618068043305196,67.25483399593904,352.49142857142857,0.4861842688813782,1.0,0.9286498599439773,0.8320852709461944,0.09656458899778286,false,0.8413461538461539
121,345.45454545454544,137.0,17,16.736051419141706,352,377,339,362,10.939960700365534,0.48622530337810704,50.2842712474619,369.8512396694215,0.6013549822633312,1.0,0.9303192351320694,0.7917663675639744,0.13855286756809493,false,0.8832116788321168
246,115.4308943089431,250.0,7,19.407571530243526,124,400,105,384,17.437309531654748,-0.8027287949560509,61.59188309203679,393.280487804878,0.8148881578091645,1.0,0.8926032201498487,0.8876921848168999,0.004911035332948788,false,0.984
126,196.14285714285714,132.0,14,24.236662783995904,207,400,184,394,7.138033625141,-1.546609103819985,55.520815280171306,397.6190476190476,0.5136517115755236,1.0,0.8557111733582319,0.8425043792733234,0.013206794084908435,false,0.9545454545454546
153,197.3986928104575,154.0,15,15.574707087061197,204,394,190,380,13.193751857263253,0.7065805375348508,47.79898987322333,388.18954248366015,0.8415188665434187,1.0,0.8604382929642443,0.8442369540408756,0.016201338923368724,false,0.9935064935064936
326,224.96012269938652,339.0,19,24.716292028578426,237,250,212,230,17.30423352259147,-1.2110379214752918,75.84062043356595,240.61042944785277,0.7122356529144315,1.0,0.8521472392638035,0.8310766674632709,0.021070571800532623,false,0.9616519174041298
229,300.11353711790395,249.0,29,20.021905186118065,310,313,292,293,16.281027744704108,-0.713823085933258,65.5269119345812,300.8427947598253,0.6702023451859374,1.0,0.8453120986385821,0.8600816686899899,-0.014769570051407777,false,0.9196787148594378
129,349.17054263565893,137.0,31,17.015025894050662,355,369,344,353,9.969383098834498,-0.42180232965191156,48.04163056034262,361.1162790697674,0.702366995895611,1.0,0.8560267517859855,0.8685157253784705,-0.01248897359248502,false,0.9416058394160584
333,361.66966966966964,347.0,32,25.380567327226686,372,400,350,377,17.301498453204072,-0.8212680330699024,76.42640687119284,389.1711711711712,0.716419195112693,1.0,0.8483660130718957,0.8653388914620966,-0.016972878390200896,false,0.9596541786743515
1817,380.8304898183819,2053.0,33,56.85861635695823,400,362,351,305,46.734870291145256,-0.7920558419713615,207.095454429505,336.3626857457347,0.5323823612702666,1.0,0.8518803889194643,0.8618766726746411,-0.009996283755176805,false,0.885046273745738
220,377.84090909090907,232.0,35,24.94820405567074,389,197,367,180,12.059522091455365,-0.8886694139660466,65.11269837220809,188.12727272727273,0.6520804167900731,1.0,0.8485383244206774,0.8699416800688796,-0.02140335564820217,false,0.9482758620689655
376,379.35372340425533,395.0,36,24.727216289831183,391,378,369,354,20.624467146706095,0.5856185692840139,84.08326112068522,365.9468085106383,0.6683110078862236,1.0,0.8475698790154362,0.8627077497665735,-0.015137870751137261,false,0.9518987341772152
524,390.3874045801527,610.0,38,36.31525772909286,400,228,375,191,22.2603528216619,-0.577180532831621,112.6335136523794,213.88167938931298,0.5190460451937311,1.0,0.841887441999701,0.849462365591398,-0.00757492359169698,false,0.8590163934426229
137,5.08029197080292,150.0,1,18.580623577847152,12,400,1,384,10.761348458685392,0.2607026190821325,51.55634918610405,393.43065693430657,0.6476883989261315,0.0,0.7915271217976242,0.7695701357466063,0.021956986051017924,false,0.9133333333333333
174,10.327586206896552,183.0,2,18.466641936876872,19,387,3,371,12.492298344349447,-0.8579821804753456,52.284271247461895,379.1954022988506,0.7998655535004114,0.0,0.790038314176245,0.8147603485838781,-0.024722034407633098,false,0.9508196721311475
127,20.724409448818896,130.0,3,14.596241509381077,27,374,14,361,11.341645082005497,-0.575253923368257,43.45584412271571,367.34645669291336,0.8451177126603234,0.0,0.7770264011116257,0.8368276027315206,-0.059801201619894884,false,0.9769230769230769
321,37.93769470404985,342.0,4,26.93114453873461,48,400,28,377,16.1080160955349,-0.48654604696256903,80.94112549695429,390.01869158878503,0.6157102994008915,0.0,0.7897013010811803,0.7481536988468427,0.04154760223433762,false,0.9385964912280702
172,40.80232558139535,180.0,5,18.576388534274,48,361,35,344,12.426136377858164,-0.38097390020140326,52.8700576850888,351.75,0.7732478879153052,0.0,0.7783173734610124,0.7941066520065975,-0.015789278545585095,false,0.9555555555555556
107,42.345794392523366,109.0,6,12.531565289191638,48,343,36,332,11.280430230405996,1.5696705195220828,40.62741699796952,337.8317757009346,0.814620281160905,0.0,0.779146050943742,0.8320261437908502,-0.05288009284710815,false,0.981651376146789
160,51.3375,170.0,8,17.190301906727935,60,400,43,387,12.631128031792956,-1.0176310717045576,54.62741699796952,394.68125,0.673765105565809,0.0,0.8021813725490196,0.7360094694045598,0.06617190314445975,false,0.9411764705882353
111,53.52252252252252,114.0,10,15.04181511373912,60,332,47,321,9.58332178864261,-1.118702383198598,41.21320343559643,326.5765765765766,0.8212210957596799,0.0,0.81250662427133,0.7819730392156866,0.03053358505564341,false,0.9736842105263158
109,68.5045871559633,115.0,17,16.323357297232533,73,370,64,355,9.068805556484476,-0.027743575306898985,44.04163056034261,361.5963302752294,0.7061705190861044,0.0,0.789026803381903,0.7589075630252102,0.030119240356692778,false,0.9478260869565217
273,81.3992673992674,314.0,21,24.67380180712944,92,278,71,257,16.333769116570192,-0.5790236156495052,74.42640687119285,267.5018315018315,0.6193247064331293,0.0,0.7758959994254112,0.7990876350540217,-0.023191635628610485,false,0.8694267515923567
204,78.42156862745098,225.0,22,21.408185437151275,86,336,71,314,13.313113849280318,-0.052711111839624236,71.01219330881976,324.7156862745098,0.5083632858978612,0.0,0.7769511726259133,0.7503727644904117,0.026578408135501608,false,0.9066666666666666
224,91.42857142857143,239.0,23,24.098053921547017,103,349,79,336,12.616510431157996,-1.5168317502042932,65.35533905932738,343.54017857142856,0.6590156652288446,0.0,0.796516106442577,0.7225162558596706,0.07399985058290637,false,0.9372384937238494
126,87.26190476190476,135.0,24,17.705643621493174,96,364,79,352,10.011670188222755,-1.2566295847045246,49.698484809834994,358.04761904761904,0.6410532591550593,0.0,0.7957049486461251,0.7249520734537386,0.07075287519238649,false,0.9333333333333333
718,140.72562674094706,787.0,36,33.56773210430186,157,263,122,231,28.32825283776057,1.0007983802405807,124.5035713374682,247.28272980501393,0.5820639335332679,0.0,0.7692009394286965,0.8130457362462348,-0.04384479681753828,false,0.9123252858958069
105,152.73333333333332,108.0,39,12.879775605730037,159,280,146,268,10.632214635521239,-1.0832307202598954,39.627416997969526,273.9809523809524,0.8402482818929541,0.0,0.7595144724556488,0.6948773686406255,0.0646371038150233,false,0.9722222222222222
128,165.8828125,131.0,42,17.206842342822643,174,228,158,217,9.674424968143882,1.1122679236992232,45.21320343559643,222.1953125,0.7868451574616611,0.0,0.7805759803921568,0.7556215752294185,0.02495440516273828,false,0.9770992366412213
101,179.6138613861386,102.0,48,16.365369985823598,184,257,175,242,8.07033195203679,0.2696563608838799,41.21320343559642,249.03960396039605,0.7472372132588081,0.0,0.7562026790914386,0.6698893814144805,0.08631329767695806,false,0.9901960784313726
118,190.16101694915255,122.0,52,13.42305872996111,196,195,184,182,11.481904649402841,-0.23705907612688495,42.62741699796952,188.91525423728814,0.81604448947684,0.0,0.7775008308408109,0.8074293033796431,-0.02992847253883224,false,0.9672131147540983
262,202.2824427480916,331.0,55,28.846811741575166,213,221,189,200,14.99036534528871,-0.921191588470384,87.66904755831213,209.9732824427481,0.42836953667560196,0.0,0.7685376440652596,0.6696211022197268,0.09891654184553278,true,0.7915407854984894
141,239.61702127659575,150.0,59,19.64631336033012,249,218,230,208,9.558417765075829,-1.4314206127369753,51.698484809834994,213.4964539007092,0.6629386612027759,0.0,0.7428174106522041,0.6398903057726589,0.10292710487954515,true,0.94
158,251.45569620253164,163.0,63,18.967088820697366,261,157,244,144,11.359145469414532,-1.1206332747515126,52.04163056034262,149.20253164556962,0.7331032760750614,0.0,0.7760238272524198,0.7156282386104548,0.06039558864196504,false,0.9693251533742331
438,259.5342465753425,519.0,64,31.824855300308094,272,229,248,198,20.180332167692693,-0.29730481203938214,99.91168824543144,213.85159817351598,0.5513804704247389,0.0,0.7343182021667114,0.6003201280512206,0.1339980741154908,false,0.8439306358381503
534,271.63295880149815,627.0,65,37.55892813658896,292,145,254,122,20.437862373178895,-1.5561030545822978,111.5685424949238,132.82209737827716,0.539097852553647,0.0,0.770213703458912,0.7811193708252536,-0.010905667366341576,false,0.8516746411483254
507,271.38461538461536,559.0,67,34.80030576994284,288,113,256,83,19.522097436961214,-0.8205615458210505,103.88225099390857,98.07692307692308,0.5903847352793546,0.0,0.8488378388830878,0.8778920977317343,-0.02905425884864643,false,0.9069767441860465
310,273.7774193548387,324.0,68,22.84908777243911,284,210,263,187,17.857808700055845,-0.565118645501486,73.91168824543142,197.80645161290323,0.713091587971324,0.0,0.7583428209993676,0.6561195241356571,0.10222329686371046,false,0.9567901234567902
135,280.6074074074074,138.0,69,16.976321868542644,287,160,275,145,10.316869763359998,0.6557086622298391,44.62741699796952,153.05925925925925,0.8518048934309731,0.0,0.7772549019607842,0.551373980249034,0.22588092171175023,true,0.9782608695652174
139,296.158273381295,139.0,71,14.905082062712802,303,149,289,137,11.957800247312319,0.8413378074014211,43.79898987322333,142.6474820143885,0.9105346453588358,0.0,0.7710537452391028,0.6406460456523035,0.1304076995867992,true,1.0
139,299.50359712230215,141.0,72,15.113376212545175,307,126,292,114,12.027938747835526,-1.3177474864791892,46.04163056034261,119.67625899280576,0.8239925266710925,0.0,0.7753985047256312,0.7155662264905962,0.05983227823503501,false,0.9858156028368794
199,299.4422110552764,212.0,73,23.44463771325793,307,195,292,173,11.898501401047243,-0.3684074286615605,62.76955262170047,183.5929648241206,0.6346947029945372,0.0,0.7294905902059315,0.6512689924454633,0.07822159776046822,false,0.9386792452830188
261,311.37547892720306,281.0,74,27.335871964435547,321,146,301,124,12.787826748571772,0.7379276510884933,72.76955262170047,134.7088122605364,0.6193711346098724,0.0,0.7714972579069944,0.7069253233208177,0.06457193458617672,false,0.9288256227758007
141,310.9645390070922,146.0,75,16.48527108296756,317,201,305,185,11.552337437315163,0.15947865848533221,47.45584412271572,193.21985815602838,0.7867732234909283,0.0,0.7296064525100822,0.5804229384061318,0.14918351410395037,false,0.9657534246575342
391,322.32736572890025,452.0,77,26.36284827829943,333,113,310,89,21.86703523170559,0.23483496456693298,93.49747468305833,101.0460358056266,0.5620654102979977,0.0,0.7745549370643399,0.7794452992464591,-0.0048903621821192456,false,0.8650442477876106
568,331.26408450704224,711.0,78,46.70726022072885,342,154,320,112,18.272245595937854,-0.21191516157670184,125.63961030678928,131.31161971830986,0.45217342897859236,0.0,0.7681579674123175,0.6942718993800246,0.0738860680322928,false,0.7988748241912799
212,329.77830188679246,218.0,79,21.17536925562334,338,187,324,165,13.47315008451464,-0.07780692325284987,61.11269837220809,176.16981132075472,0.7133173787009937,0.0,0.7550684424713281,0.6100551252529481,0.14501331721837996,false,0.9724770642201835
287,348.33101045296166,311.0,81,26.09700921692086,357,185,339,159,14.70131595324916,-0.2927948935334339,74.59797974644665,172.58536585365854,0.6480934444271272,0.027874564459930314,0.7730819156931066,0.6107277791566698,0.16235413653643682,true,0.9228295819935691
572,356.6451048951049,614.0,83,41.30803717717515,369,143,345,104,18.582886016849894,0.3259726414995817,118.81118318204308,122.0979020979021,0.5092033488125108,0.0,0.7627245303715897,0.661875049614988,0.10084948075660172,false,0.9315960912052117
189,351.1587301587302,198.0,84,20.401803755898744,360,204,345,186,12.851711025856131,-0.45219480347700935,56.87005768508881,194.15343915343917,0.7343520822595939,0.1164021164021164,0.7290175329391012,0.5157842177027523,0.21323331523634892,true,0.9545454545454546
138,354.71014492753625,143.0,85,18.129838549907955,364,98,346,88,9.935920829611177,-1.4423307411567132,48.87005768508881,93.22463768115942,0.7261113863560278,0.0,0.7753907360045467,0.7639388696655136,0.011451866339033057,false,0.965034965034965
160,381.4625,164.0,91,17.43641955877097,390,87,372,74,12.274899102253716,1.4246726883049046,50.2842712474619,80.56875,0.7951801418358098,0.0,0.7763235294117645,0.7328491466639199,0.04347438274784465,false,0.975609756097561
129,4.984496124031008,129.0,1,17.037690317218004,11,50,1,35,10.047547574115741,-0.293822425014831,43.55634918610404,41.93023255813954,0.854469632431572,0.0,0.9477732178142573,0.674599075402519,0.2731741424117383,true,1.0
560,16.510714285714286,700.0,4,35.316768188438616,35,213,1,186,26.152713150498418,-1.565017849341812,125.9827560572969,199.2375,0.44337957334430445,1.0,0.9726330532212882,0.8823245986962457,0.09030845452504255,false,0.8
210,7.680952380952381,226.0,5,23.30113512989108,17,252,1,230,12.57638627274272,0.6967398394719568,64.66295090390226,242.05238095238096,0.6311289751527347,1.0,0.9760784313725491,0.8175659850463926,0.15851244632615658,false,0.9292035398230089
165,7.824242424242424,172.0,6,16.85651468525523,15,299,1,284,13.384639129990138,-0.6169661845627535,50.62741699796952,292.03636363636366,0.8089510957130471,0.0,0.9524896019013666,0.7844154193281853,0.1680741825731813,false,0.9593023255813954
117,9.23076923076923,117.0,7,15.365171153261251,16,280,2,270,9.758366118837966,1.2545521650203262,40.384776310850235,275.0940170940171,0.9014888558893361,1.0,0.9870621752974694,0.7530880940272362,0.23397408127023323,false,1.0
130,11.823076923076924,131.0,8,13.833718796035404,18,122,5,109,12.358531993307826,0.6795040945723977,43.21320343559643,114.84615384615384,0.8748232002936712,0.0,0.9547209653092006,0.7688049234292259,0.18591604187997468,true,0.9923664122137404
457,26.271334792122538,497.0,9,39.754556667466225,43,23,8,1,15.826975104094316,-1.0756465872273904,103.59797974644665,10.547045951859957,0.5350858806586879,0.2188183807439825,0.9536019221693053,0.7131284630640576,0.24047345910524764,true,0.9195171026156942
126,25.865079365079364,128.0,13,15.734738149118837,33,267,18,256,10.424972235784876,1.1469686473636798,43.21320343559643,261.23809523809524,0.8479055633615584,1.0,0.983068783068783,0.7961209910320718,0.1869477920367112,false,0.984375
171,29.75438596491228,173.0,14,18.76992249386006,35,122,24,103,11.698747564230075,-0.1862850141596249,50.04163056034262,112.45029239766082,0.8581102107881915,0.34502923976608185,0.9612659098727209,0.7654690181472964,0.19579689172542447,true,0.9884393063583815
286,47.32867132867133,296.0,20,25.161544926886886,59,328,36,311,15.257929985531453,1.1433555786939524,69.69848480983498,319.9965034965035,0.7398253754214364,0.9125874125874126,0.9778554778554776,0.7829706555111127,0.19488482234436488,false,0.9662162162162162
117,45.888888888888886,134.0,22,20.258409889564817,56,69,38,60,8.654533005175665,1.5459222083386588,51.45584412271571,64.84615384615384,0.5552982586157477,1.0,0.9676554382436734,0.8104564422317821,0.15719899601189125,true,0.8731343283582089
221,56.94570135746606,234.0,24,23.832856702916462,65,283,47,264,12.577050611385317,0.6288274957957767,65.94112549695429,272.47511312217193,0.6386889856520597,0.502262443438914,0.9640493301392956,0.7837514730729367,0.18029785706635892,false,0.9444444444444444
135,57.2962962962963,137.0,26,14.618865772410674,63,206,50,191,12.482606203423563,-0.4474711712705873,45.45584412271571,198.2888888888889,0.8210397399122494,1.0,0.9628177196804645,0.9057294782319709,0.05708824144849356,false,0.9854014598540146
343,70.64139941690962,381.0,27,28.90652770033069,84,18,56,1,16.684391389311397,-1.3858370514986558,83.84062043356596,9.419825072886297,0.6131899341654525,0.0,0.9421825873206428,0.6253558957829708,0.31682669153767196,true,0.9002624671916011
195,67.2051282051282,204.0,29,20.79354175652522,76,50,58,35,12.445694604352006,-1.2161808746116525,56.2842712474619,42.57948717948718,0.7735179223147991,0.0,0.95298139768728,0.6432314052969832,0.30974999239029677,true,0.9558823529411765
100,71.2,101.0,30,13.317298647852143,76,400,66,389,9.759260050019954,0.33267761644942306,37.31370849898476,394.73,0.9025536672336212,0.65,0.9568235294117646,0.8333258778796688,0.1234976515320958,false,0.9900990099009901
106,81.9245283018868,106.0,33,13.959426800789231,87,32,77,19,9.716496399927895,-0.4538546143414245,37.79898987322333,25.09433962264151,0.9322992635626205,0.0,0.9444321124676284,0.6751851193649666,0.26924699310266176,true,1.0
112,87.125,126.0,34,16.085670106136075,94,256,80,243,10.562251948147798,0.9640390280984895,51.112698372208094,249.52678571428572,0.5387288934180369,1.0,0.9658963585434172,0.8127888097914326,0.1531075487519845,false,0.8888888888888888
151,89.0794701986755,156.0,36,19.905597094652755,99,339,81,329,10.044713912880296,1.4001279290441204,49.79898987322333,334.87417218543044,0.7651485228181036,1.0,0.9800025970653163,0.792295647841714,0.18770694922360232,false,0.967948717948718
115,92.07826086956521,121.0,38,16.99774572120922,99,319,84,307,9.06958009608112,-1.0054110589423058,44.8700576850888,313.2173913043478,0.7177851161531059,0.43478260869565216,0.9491560102301791,0.7336440694632919,0.2155119407668873,false,0.9504132231404959
831,110.77496991576415,843.0,39,35.361054628306114,127,32,96,1,31.552169690165822,-0.5483631594025059,113.698484809835,14.451263537906136,0.8077956934388129,0.0,0.945551072414525,0.5994910443378683,0.3460600280766567,true,0.9857651245551602
341,111.01759530791789,407.0,41,29.66719371791149,126,262,98,238,17.52205365729443,0.9107528555075263,91.74011537017762,249.6041055718475,0.5091499191090101,1.0,0.9715025012937724,0.8520219655594353,0.11948053573433703,false,0.8378378378378378
326,113.56134969325153,413.0,43,31.29366586906682,126,89,105,63,18.578184707435373,-0.36796142870426946,102.32590180780451,76.10736196319019,0.39125175845395727,0.0,0.9464573559485142,0.7667087837521646,0.17974857219634965,true,0.7893462469733656
2296,139.79094076655053,2557.0,44,74.08770759918416,171,152,105,94,41.09752461181737,0.8791853039215402,236.0010460205265,122.30270034843205,0.5180287842566036,0.0,0.9494961399193824,0.657568943070186,0.29192719684919644,true,0.8979272585060618
386,125.65025906735751,386.0,46,26.220316945743146,136,195,116,171,18.994720765723308,0.504492739219156,73.94112549695427,183.60103626943004,0.8872071943998816,0.038860103626943004,0.9525754343188052,0.7273789408883128,0.22519649343049242,true,1.0
211,131.2037914691943,212.0,48,24.99602395070237,142,305,120,290,10.96848470060417,1.107012087168637,61.112698372208094,297.563981042654,0.7099526740844794,1.0,0.9788681349316977,0.7698538646807631,0.20901427025093455,false,0.9952830188679245
155,134.44516129032257,174.0,51,20.34222596179994,144,277,126,262,11.071966035392968,0.9613175902973499,60.52691193458118,269.43225806451613,0.5316729049222458,1.0,0.9746489563567362,0.8027425349224655,0.1719064214342707,false,0.8908045977011494
282,141.29432624113474,282.0,56,26.299556845492916,149,83,134,58,13.815257926643575,-0.33254212008188494,66.52691193458118,70.00709219858156,0.8006897020446117,0.0,0.9465999165623692,0.7262683341052958,0.2203315824570734,true,1.0
217,153.61290322580646,232.0,57,34.157063590217376,168,400,136,392,8.897523934388584,-1.506998432458415,73.7634559672906,396.87557603686633,0.5011723303778327,1.0,0.9814041745730551,0.828979727484214,0.15242444708884106,false,0.9353448275862069
148,151.8716216216216,148.0,61,14.948556506368648,159,204,146,191,12.92926650272454,-1.1064402309535577,44.970562748477136,197.23648648648648,0.9196338213850119,0.0,0.946899841017488,0.6191964897847253,0.32770335123276273,true,1.0
301,160.17275747508305,317.0,63,29.465702039524924,171,83,149,60,13.594034659136259,-0.7944207006580623,78.42640687119285,70.16279069767442,0.6149668751050416,0.0,0.9466093414109831,0.571416537975572,0.37519280343541106,true,0.9495268138801262
128,156.890625,128.0,65,15.064258846738676,162,43,152,29,10.92310391548371,0.09627391457552466,41.55634918610404,36.3125,0.9314189294147704,0.0,0.9539522058823527,0.6182175254839616,0.33573468039839116,true,1.0
950,171.23684210526315,976.0,66,35.35639624063892,190,249,153,214,34.90838557394324,0.11262852567778744,123.1543289325507,230.37894736842105,0.7871075987699986,0.0,0.9483715170278632,0.4379648931991903,0.5104066238286729,true,0.9733606557377049
251,169.92828685258965,257.0,68,26.073436364311615,177,39,163,14,12.67123873215976,-0.24202652786081627,65.698484809835,25.808764940239044,0.730756821694861,0.0,0.9483009139910944,0.7139686539779383,0.2343322600131561,true,0.9766536964980544
131,167.45038167938932,132.0,69,17.597121679136226,172,181,163,164,9.624265692815351,-0.0052024174220418485,45.21320343559643,172.8854961832061,0.8052868408396688,0.0,0.9467744349648256,0.8133578431372552,0.13341659182757037,true,0.9924242424242424
685,181.32554744525547,706.0,70,37.57600330944244,195,98,167,64,23.644584767828665,-0.5867021814533369,107.1543289325507,80.60291970802919,0.7496887501937481,0.0,0.9507084585659081,0.6144478844169247,0.33626057414898347,true,0.9702549575070821
850,183.08,956.0,71,37.82081408187057,198,309,167,273,31.70813919782636,-0.5097665898388821,138.2609306503489,292.2047058823529,0.5587658274865498,0.0,0.9484844290657435,0.5797875718973853,0.3686968571683582,true,0.8891213389121339
431,177.03712296983758,435.0,72,29.75367759938676,186,370,167,343,18.717659502068443,0.41719265024084773,81.11269837220809,356.2529002320186,0.823207721949379,0.6334106728538283,0.9626768572858377,0.7597503981619281,0.2029264591239096,true,0.9908045977011494
124,177.8790322580645,125.0,75,13.733993091512742,183,54,172,41,11.551122123667042,-0.46237313559705123,41.21320343559643,47.54838709677419,0.9174001430108136,0.0,0.9492726122707148,0.622589199614272,0.32668341265644285,true,0.992
315,183.16507936507938,317.0,77,22.46044131914443,194,176,174,156,18.53215299610146,0.5248195549820406,68.87005768508881,166.08253968253968,0.8345637643903983,0.0,0.9469281045751636,0.7184139433551199,0.22851416122004375,true,0.9936908517350158
322,187.42857142857142,325.0,78,23.02691362794852,198,119,176,99,18.234761123425464,-1.223022250344714,70.18376618407356,108.54347826086956,0.8214713033033533,0.0,0.9451102180002435,0.7535677631934319,0.19154245480681165,true,0.9907692307692307
158,188.2405063291139,158.0,79,16.14223437428319,196,400,181,388,13.032319219289493,1.520273160205749,46.97056274847714,395.126582278481,0.8999438720633389,0.0,0.9488210474063045,0.8071504965622611,0.14167055084404334,true,1.0
497,199.93360160965796,502.0,81,28.529173439745314,214,139,186,117,22.323360135119515,-1.3072218299619855,84.76955262170047,127.55331991951711,0.8691334614295334,0.0,0.9497849844163019,0.6366344668708607,0.3131505175454412,true,0.9900398406374502
114,197.57894736842104,118.0,83,15.775149393568963,203,262,192,247,9.906130766807548,0.41250374692304226,44.04163056034262,254.17543859649123,0.7385636621634484,0.0,0.9497420020639836,0.7438925199709513,0.20584948209303233,true,0.9661016949152542
239,203.26359832635984,245.0,84,21.39192524937303,211,304,196,282,14.605708785688108,-0.18374925804041836,61.112698372208094,292.92887029288704,0.8041644033468747,0.0,0.9463778816966116,0.6539017808958446,0.292476100800767,true,0.9755102040816327
178,206.6629213483146,180.0,85,19.82448455959751,213,81,201,63,11.82489280887917,-0.18389988276390484,53.21320343559643,71.92696629213484,0.7899344563508068,0.0,0.9505397664683851,0.5551710880430605,0.39536867842532464,true,0.9888888888888889
271,208.6420664206642,293.0,86,26.716866079371975,216,110,201,85,13.986180381957695,0.1924543220596925,72.76955262170047,97.60516605166052,0.6431018294225112,0.0,0.9477461833441865,0.6757335154671448,0.2720126678770417,true,0.9249146757679181
442,211.91402714932127,454.0,87,26.941879026595196,222,173,201,147,21.123167960388137,-0.1200331925026561,83.01219330881975,160.3552036199095,0.8060247097906702,0.0,0.9501286487445658,0.61748510613685,0.3326435426077158,true,0.973568281938326
2977,231.44004030903594,3114.0,88,67.6061276027231,269,394,201,327,58.92134433079286,-0.8835094272705893,238.35028842544403,361.15183070204904,0.6585023589484661,0.006718172657037286,0.9491895380926973,0.7067779862754164,0.2424115518172809,true,0.9560051380860629
177,208.5310734463277,180.0,89,22.04407871282053,214,41,202,20,10.511860341084192,0.14242495466000182,56.04163056034262,30.259887005649716,0.7082092661669186,0.0,0.9508363797496397,0.6656408509349687,0.28519552881467103,true,0.9833333333333333
148,211.26351351351352,169.0,90,19.807044640159006,220,208,202,194,10.814366483193954,1.0268328372768178,55.698484809834994,200.6418918918919,0.5994939675696451,0.0,0.9455484896661367,0.5263020833333334,0.4192464063328033,true,0.8757396449704142
112,213.10714285714286,117.0,92,16.193107219823403,220,10,205,1,9.269566343683842,-1.5452883522514147,42.384776310850235,5.205357142857143,0.7834442469223963,0.0,0.9466386554621844,0.650713208360267,0.29592544710191737,true,0.9572649572649573
230,233.87391304347827,246.0,97,28.50704432052873,247,302,221,291,10.743557998826095,1.5354412177260395,69.11269837220809,296.7260869565217,0.6050928219633568,0.0,0.948780903665814,0.6217286914765908,0.3270522121892232,true,0.9349593495934959
251,232.0159362549801,260.0,98,28.02035179836491,240,168,224,143,11.876410239940975,-0.40698396832817757,71.35533905932738,155.23904382470118,0.61948477503429,0.0,0.9490977267400985,0.6571280456194921,0.2919696811206064,true,0.9653846153846154
1623,250.81947011706717,1770.0,99,54.72935342472208,274,255,225,204,40.590824876761964,0.798194524703246,183.33809511662426,225.13863216266174,0.6067683991780465,0.04867529266789895,0.9509574378118464,0.5877129158038097,0.3632445220080367,true,0.9169491525423729
118,235.83898305084745,118.0,102,15.92696392653139,241,259,231,244,9.46450551325332,0.4201081535687288,41.79898987322333,251.5084745762712,0.84871191276674,0.0,0.95250913924892,0.7592814674256801,0.19322767182323985,true,1.0
107,238.26168224299064,110.0,103,12.77673758383938,243,140,232,128,11.10852824668625,-0.7861697677231958,39.79898987322333,134.18691588785046,0.8488863352582925,0.0,0.95268462525197,0.7036658141517477,0.24901881110022228,true,0.9727272727272728
196,244.96428571428572,215.0,104,24.213040357156004,256,20,233,8,10.9387860315824,-1.4284294151320638,61.698484809834994,15.025510204081632,0.6470188565822512,0.0,0.948079231692677,0.47644426898276093,0.4716349627099161,true,0.9116279069767442
583,250.19897084048029,592.0,106,32.23096535946695,261,80,238,48,23.630317806805635,-0.22749804891078382,94.76955262170047,65.30703259005146,0.8157193375413071,0.0,0.9457908720949786,0.5389042555371156,0.40688661655786296,true,0.9847972972972973
132,247.46969696969697,138.0,108,14.268729615522952,254,335,240,322,12.912158326995293,1.0752102750653536,48.8700576850888,328.68939393939394,0.694541326079679,0.0,0.9512477718360071,0.6048567119155356,0.3463910599204715,true,0.9565217391304348
778,261.47429305912596,781.0,111,34.911881311542984,275,156,246,122,28.895128778157662,0.1841007531162243,107.25483399593904,138.50514138817482,0.8498762852261161,0.0,0.9494530974343458,0.6239772254742028,0.32547587196014305,true,0.9961587708066582
1363,271.0873074101247,1383.0,112,44.856302417788044,291,310,250,270,39.08218164601938,1.0009836515740478,142.22539674441617,289.9280997798973,0.8467426041579758,0.0,0.9526477061844544,0.6918275707229459,0.2608201354615085,true,0.9855386840202458
102,267.6078431372549,102.0,114,15.389564687553346,275,390,260,382,8.474548320645344,1.3912975551009532,38.97056274847714,385.7450980392157,0.8439887960035095,0.0,0.9498654363706267,0.8090353541034008,0.14083008226722593,true,1.0
688,283.0232558139535,729.0,116,39.12671443459599,300,345,261,318,23.593057523518215,-1.275889892198984,120.56854249492379,331.6061046511628,0.5947442889407479,0.0,0.9502735978112177,0.8374855824682813,0.11278801534293637,true,0.943758573388203
333,285.87687687687685,351.0,117,29.449383497993875,296,202,274,178,14.994741758939224,0.7170651286296796,80.42640687119285,188.77777777777777,0.646929215323928,0.0,0.9492080315609727,0.6733860570724854,0.2758219744884872,true,0.9487179487179487
220,287.82272727272726,235.0,118,20.204261787008004,296,271,278,256,14.854313028861457,1.4385651781901514,61.11269837220809,263.66818181818184,0.7402350156331067,0.6454545454545455,0.9623707664884131,0.7531691746466027,0.20920159184181042,true,0.9361702127659575
359,289.53203342618383,363.0,119,24.734482362649054,299,172,279,147,18.826437704354056,0.38457384266757905,73.01219330881976,159.89972144846797,0.8462789190209525,0.0,0.9494237806543231,0.6844865605816797,0.2649372200726434,true,0.9889807162534435
205,291.47317073170734,206.0,120,21.310320641562253,301,357,280,344,12.735647077855914,-1.5512068302355644,56.87005768508881,349.590243902439,0.7965194543027341,0.0,0.9567479674796746,0.8113766878783175,0.1453712796013571,true,0.9951456310679612
181,289.0220994475138,184.0,121,16.706575956712065,297,396,281,381,14.372211951931305,0.9095381551083632,52.2842712474619,388.8066298342541,0.8320440527791634,0.0,0.951532878344708,0.8168981313168037,0.13463474702790434,false,0.9836956521739131
628,307.4028662420382,734.0,122,55.043028118443566,335,72,282,51,16.456268389071493,1.3916574974531213,135.98275605729688,62.552547770700635,0.42677780910690843,0.0,0.9473960284750842,0.6480800320128052,0.299315996462279,true,0.8555858310626703
1057,310.6300851466414,1066.0,123,45.52750028306184,331,151,287,121,30.11478004249053,1.4315896375117414,128.3259018078045,135.11920529801324,0.8065962553510768,0.0,0.9496169328658616,0.381084348080569,0.5685325847852926,true,0.9915572232645403
918,318.36601307189545,1019.0,127,44.5200265609471,340,307,298,276,28.54597484299766,-1.3926815538259814,138.46803743153546,291.5087145969499,0.6016632310512404,0.0,0.9507838865393646,0.8098349662854376,0.14094892025392702,true,0.900883218842002
156,307.7371794871795,157.0,128,16.939220889489285,316,213,301,199,11.89488014642655,0.8960571485611897,47.45584412271571,206.3846153846154,0.8704725025857081,0.0,0.9511060834590247,0.8301934287228405,0.12091265473618418,true,0.9936305732484076
623,329.89085072231137,688.0,133,48.989452255848136,348,64,307,32,17.54213923944108,0.9674968822019322,128.71067811865476,47.3322632423756,0.4725728355132285,0.0,0.9469046045384444,0.44590730629671604,0.5009972982417283,true,0.9055232558139535
328,317.0548780487805,336.0,134,23.313409794210365,328,94,307,75,18.167275933500783,-1.117559827675695,70.52691193458118,84.59451219512195,0.8286554116597767,0.0,0.9508249641319946,0.5892818296733986,0.361543134458596,true,0.9761904761904762
107,318.1588785046729,107.0,137,13.665408084954706,323,268,313,255,10.032313343133337,-0.2904447577289079,37.79898987322333,261.8224299065421,0.9410945396339659,0.0,0.9528312259483233,0.8523858494446732,0.10044537650365004,true,1.0
270,326.8333333333333,297.0,138,23.120455006060187,337,223,319,202,16.452622443806728,0.427571505864608,72.76955262170047,213.4037037037037,0.6407287599412473,0.0,0.9512563543936092,0.810654401678367,0.14060195271524223,true,0.9090909090909091
132,330.15909090909093,133.0,141,14.819078488529236,336,100,324,86,11.63920656502798,0.005664706975720907,42.62741699796952,93.76515151515152,0.9128633272113804,0.0,0.9489007724301842,0.5100131752305666,0.4388875971996177,true,0.9924812030075187
246,341.1056910569106,248.0,147,19.618208875758352,350,261,333,244,16.227079038957363,0.5993591195102971,58.04163056034262,252.5569105691057,0.9176261091719806,0.0,0.9515542802486849,0.8429398893036424,0.10861439094504255,true,0.9919354838709677
182,345.43956043956047,184.0,150,20.511741673423813,352,123,338,104,11.787465294868701,-0.4370859277292845,54.2842712474619,114.2032967032967,0.7761277795311586,0.0,0.9460892049127345,0.2836816885674809,0.6624075163452536,true,0.9891304347826086
118,348.271186440678,118.0,151,15.91289796029613,355,135,340,126,9.635948160309884,1.5113273067087099,41.55634918610404,130.4322033898305,0.8586518255542415,0.0,0.9498172150216019,0.28651460584233684,0.6633026091792651,true,1.0
168,359.1547619047619,169.0,158,15.758777608873753,366,27,353,12,13.904861331091048,-0.3103434354957844,48.38477631085024,19.458333333333332,0.9017822247431925,0.0,0.9491129785247432,0.4987482352941177,0.4503647432306255,true,0.9940828402366864
635,372.2503937007874,644.0,160,32.99045830191513,385,251,358,219,24.84336687319237,0.2722725354470826,98.08326112068522,234.86456692913387,0.829456844514632,0.0,0.9516998610467806,0.7773876429552714,0.1743122180915092,true,0.9860248447204969
528,373.532196969697,545.0,163,34.71756489309079,385,209,363,176,19.71043471267271,0.37000910332867587,96.66904755831213,191.3068181818182,0.710017261571487,0.0,0.9500668449197863,0.8036049591699193,0.14646188574986707,true,0.9688073394495413
941,382.4633368756642,988.0,164,40.81075643906044,400,362,364,324,30.844672718712395,0.54183895018843,134.0538238691624,341.51115834218916,0.6580230003149395,0.0,0.9482527973995117,0.8294576488941908,0.11879514850532091,true,0.9524291497975709
128,374.0234375,128.0,167,14.695057616506789,381,86,367,76,11.105126578974497,1.476075964806821,40.97056274847714,81.078125,0.9582437056935948,0.0,0.9514705882352941,0.5689887748711279,0.3824818133641662,true,1.0
1137,384.5065963060686,1152.0,169,44.89102946021112,400,179,368,134,32.53702040560026,0.15924940065433055,131.74011537017762,154.48988566402815,0.8232547588418923,0.0,0.951816786521117,0.4091569021974988,0.5426598843236182,true,0.9869791666666666
661,389.1376701966717,674.0,172,33.088895418172804,400,125,376,93,25.883695840037717,-0.0927302890865844,100.76955262170046,109.02723146747353,0.817998792495169,0.0,0.9479695055026545,0.35515283554499244,0.592816669957662,true,0.9807121661721068
101,386.71287128712873,101.0,173,12.705833186530107,391,278,382,266,10.148437347064354,-0.2608711935401219,36.142135623730944,272.41584158415844,0.971636039914674,0.0,0.9440108716754027,0.8493961823139855,0.09461468936141715,true,1.0
186,394.252688172043,195.0,175,19.161365744456674,400,95,386,77,13.016238962459417,0.5777323613324987,55.79898987322333,85.75268817204301,0.750706427445593,0.0,0.9510858106683534,0.6891124871001033,0.2619733235682501,true,0.9538461538461539
203,396.4433497536946,205.0,176,27.558775577891765,400,246,392,220,9.825225141110874,0.042676805709196616,62.7634559672906,231.87192118226602,0.6475781747527469,0.0,0.9510480054090602,0.8259763851044508,0.1250716203046094,true,0.9902439024390244
121,397.7685950413223,125.0,180,24.778399006857374,400,285,395,263,6.479671054482449,0.0003400840132799148,51.89949493661167,274.12396694214874,0.5645065316714866,0.0,0.9515799708313076,0.8096246168083752,0.14195535402293247,true,0.968
349,10.469914040114613,374.0,1,26.03011710156625,22,311,1,290,18.314278544079215,1.091936460855503,81.42031021678297,302.0974212034384,0.6615608332137843,1.0,0.7995280633743468,0.6875737286784633,0.11195433469588345,false,0.9331550802139037
5384,49.59008172362556,6547.0,2,106.37031685309756,102,388,1,315,74.19025057040155,-1.52308458610286,483.5462479183374,350.7212109955423,0.2893602558709821,1.0,0.8067418349211901,0.6713524846558345,0.1353893502653556,false,0.8223613868947609
433,36.14087759815242,476.0,8,32.51311459808032,52,312,22,291,18.455317615231845,1.3312627700366106,93.84062043356593,302.0161662817552,0.6178969043401714,1.0,0.8021826744554637,0.6794225382460677,0.12276013620939596,false,0.9096638655462185
234,105.88461538461539,256.0,13,22.11342229008715,116,386,95,370,15.119974187042413,-1.2167289393750222,65.698484809835,377.64957264957263,0.6812633317792728,1.0,0.7813809284397519,0.6385158029217354,0.14286512551801656,false,0.9140625
150,105.74,150.0,14,15.712215057915266,114,321,98,309,12.498073992794907,-1.4184343219012392,46.62741699796952,314.6533333333333,0.8669986230570946,1.0,0.758640522875817,0.6826882203262987,0.07595230254951824,false,1.0
457,111.74617067833698,523.0,15,32.675203940151775,124,294,101,265,19.903108738366647,0.5558197221807574,103.98275605729688,280.88840262582056,0.5311331591548408,1.0,0.7442056034667699,0.6583861001498885,0.08581950331688137,false,0.8738049713193117
311,124.14469453376206,335.0,16,23.327924027730038,135,251,114,230,18.046464956220177,-0.995012255790056,74.18376618407356,241.66237942122186,0.7101539338818277,1.0,0.7127419456528592,0.6148669609831765,0.0978749846696827,true,0.9283582089552239
737,149.54409769335143,843.0,19,40.98535053714037,172,290,130,263,24.636299908539275,-1.33199683565252,128.67514421272202,277.0461329715061,0.5593556440199315,1.0,0.7443797057493289,0.6883437855574082,0.05603592019192072,false,0.8742586002372479
102,140.09803921568627,103.0,20,14.965413179854197,146,309,133,298,8.918760560764738,-1.064198911611948,39.21320343559643,303.96078431372547,0.8335763622686277,1.0,0.7459438677431758,0.6492116434202553,0.0967322243229205,false,0.9902912621359223
1196,157.9005016722408,1208.0,24,45.48307420547473,175,164,142,118,34.10350358546266,0.12553409529322987,134.81118318204307,143.45735785953178,0.8269689490335356,0.1588628762541806,0.6161682733293989,0.30615591579675183,0.3100123575326471,true,0.9900662251655629
392,173.1326530612245,405.0,27,26.417554849927175,187,274,160,254,19.408738082416345,1.3654644297392755,79.01219330881975,263.0433673469388,0.789055762509466,1.0,0.7387855142056822,0.6523882660113659,0.08639724819431627,false,0.9679012345679012
141,173.78014184397162,143.0,28,15.030056509348714,181,290,167,277,12.422160306672497,-1.1103255122385098,44.62741699796952,283.8014184397163,0.8896628886945719,1.0,0.7435961618690029,0.678846510248712,0.0647496516202909,false,0.986013986013986
2371,216.19907212146774,2598.0,29,78.71940921741523,254,51,179,1,40.821090659797015,1.1026969101813433,228.99494936611663,23.665120202446225,0.568184798759129,1.0,0.7464377568825931,0.5706217415195746,0.1758160153630185,true,0.9126250962278676
199,193.5075376884422,217.0,31,20.831529335017283,204,280,184,266,13.11948815940312,-1.548999427662197,59.698484809834994,272.3065326633166,0.7016755169943933,1.0,0.7351463198344664,0.6675189844724019,0.06762733536206456,false,0.9170506912442397
275,200.66545454545454,288.0,32,25.04241534511372,212,365,189,347,14.356975174532826,0.9847407318964178,69.35533905932738,355.6545454545454,0.7184271881622796,1.0,0.7521283422459891,0.6196172870111322,0.13251105523485696,false,0.9548611111111112
158,209.44303797468353,158.0,34,16.129179284095326,217,130,202,117,12.509231979086195,-1.1590127974383027,46.04163056034261,123.77848101265823,0.9366245986621051,0.0,0.6490444278977414,0.3002942205213668,0.34875020737637463,true,1.0
403,238.29032258064515,406.0,36,36.019098100634764,256,16,218,1,15.900266199420157,1.4906562494346682,92.31980515339464,6.602977667493796,0.594189744474656,1.0,0.6763781443098328,0.5733511586452762,0.10302698566455659,false,0.9926108374384236
503,231.35785288270378,521.0,37,30.276582642097033,245,145,218,120,21.888293439274705,-0.8514397956321015,91.25483399593904,133.17892644135188,0.7590424945185237,0.8608349900596421,0.645998518691771,0.46720027785671425,0.1787982408350568,true,0.9654510556621881
140,231.39285714285714,149.0,38,22.19772518118153,242,73,221,64,8.269379023469703,-1.4390536231430755,54.284271247461895,68.86428571428571,0.5970213688701222,1.0,0.7275630252100841,0.4049178903466852,0.3226451348633989,false,0.9395973154362416
7594,316.8282854885436,9029.0,40,184.81290813387233,400,295,229,208,56.19407746069622,-1.2471878426752836,555.7300141024109,249.56505135633395,0.30899592416485844,1.0,0.7510320325127682,0.6596637321807,0.09136830033206822,true,0.8410676708384096
140,238.93571428571428,141.0,41,15.374921024111863,246,89,231,78,11.774876724181441,1.2040321275262302,44.62741699796952,83.14285714285714,0.8833532228173054,1.0,0.6715126050420169,0.5175926869881402,0.15391991805387673,false,0.9929078014184397
116,243.08620689655172,123.0,44,14.765410801497918,248,119,238,105,10.274207428041521,0.16437939273682484,41.83452377915607,111.63793103448276,0.8329102258878318,0.9827586206896551,0.6263691683569981,0.5392549623855706,0.0871142059714275,false,0.943089430894309
6169,306.4378343329551,7371.0,45,143.9923482887638,400,71,241,1,61.44421312006939,-1.2980524399854294,464.56958851545033,28.039714702544984,0.35918904350535696,1.0,0.7737523798626278,0.4787804695830532,0.2949719102795746,false,0.8369285035951702
124,263.5725806451613,135.0,47,14.380638918863713,270,86,258,73,11.817442994855828,0.27378289280649626,47.4558441227157,79.7258064516129,0.691914040516845,0.25806451612903225,0.5736875395319418,0.45082530187216124,0.1228622376597806,true,0.9185185185185185
249,283.1124497991968,251.0,49,23.218438039656572,293,127,271,114,13.882193606728277,1.4322389224430874,62.04163056034262,120.20080321285141,0.8129106335573298,0.01606425702811245,0.6058744783053782,0.411168894538824,0.19470558376655422,true,0.9920318725099602
650,308.01846153846157,676.0,51,34.92819199954426,322,343,293,315,24.594988619258043,-0.7850643285198667,103.94112549695429,329.2923076923077,0.7560462965530834,0.9046153846153846,0.7117647058823532,0.5329216055537093,0.17884310032864392,true,0.9615384615384616
106,346.25471698113205,112.0,55,17.378464735618152,354,291,338,283,8.012605729806484,1.4452549760668891,43.21320343559642,286.5660377358491,0.7133173787009938,1.0,0.7182019977802442,0.5509583157725729,0.16724368200767126,false,0.9464285714285714
188,392.52127659574467,189.0,60,17.78858985452575,400,190,384,176,13.684299403460937,1.1447920637970788,51.79898987322333,183.2127659574468,0.8804914272545586,1.0,0.7150813516896121,0.6716721326727608,0.04340921901685124,false,0.9947089947089947
127,6.05511811023622,128.0,1,16.747840322551912,12,254,1,239,10.173491264578951,0.521845073541674,44.384776310850235,247.55905511811022,0.8101128369880023,1.0,0.911409603211363,0.8860600060501064,0.02534959716125662,true,0.9921875
405,21.587654320987653,464.0,3,32.924619431969006,37,373,2,353,17.36333069922714,1.2029611247247458,103.32590180780451,362.5358024691358,0.4767014560229981,1.0,0.9306027596223676,0.91808058483509,0.012522174787277573,true,0.8728448275862069
170,10.170588235294117,188.0,4,17.232952064417777,19,396,3,383,13.503987614204162,0.9716418867328963,55.698484809835,390.02941176470586,0.6886079357218895,1.0,0.9275663206459054,0.8990426217435332,0.028523698902372163,false,0.9042553191489362
200,30.115,210.0,6,20.109069741617407,37,283,22,264,13.183175418948471,0.4080734593915859,57.834523779156065,273.31,0.751390209464876,1.0,0.9203137254901962,0.8970992886655025,0.023214436824693707,true,0.9523809523809523
135,38.71851851851852,139.0,9,17.625716122805063,47,400,31,389,10.022182640308985,1.275790819590455,46.8700576850888,394.7481481481482,0.7722406459703564,1.0,0.9288598402323892,0.904742818971276,0.02411702126111326,false,0.9712230215827338
439,61.391799544419136,490.0,12,30.753998546334323,74,129,48,103,19.466109186491764,0.802430369392906,102.15432893255071,115.54441913439635,0.5286409890937562,1.0,0.8843003260529727,0.8605349832240592,0.023765342828913516,false,0.8959183673469387
667,79.33583208395802,735.0,16,34.96656894231326,96,32,59,2,27.80517665225299,1.554618083592645,113.15432893255071,19.124437781109446,0.6546261520543307,1.0,0.8871799394420437,0.8450051510699029,0.042174788372140726,false,0.9074829931972789
2131,93.60816518066635,2659.0,17,72.85085725934917,134,114,62,61,44.51367588360804,-1.158513893091861,262.9360748630709,84.32285312060066,0.38734054816303315,1.0,0.884397456777174,0.85577859050597,0.028618866271203913,true,0.8014291086874765
219,76.86301369863014,243.0,18,30.582802612380775,93,400,64,388,10.575332464519366,1.3651164279495371,74.2842712474619,395.8812785388128,0.4987239728771008,1.0,0.9283552690482586,0.8934028783927364,0.03495239065552225,false,0.9012345679012346
289,90.39100346020761,303.0,21,20.479360992849344,100,397,80,378,18.665291151196723,-1.2644257760397954,67.11269837220809,387.4498269896194,0.8063030552797105,1.0,0.9297102924214669,0.9084854631507775,0.02122482927068936,false,0.9537953795379538
202,93.47029702970298,202.0,22,20.591207650138987,103,14,82,1,13.82099529221221,1.436602084696564,57.248737341529164,5.8316831683168315,0.7745142427623385,1.0,0.8939040962919821,0.9200144573958615,-0.02611036110387943,false,1.0
341,97.82111436950147,392.0,23,31.542508864281395,111,153,83,131,14.993363832544167,0.9464757102995353,90.08326112068522,141.95894428152494,0.5280512116552668,1.0,0.8985222241389226,0.8993013894299441,-0.0007791652910215108,false,0.8698979591836735
100,90.12,103.0,25,12.607587795446525,96,379,85,368,10.456037967610289,-1.2956954794216744,39.142135623730944,373.09,0.8202020099817775,1.0,0.9256078431372547,0.9267413632119514,-0.0011335200746966922,false,0.970873786407767
340,103.9235294117647,365.0,28,25.26999646187097,112,48,93,25,18.155251614063896,0.2531188546496763,80.18376618407356,36.64411764705882,0.6645319698349915,1.0,0.8926066897347176,0.8701450729545552,0.02246161678016234,false,0.9315068493150684
125,103.824,140.0,29,14.100578086673144,111,378,96,365,12.800227561322227,1.5044141661450863,48.07716446627535,370.504,0.6795824985778797,1.0,0.9358431372549019,0.9050992080886007,0.030743929166301198,false,0.8928571428571429
3521,147.56915648963363,4224.0,30,97.65230532231163,194,151,97,91,50.077451208502,-1.4568270087008803,347.3980156401965,119.42913944902017,0.36662427932258435,1.0,0.905294284711896,0.8859336823734725,0.019360602338423516,false,0.8335700757575758
349,109.46991404011462,352.0,33,24.99956257892784,122,400,98,383,18.214637809760653,-1.4883245145533686,72.04163056034261,392.2320916905444,0.8450224033591548,1.0,0.9306477892016406,0.935484116127071,-0.004836326925430456,false,0.9914772727272727
104,106.3173076923077,109.0,35,14.655993622872439,113,172,101,160,9.419422464534419,-0.7316957382130082,40.62741699796952,165.375,0.7917804601937769,1.0,0.9010180995475111,0.8953694195882838,0.005648679959227354,false,0.9541284403669725
312,119.40705128205128,317.0,39,23.6261469452149,129,52,112,29,17.341470923502996,-0.031988000679607435,70.07716446627535,39.58653846153846,0.798383249672388,1.0,0.9020613373554556,0.8853725490196076,0.01668878833584797,false,0.9842271293375394
2943,151.38294257560312,3253.0,40,70.12532465041701,182,71,120,7,56.303403802017506,0.6956713713065173,247.03657992645927,39.99252463472647,0.6060069345301797,1.0,0.9096546807645923,0.8947950365273917,0.014859644237200653,false,0.9047033507531509
974,145.1488706365503,1156.0,43,44.342859000849536,165,187,125,145,32.01416436802712,0.5982322332211463,158.0243866176395,164.95071868583162,0.4901405055384055,1.0,0.919982284494906,0.9026934984520127,0.0172887860428933,false,0.842560553633218
356,146.13202247191012,466.0,44,43.213879811457915,161,225,126,200,14.883681671613473,1.0520566465619878,112.22539674441619,211.93820224719101,0.35520376721590696,1.0,0.911775721524565,0.880209341506255,0.031566380018310025,false,0.7639484978540773
112,141.96428571428572,116.0,47,13.333413210647361,149,199,135,187,11.213350293609652,1.486177063275282,42.87005768508881,193.66964285714286,0.7658077390775199,1.0,0.911484593837535,0.9182033096926716,-0.006718715855136614,false,0.9655172413793104
236,148.27118644067798,240.0,48,23.365032876066493,160,14,138,1,13.694242997385155,-1.4776361603051003,63.79898987322333,6.02542372881356,0.7286085475248326,1.0,0.9208208707211699,0.9206848936757801,0.00013597704538981237,false,0.9833333333333333
309,170.33009708737865,346.0,49,24.545833031792554,179,94,160,71,17.84051732270055,0.0827162438027235,80.52691193458118,82.95145631067962,0.5988061519232023,1.0,0.9083317469382574,0.8798543175369501,0.028477429401307264,false,0.8930635838150289
120,175.01666666666668,127.0,50,16.90868483546674,183,200,167,188,9.790400027088408,-1.2221980682960307,47.698484809835,193.8,0.662799150547756,1.0,0.9309477124183004,0.9473530713746322,-0.016405358956331773,false,0.9448818897637795
426,196.90140845070422,505.0,53,33.04300644684148,214,258,180,236,19.23726124660623,-1.1521121941786001,106.5685424949238,246.54694835680752,0.47136942714187635,1.0,0.9289606922581239,0.92576083573526,0.0031998565228639197,false,0.8435643564356435
473,193.7674418604651,506.0,54,26.61279223736384,207,291,181,265,23.82328203205992,-0.1165659268584794,91.49747468305833,277.8414376321353,0.7099909111999897,1.0,0.9334742776603242,0.9176343264578555,0.015839951202468727,false,0.9347826086956522
596,197.001677852349,675.0,56,32.10646315152513,213,62,183,38,25.404766793455348,1.542822358513804,111.49747468305831,50.58724832214765,0.6024570092603515,1.0,0.9190814580865903,0.8858763969216782,0.033205061164912064,false,0.882962962962963
206,190.6504854368932,229.0,57,30.129439675334428,195,180,184,153,9.401431228934847,-0.13491110343181087,68.04163056034263,167.67961165048544,0.5591491374125158,1.0,0.930820483533219,0.922645322219065,0.008175161314153967,false,0.8995633187772926
346,204.7485549132948,385.0,59,29.471545086696857,217,115,197,86,17.204519945744334,-0.31248582828775684,85.84062043356593,99.6300578034682,0.5900655596838474,1.0,0.9231553893233593,0.9209555898731805,0.0021997994501787854,false,0.8987012987012987
345,210.46666666666667,361.0,62,25.78329858254078,219,280,201,256,17.808942085798158,0.3198741922383167,75.69848480983498,266.6434782608696,0.7565795279989224,1.0,0.9367433930093777,0.9674029949532555,-0.030659601943877846,false,0.9556786703601108
134,211.72388059701493,148.0,64,14.959544555212842,218,296,205,282,12.27195899068878,0.4973131457860171,50.49137802864845,288.7835820895522,0.6605112436168182,1.0,0.9429031314018144,0.9392659627953747,0.0036371686064397,false,0.9054054054054054
155,216.2516129032258,161.0,65,17.289603209505895,223,315,209,298,12.04211416977196,0.4002441315091007,49.698484809834994,306.71612903225804,0.7885972632463031,1.0,0.939506641366224,0.9492838270059795,-0.009777185639755492,false,0.9627329192546584
127,221.748031496063,127.0,67,14.578390809869465,229,99,215,88,11.166809206256119,1.1261006249792653,40.62741699796952,93.96062992125984,0.9668857542750929,1.0,0.9239462714219545,0.9323463169051401,-0.008400045483185625,false,1.0
118,226.14406779661016,124.0,69,13.989464055285486,232,79,220,67,11.075237344241515,1.0820086303701926,42.627416997969526,72.6864406779661,0.8160444894768397,1.0,0.9258225324027916,0.9271695052716946,-0.0013469728689030624,false,0.9516129032258065
2102,254.4348239771646,2743.0,71,82.6040558430641,282,324,221,250,37.195156752739194,-0.5342551169262394,284.80003589374985,287.80637488106566,0.3256585586039496,1.0,0.9374601220126492,0.9269127696636735,0.010547352348975636,false,0.7663142544659133
104,24.432692307692307,111.0,6,15.203769950591495,30,170,19,156,9.477587732662755,0.35945044704655743,44.2842712474619,162.85576923076923,0.666414133110194,1.0,0.8682880844645547,0.8379884659746255,0.030299618489929236,false,0.9369369369369369
6434,119.67050046627293,8442.0,9,138.92034657431532,200,235,57,153,74.37829498823662,-1.3326033346704413,587.2985565973347,192.72256760957413,0.2344083369079994,1.0,0.8859447664673575,0.7974192209486332,0.08852554551872438,false,0.7621416725894338
166,74.39156626506023,177.0,10,16.454187327706688,83,113,66,98,13.751154067307247,1.2848763368447504,54.2842712474619,105.15060240963855,0.7078967659460019,1.0,0.8745098039215685,0.7780935903773276,0.0964162135442409,false,0.9378531073446328
370,75.84594594594594,399.0,11,27.99239523347479,86,97,67,69,17.423486760820268,-0.24441216527750745,84.25483399593904,83.47027027027028,0.654970792346716,1.0,0.8866878643349233,0.7655654042438896,0.12112246009103367,false,0.9273182957393483
255,75.68627450980392,271.0,12,26.97557197147337,85,270,67,246,12.588496457917092,-0.4399192716709202,72.42640687119285,258.3058823529412,0.6108803623796668,1.0,0.8962245290272972,0.7405979462385586,0.15562658278873864,false,0.940959409594096
116,78.92241379310344,117.0,13,13.435647988917673,86,124,73,113,11.130162144926347,1.220174563894576,39.79898987322333,118.9396551724138,0.9202879896258125,1.0,0.8684584178498986,0.8123470641662665,0.05611135368363218,false,0.9914529914529915
1718,103.36961583236321,2034.0,14,62.937230323284254,135,311,74,269,38.95491442347822,1.503733497910496,225.7228714274745,292.31431897555296,0.42372285602781967,1.0,0.9380971946403703,0.7760015634160641,0.16209563122430626,true,0.8446411012782694
3305,110.34190620272315,4604.0,15,114.30945104594741,145,136,80,30,46.53908435110566,0.25861993994443855,388.3746750430835,78.36641452344932,0.2753464756860955,1.0,0.862607457506452,0.8044252190777915,0.05818223842866044,false,0.7178540399652477
522,99.28352490421456,562.0,17,30.62204962811086,117,353,85,329,23.397768929514253,-1.5114775607507946,101.08326112068524,340.455938697318,0.641980560924053,1.0,0.9324092855533019,0.7650376162549615,0.16737166929834046,true,0.9288256227758007
442,105.73981900452489,466.0,18,29.282576522056154,120,25,93,1,21.258432154213207,-0.8892494306539366,93.84062043356595,10.223981900452488,0.630740027063177,1.0,0.866773134593204,0.7895127071329667,0.07726042746023731,false,0.9484978540772532
440,111.34545454545454,509.0,19,37.19639979459612,130,271,98,244,17.216532732968123,-0.9097573284419024,106.32590180780451,258.5954545454546,0.4890850532733439,1.0,0.9061140819964351,0.8593863471314449,0.046727734864990156,false,0.8644400785854617
206,114.4126213592233,216.0,20,19.84032217813491,123,157,104,140,14.179299653692448,-0.856458407816084,59.94112549695428,149.873786407767,0.7204889056518465,1.0,0.8664572625166569,0.8460413354531005,0.02041592706355644,false,0.9537037037037037
4721,172.08642236814234,5621.0,23,114.80342532514965,223,379,114,309,58.21362547083183,-1.3989828081360098,367.01933598375615,345.4069053166702,0.44041892664396104,0.9574242745181105,0.9248073895942616,0.6717402532870436,0.253067136307218,true,0.8398861412560042
218,142.10091743119267,231.0,24,21.433670163190133,152,324,133,306,13.445930726208992,-0.8451945963883603,61.90559159102154,316.3394495412844,0.7148363048520107,1.0,0.9251124302932182,0.8117947562166631,0.11331767407655513,true,0.9437229437229437
187,142.12299465240642,187.0,25,19.165990045319067,148,288,136,270,12.52533853899311,0.2156156290028308,51.798989873223334,279.475935828877,0.8758079622159705,1.0,0.9525217573660479,0.7975200583515684,0.15500169901447958,true,1.0
366,150.11475409836066,378.0,26,29.78036637943968,162,235,139,210,16.01666018173757,-0.7398047530767107,78.42640687119285,221.5601092896175,0.747767030858622,1.0,0.880992178292082,0.862605475626783,0.01838670266529896,false,0.9682539682539683
144,154.38888888888889,152.0,27,16.17124134930585,162,157,146,146,11.674477391228402,1.397884951836802,47.4558441227157,151.5,0.8035130793098845,1.0,0.856535947712418,0.8371471101529621,0.019388837559455974,false,0.9473684210526315
274,155.1058394160584,289.0,28,20.11970266058099,164,258,146,236,17.667555781371483,-0.1682364099656619,65.52691193458118,246.34306569343065,0.8019014959866678,1.0,0.9017317876055534,0.8613220133414193,0.04040977426413406,false,0.9480968858131488
586,166.93856655290102,610.0,29,35.165597809722286,185,324,148,300,21.898475942270693,1.3913429108722415,103.25483399593904,310.93686006825936,0.6906956080031731,1.0,0.9193468513685336,0.7057193117947398,0.21362753957379377,true,0.9606557377049181
113,160.09734513274336,117.0,30,16.187513442640043,166,290,155,276,9.29129172204311,-0.3651523429218862,42.62741699796952,282.62831858407077,0.7814663331430756,1.0,0.9387818844351897,0.7675117370892022,0.17127014734598756,true,0.9658119658119658
376,167.10638297872342,416.0,31,24.70594732365543,179,273,157,248,21.044501260333366,-0.2901801994392889,85.2193000900063,260.6063829787234,0.6506115711424321,1.0,0.9221005423445977,0.8329454623379405,0.08915508000665717,false,0.9038461538461539
218,196.06422018348624,224.0,33,25.44205876890345,207,315,185,299,11.177219953362021,-1.1375623506124453,62.526911934581186,306.91743119266056,0.7007004507801319,1.0,0.9425616118006835,0.5589470683265226,0.3836145434741609,true,0.9732142857142857
424,214.81603773584905,444.0,34,41.721250243140375,235,384,195,369,13.703558930010223,-1.4272691863294784,97.94112549695429,376.813679245283,0.5554507272746592,0.11320754716981132,0.9419348871624121,0.7100266790996453,0.2319082080627668,true,0.954954954954955
169,239.50887573964496,172.0,36,18.8773822068089,248,255,230,243,11.762410046966325,-1.3611091017261534,52.04163056034262,249.8698224852071,0.7841421117511733,1.0,0.9357930154310246,0.8803095395461555,0.055483475884869016,false,0.9825581395348837
175,267.57714285714286,200.0,39,18.889546764520922,275,17,260,1,13.314787642683328,-0.10524403015398738,57.45584412271571,9.565714285714286,0.6661614448745717,1.0,0.8709243697478991,0.7614973262032083,0.1094270435446908,false,0.875
962,328.6060291060291,1084.0,43,44.498913789282476,355,34,306,1,30.962442888014362,-1.2665150457191936,151.9177848998413,13.441787941787942,0.5238026573231752,1.0,0.8453630100688923,0.6858956506466953,0.15946735942219692,false,0.8874538745387454
104,315.75961538461536,111.0,44,15.729915714097773,322,55,309,42,8.854189669546445,-0.7799852819195313,42.04163056034262,48.82692307692308,0.7394079236188003,1.0,0.8221342383107088,0.5427025795797504,0.2794316587309583,false,0.9369369369369369
187,317.80748663101605,189.0,45,18.92960466099191,325,220,310,203,12.77275003794083,-0.6210106397848876,52.2842712474619,211.23529411764707,0.8596256235895224,1.0,0.9318024536017617,0.6340528146742571,0.2977496389275046,false,0.9894179894179894
134,326.65671641791045,135.0,48,15.710517117254517,334,228,320,214,11.086081068369209,-0.7448845147071719,43.698484809834994,221.34328358208955,0.8818239809346345,0.9776119402985075,0.9335381913959614,0.8056936389579303,0.12784455243803106,false,0.9925925925925926
123,4.056910569105691,125.0,1,18.648169107131178,9,184,1,165,9.280246680742968,0.016252594752114772,46.76345596729059,174.90243902439025,0.7068085211497525,1.0,0.9243743025665548,0.8986192382712245,0.025755064295330365,false,0.984
139,6.517985611510792,146.0,2,17.6799776436806,13,266,1,251,10.280358358728973,0.5633358621819151,46.970562748477136,257.9928057553957,0.7917227735240768,1.0,0.9244745380166455,0.9011600928074242,0.023314445209221324,false,0.952054794520548
931,17.81203007518797,991.0,3,41.7609461493384,43,400,1,371,31.06104653550317,1.2413448402882088,137.73401871576775,387.62513426423203,0.6167044845296825,1.0,0.9332153914197253,0.9137541147846001,0.019461276635125202,false,0.9394550958627649
361,34.05540166204986,368.0,4,26.08606944163944,46,134,21,114,18.133813802256093,-1.1167189071821408,76.18376618407356,123.27423822714681,0.7816137468793986,1.0,0.9214817228830594,0.8958012070807703,0.02568051580228914,false,0.9809782608695652
1011,43.176063303659745,1174.0,6,48.18163187416542,59,252,23,207,30.9785806856468,0.31735709379210425,155.1959594928933,226.89812067260138,0.5274729574518635,1.0,0.9295824363375412,0.9074367417163535,0.02214569462118776,false,0.8611584327086882
485,45.577319587628864,504.0,7,27.990509583353145,58,105,34,81,22.468908504955948,0.6973527690048658,87.01219330881975,93.08041237113402,0.8049916408045209,1.0,0.9128764908025067,0.8796063367728651,0.03327015402964151,false,0.9623015873015873
9022,101.19142097095988,9368.0,10,117.99519461435337,156,366,44,245,98.57306891321723,-0.6549808842792854,409.6883835420683,303.6742407448459,0.6754689448440756,1.0,0.9348294582741099,0.9097856178644147,0.025043840409695206,true,0.963065755764304
255,71.25882352941177,286.0,12,23.730882829223575,83,151,59,135,15.23711203198639,-1.5000446116305013,72.97665940288702,142.21176470588236,0.6017028744797429,1.0,0.9207535563244906,0.8954537163702685,0.025299839954222136,false,0.8916083916083916
107,65.14018691588785,110.0,13,15.279375987205228,71,162,59,149,9.201370648129988,0.664810916100264,40.04163056034262,155.45794392523365,0.8386294956492336,1.0,0.9201759208356239,0.8951768488745978,0.02499907196102613,false,0.9727272727272728
134,85.7910447761194,140.0,17,19.50805717658437,95,160,77,150,9.134119603273422,-1.3374328854091024,49.45584412271571,154.61194029850745,0.6884611288275596,1.0,0.9245244366403277,0.9017644664703486,0.022759970169979105,false,0.9571428571428572
969,103.03508771929825,1017.0,19,40.105941384389084,119,119,82,79,32.01075135683089,0.4241055968041026,128.81118318204307,98.4014447884417,0.7338824501611027,1.0,0.9187640381229886,0.8548967962953401,0.06386724182764847,true,0.9528023598820059
142,90.46478873239437,142.0,20,14.492348636921637,97,63,84,50,12.49968061484454,-0.7853981633974486,42.627416997969526,56.46478873239437,0.9820196398789088,1.0,0.8925711129522232,0.7882187891991818,0.10435232375304149,true,1.0
223,114.02690582959642,224.0,22,18.85976162303288,122,26,107,7,15.247474080817648,0.2782715736184698,56.2842712474619,16.408071748878925,0.8845871624420524,1.0,0.8997274246021282,0.8014732965009209,0.09825412810120726,false,0.9955357142857143
101,121.79207920792079,104.0,23,13.490170061037558,128,228,116,217,9.854575339505606,-1.100199843512515,39.21320343559642,222.35643564356437,0.8254040449914846,1.0,0.9216462822752863,0.9013066275521386,0.020339654723147693,false,0.9711538461538461
489,133.24948875255623,553.0,24,29.722602988206596,148,181,120,151,23.070241146379708,-0.4643932849418199,99.49747468305831,166.2719836400818,0.6207183819683066,1.0,0.920846866353904,0.9084920676566793,0.012354798697224667,false,0.8842676311030742
233,138.66523605150215,246.0,25,22.044508255446782,149,149,128,135,13.752157180522616,1.3766433167367942,61.45584412271571,142.00429184549355,0.7752457757868322,1.0,0.9244130270133805,0.9020279762995541,0.02238505071382635,false,0.9471544715447154
109,136.89908256880733,112.0,26,15.210265944810336,144,59,130,51,9.208343437501483,-1.5059165350966055,39.55634918610404,55.03669724770642,0.8753947908667521,1.0,0.9041914013311746,0.8010277428469412,0.10316365848423337,false,0.9732142857142857
155,138.38709677419354,157.0,27,15.141598449240083,145,15,132,1,13.40405488458252,-0.24484360270838162,47.79898987322333,7.2,0.8525191131649013,1.0,0.8990259329538268,0.8345573380867499,0.0644685948670769,false,0.9872611464968153
1053,163.80816714150046,1277.0,28,55.26085819203073,185,180,141,131,28.72656241982113,0.6074801526289018,161.36753236814712,158.41690408357076,0.5081663689721687,1.0,0.9289089994972349,0.8977021276595745,0.031206871837660466,false,0.8245888801879405
259,159.06177606177607,264.0,29,19.445371991605768,168,197,150,178,17.217728046472022,0.01303531644763482,63.76955262170046,188.23552123552125,0.8003554152255309,1.0,0.9225225225225226,0.9045168067226891,0.018005715799833566,false,0.9810606060606061
684,168.32894736842104,700.0,30,35.101634984227694,185,133,151,104,25.507068130309438,-1.1309955020492346,103.9827560572969,117.65789473684211,0.7949564132645754,1.0,0.9174979933493863,0.8612237519121126,0.056274241437273664,true,0.9771428571428571
244,173.61065573770492,252.0,31,22.74941170084449,185,365,163,348,14.161956625108381,1.1171452893305247,63.35533905932738,356.01229508196724,0.7638942682882741,1.0,0.9314046930247509,0.906381219154328,0.02502347387042292,true,0.9682539682539683
149,171.61073825503357,154.0,32,17.997765739009598,178,208,165,191,10.927373231636762,0.45740725458351345,49.112698372208094,200.11409395973155,0.7762623817664386,1.0,0.9204105803395183,0.9068345235465899,0.013576056792928393,false,0.9675324675324676
461,183.53145336225597,502.0,33,29.79656607144444,194,260,171,231,21.42403453877063,-0.08740957565449345,93.84062043356595,245.21041214750542,0.6578532861450782,1.0,0.9272936072476716,0.9039226871581485,0.02337092008952313,false,0.9183266932270916
154,182.7012987012987,158.0,34,16.50515984535412,191,82,176,68,12.035871724864966,0.8855060878799597,47.698484809835,75.44805194805195,0.8505922432029536,1.0,0.9035141329258976,0.809396368247068,0.0941177646788296,false,0.9746835443037974
150,190.26666666666668,150.0,35,21.67503219160276,202,9,180,1,9.568016254613056,-1.526012394303473,51.7634559672906,4.24,0.703484600143468,1.0,0.9171241830065359,0.8233172880802808,0.09380689492625505,false,1.0
201,192.92039800995025,222.0,36,22.65913502929853,200,100,187,79,12.586761831892522,0.010509217323922768,63.35533905932738,89.17910447761194,0.6292735570735373,1.0,0.9023509901473028,0.8211482970940405,0.08120269305326233,false,0.9054054054054054
189,197.25925925925927,191.0,38,17.500769307616103,205,48,190,31,13.912726244577446,-0.5717413881977372,52.2842712474619,39.629629629629626,0.8688194805263088,1.0,0.8933499325656189,0.7535643581400955,0.13978557442552342,true,0.9895287958115183
149,210.4496644295302,152.0,40,18.060659267681103,218,359,203,345,10.746123878482782,-0.987779833925899,49.45584412271571,352.3557046979866,0.7655276730993014,1.0,0.9274115015133573,0.9076666097223016,0.019744891791055652,false,0.9802631578947368
184,217.20108695652175,184.0,41,17.20206699333122,226,219,209,205,13.768716316415826,-1.458272016052292,50.8700576850888,212.20108695652175,0.8935178374326095,1.0,0.9312020460358058,0.9104962420276449,0.02070580400816091,false,1.0
592,227.3310810810811,600.0,43,30.807049243580042,243,256,212,230,25.25819546668115,-1.1752855771665627,95.49747468305833,241.1706081081081,0.8157325572543123,1.0,0.9291202967673552,0.8983081096516273,0.030812187115727863,true,0.9866666666666667
141,222.22695035460993,143.0,44,15.995597364533994,230,32,215,21,11.338401781878515,-1.566465706514363,45.21320343559642,26.120567375886523,0.8667591187663612,1.0,0.906827979418718,0.6903667581022045,0.21646122131651346,true,0.986013986013986
522,237.5,638.0,45,43.73167896132077,260,199,221,176,18.846832372391297,-1.4264324031994011,116.5685424949238,187.33333333333334,0.48274483331819024,1.0,0.9273533168056497,0.9065579677506528,0.020795349054996914,false,0.8181818181818182
601,236.955074875208,615.0,46,36.263824156954676,249,345,225,310,21.661729811420674,-0.3421404000568855,102.08326112068524,327.86356073211317,0.7247283745669141,1.0,0.9276891455417438,0.9048117479776794,0.022877397564064372,true,0.9772357723577236
128,232.328125,128.0,47,14.958637200377446,239,127,226,116,10.954447283865308,1.19490107973694,41.55634918610404,121.6796875,0.9314189294147704,1.0,0.9144301470588235,0.8730600670275845,0.04137008003123899,false,1.0
116,241.27586206896552,123.0,50,13.38325515564926,249,386,235,374,11.567832972470589,0.696052521924499,42.04163056034261,380.38793103448273,0.8247242224978928,1.0,0.9277552400270453,0.9129210658622421,0.01483417416480326,false,0.943089430894309
297,250.40740740740742,299.0,53,23.05786023706457,262,298,239,281,16.572904024013027,1.4289638931459805,67.11269837220809,289.9124579124579,0.8286228630383184,1.0,0.925212913448208,0.8922036135632372,0.03300929988497081,false,0.9933110367892977
139,251.07194244604315,139.0,54,16.15033634437248,259,381,244,370,11.080945786740147,1.3515908737096898,44.384776310850235,375.3453237410072,0.8866589318215143,1.0,0.9277472139935111,0.9091481625762888,0.01859905141722229,false,1.0
140,253.1642857142857,142.0,55,15.957024342357322,259,24,247,9,11.3701859808649,-0.48015095806620944,45.45584412271571,16.014285714285716,0.8514486191682586,1.0,0.9287114845938376,0.5964740792459419,0.3322374053478957,true,0.9859154929577465
333,260.021021021021,344.0,56,30.191076622543555,276,400,247,387,14.656360875236027,1.4543392527665109,77.45584412271572,394.08708708708707,0.6975024138915565,1.0,0.9265854089383505,0.9146135408071044,0.011971868131246066,false,0.9680232558139535
255,264.7019607843137,274.0,60,19.530597327675302,276,202,256,182,17.78739701995386,0.18440921491095105,65.01219330881976,192.82745098039214,0.7581591983289352,1.0,0.9308727412533642,0.9212821201539979,0.009590621099366259,false,0.9306569343065694
188,269.02659574468083,188.0,62,17.507530286909336,278,169,261,156,13.804533745351934,-1.5486519058878527,51.21320343559642,162.03191489361703,0.9007490833519796,1.0,0.9294952023362537,0.9034164890246006,0.026078713311653123,false,1.0
159,270.5660377358491,171.0,63,17.422108645835927,277,58,264,41,12.581127681602402,0.00839268518793148,55.11269837220809,49.132075471698116,0.6578147968850885,0.09433962264150944,0.9246762856085831,0.7150460525216056,0.20963023308697748,true,0.9298245614035088
234,271.517094017094,234.0,64,20.345256388314034,278,109,264,89,14.720042278900314,0.04364553428460792,56.8700576850888,98.6880341880342,0.9091978161309259,1.0,0.9181833417127537,0.869328439638925,0.0488549020738287,false,1.0
285,279.8,297.0,65,24.63574726619214,292,209,267,193,15.300192809356892,-1.4812036405636755,69.59797974644665,202.00350877192983,0.7393693740521623,1.0,0.9342965256277953,0.9169325531259618,0.017363972501833524,false,0.9595959595959596
380,288.93947368421055,400.0,68,28.417552350760467,300,148,274,128,18.374309216060645,1.1671458871950704,80.18376618407356,136.54473684210527,0.7427122015802847,1.0,0.925841073271414,0.8945630935300946,0.031277979741319406,true,0.95
147,291.46938775510205,156.0,70,15.45344912922954,299,258,284,244,13.294665529391164,1.230701747018765,51.112698372208094,250.40136054421768,0.7070816726111734,1.0,0.9247699079631855,0.9064207905384374,0.018349117424748096,false,0.9423076923076923
116,291.42241379310343,118.0,71,13.375183782698137,298,22,285,10,11.238779572094595,-1.528211684862167,40.79898987322333,15.698275862068966,0.8757275887858329,0.0,0.9219405003380662,0.5655297008238186,0.3564107995142476,true,0.9830508474576272
205,306.9609756097561,213.0,72,36.697261326862446,323,400,288,394,7.610086362145735,-1.5389273615148442,78.34924240491749,397.390243902439,0.4196566623277311,1.0,0.9229268292682927,0.8990697800558672,0.023857049212425485,false,0.9624413145539906
542,307.1328413284133,569.0,73,38.02689912675405,328,103,289,82,19.09583113305833,1.3799331344138122,101.9827560572969,93.66420664206642,0.6548708534766868,1.0,0.9290282902829031,0.8896779597915115,0.03935033049139158,false,0.9525483304042179
294,302.0204081632653,305.0,75,21.34915798562023,312,64,293,42,18.092839737316222,-0.04514074075105714,70.18376618407356,53.564625850340136,0.7500390160595835,1.0,0.9186874749899961,0.8278180237612286,0.09086945122876755,true,0.9639344262295082
234,307.6923076923077,240.0,77,20.390784593972167,316,231,301,210,15.339648207875797,0.2973049449679652,61.11269837220809,220.33760683760684,0.7873408802643043,1.0,0.9287414110943525,0.915933489112398,0.012807921981954462,false,0.975
985,320.85989847715734,1010.0,78,42.76025683582248,338,375,303,336,29.809114570404095,0.6303371257291841,125.39696961966999,356.2527918781726,0.7871763032723529,1.0,0.9305703194983568,0.8997893210257609,0.030780998472595855,true,0.9752475247524752
128,309.171875,128.0,79,16.382696804299382,314,34,304,18,10.235928761275103,-0.004357084153355327,43.798989873223334,26.3046875,0.8384779468052586,0.765625,0.9395526960784312,0.7031308726022056,0.23642182347622553,true,1.0
148,325.3581081081081,150.0,83,16.521037620398012,333,68,317,55,11.630597650225031,1.217175501832281,46.87005768508881,60.986486486486484,0.8466045600267608,1.0,0.9297562268150503,0.8930406544169032,0.036715572398147156,false,0.9866666666666667
378,331.27777777777777,381.0,84,24.90046266226778,343,158,318,138,19.63474579982449,-1.304228586216589,74.76955262170047,148.51322751322752,0.8496735512557714,1.0,0.9338001867413632,0.909284558353092,0.02451562838827126,true,0.9921259842519685
100,329.29,100.0,87,13.189704474884756,336,34,323,24,9.721548017944723,-1.3458346069662448,37.21320343559643,29.31,0.9074354673012884,1.0,0.9329803921568627,0.8521898479017773,0.08079054425508536,true,1.0
1148,356.68815331010455,1360.0,88,62.402298875577166,382,103,328,65,26.38196872049245,1.1555240141303877,166.12489168102783,82.07752613240419,0.5227359039862636,1.0,0.9410603265696523,0.9007330165804706,0.04032730998918177,false,0.8441176470588235
464,343.0689655172414,478.0,89,24.882609142710105,356,196,330,172,24.474809201254317,-1.5219818674631624,84.42640687119284,183.23275862068965,0.8180337685562779,1.0,0.9332826233941856,0.9185490892627035,0.01473353413148204,false,0.9707112970711297
201,338.19900497512435,203.0,90,18.87029654304823,345,325,330,308,13.9517861076842,0.4897224243414841,54.04163056034261,316.12935323383084,0.8648664157216293,1.0,0.9228172861184271,0.9056063283682572,0.017210957750169897,false,0.9901477832512315
412,343.79126213592235,425.0,91,25.89113999433078,354,128,334,103,20.514250337959552,0.01558775124410148,78.18376618407356,115.81553398058253,0.8469814642477389,1.0,0.9319246145059967,0.8988450952016118,0.03307951930438491,false,0.9694117647058823
136,341.8602941176471,136.0,92,15.705432312520365,348,244,336,230,11.117582540803632,-0.3934496453007349,43.21320343559642,236.875,0.9151996556918411,1.0,0.9284313725490196,0.9151104307894157,0.013320941759603966,false,1.0
158,352.2974683544304,160.0,93,16.380308593130497,358,349,345,333,12.623148516620114,-0.44512688434144787,48.04163056034262,340.7911392405063,0.86026345233726,1.0,0.9267808389178452,0.9059420419613807,0.02083879695646451,false,0.9875
798,364.203007518797,880.0,94,36.90474838843004,386,230,346,198,30.260703297073974,-1.523066754319084,125.63961030678928,215.62155388471177,0.6352718245156983,1.0,0.9322816846036653,0.9137551148882597,0.018526569715405672,false,0.9068181818181819
187,354.16042780748666,190.0,95,17.415430606679283,362,276,347,260,13.800305693210003,-0.7458252525650209,52.284271247461895,267.9465240641711,0.8596256235895228,1.0,0.9297682709447417,0.9098039215686273,0.019964349376114354,false,0.9842105263157894
209,362.8899521531101,222.0,97,19.339627232873028,370,127,354,109,14.532767044799758,-0.4766202477293456,58.526911934581186,119.0,0.7667343675624229,1.0,0.9339150014072619,0.9129884242853767,0.02092657712188517,false,0.9414414414414415
164,363.5914634146341,166.0,98,16.044069528466004,370,153,355,138,13.750066728850546,-0.7359804109817639,49.83452377915607,146.3048780487805,0.8298375584546243,1.0,0.9321616451458632,0.916717111900689,0.015444533245174141,false,0.9879518072289156
156,370.88461538461536,158.0,100,19.686504480150813,379,395,362,381,10.387229313247754,1.0560981758595767,50.8700576850888,387.9102564102564,0.7575477317363428,1.0,0.9226244343891403,0.9083524318818434,0.014272002507296877,false,0.9873417721518988
106,370.99056603773585,107.0,102,14.068807978086708,378,186,365,177,9.749566458776899,-1.5126131199758366,38.97056274847714,181.43396226415095,0.8770863958467844,1.0,0.9300036995930447,0.9181194295900181,0.011884270003026609,false,0.9906542056074766
112,371.45535714285717,112.0,103,13.271115512435452,377,377,365,365,10.89221043487666,-0.7007627253345955,39.21320343559643,371.4375,0.9152995350400618,1.0,0.9260504201680672,0.9094174481386754,0.016632972029391735,false,1.0
219,376.5068493150685,227.0,104,19.586470509092916,384,152,369,133,14.636276614271072,-0.3061245975801065,58.87005768508881,142.54337899543378,0.7940814596034399,1.0,0.932294744381771,0.9128991596638657,0.019395584717905257,false,0.9647577092511013
134,376.76119402985074,134.0,105,16.117364788729756,384,359,370,344,10.95769370189566,0.6431204395215344,45.112698372208094,351.35820895522386,0.8274029268502334,1.0,0.9280655545800409,0.9140989729225024,0.013966581657538502,false,1.0
152,381.44736842105266,152.0,106,15.848000612609058,389,12,374,1,12.94689306427013,-1.5474432525491588,46.72792206135785,5.684210526315789,0.8747833617816394,1.0,0.9003095975232199,0.8502331879043176,0.05007640961890236,false,1.0
171,381.8187134502924,182.0,107,16.476920088289024,389,336,374,322,13.936359876201566,0.7766022892655153,53.45584412271572,328.8654970760234,0.751996104100038,1.0,0.9276000458662997,0.9175738952297341,0.010026150636565645,false,0.9395604395604396
127,383.6062992125984,130.0,108,18.654017331912044,392,374,375,362,8.889041081891403,1.0537109139499972,46.45584412271571,368.26771653543307,0.7394909669740823,1.0,0.9283927744326077,0.9151565839605987,0.013236190472008968,false,0.9769230769230769
357,392.2408963585434,395.0,109,28.069362929792447,400,109,381,82,18.464992282711886,0.5664374225394613,82.87005768508881,92.79551820728291,0.6532550832364818,1.0,0.9436810018124897,0.8996170343137257,0.044063967498763956,false,0.9037974683544304
120,388.44166666666666,120.0,110,14.425783404080008,395,182,381,171,11.037768285941022,-1.4811794547049058,41.21320343559643,176.975,0.8878065900104647,1.0,0.9292483660130717,0.9115766854687084,0.0176716805443633,false,1.0
554,394.615523465704,635.0,111,57.562457916245805,400,253,383,201,14.143852431557546,0.10903023269571459,130.1126983722081,223.57581227436822,0.41122571216759,1.0,0.9307354710837406,0.9150394439794025,0.01569602710433804,false,0.8724409448818897
386,392.6968911917098,388.0,112,27.59320370267798,400,152,384,127,18.270692436878054,0.06979887623081271,76.38477631085023,139.2020725388601,0.8313493209451933,1.0,0.935609062277761,0.9110069148432324,0.0246021474345286,false,0.9948453608247423
149,395.69127516778525,152.0,113,17.26548620182498,400,328,389,312,11.89936519250508,0.16892852615048276,49.55634918610405,320.03355704697987,0.7624256937042305,1.0,0.92914857218055,0.905103702130672,0.024044870049877987,false,0.9802631578947368
169,396.6094674556213,180.0,114,24.44776788442618,400,352,390,329,9.779760400901996,0.09326010503961264,59.349242404917504,339.07100591715977,0.6029290503344716,1.0,0.9284835827822254,0.9154526059128315,0.013030976869393918,false,0.9388888888888889
225,396.15555555555557,227.0,115,28.661085352380706,400,294,391,266,10.512217172430288,-0.08229392052258272,65.7634559672906,281.5155555555556,0.6537671974785115,1.0,0.9288714596949895,0.9071546375559566,0.02171682213903292,false,0.9911894273127754
127,9.37007874015748,127.0,1,17.374861571394746,14,74,4,58,9.427599848624103,-0.3548647479415664,43.79898987322333,66.61417322834646,0.8319273378458428,0.0,0.7052030260923267,0.264397533206831,0.44080549288549564,true,1.0
114,20.333333333333332,114.0,2,14.589578627400114,28,133,14,124,10.028207233572578,-1.506878145173015,39.55634918610405,128.42105263157896,0.9155505152184378,0.0,0.7238390092879257,0.14790728539602788,0.5759317238918977,true,1.0
1038,67.53564547206166,1111.0,3,44.88609965794969,86,118,44,80,31.024341467581646,0.9151275496503181,136.71067811865476,99.25722543352602,0.697914694612882,0.0,0.7041142468548113,0.09058512942484205,0.6135291174299692,true,0.9342934293429342
222,51.74324324324324,222.0,4,17.476870957878894,60,182,44,165,16.232967352474144,0.1675165780596028,54.2842712474619,173.76576576576576,0.9467053134940507,0.0,0.7060590001766472,0.494806793010091,0.21125220716655624,true,1.0
298,62.68456375838926,308.0,6,23.169211708058203,72,153,52,134,16.770157038358967,-0.959983296284362,69.11269837220809,143.45302013422818,0.7839898301960013,0.0,0.7342413475457297,0.23765166855995123,0.49658967898577844,true,0.9675324675324676
108,86.79629629629629,112.0,10,14.264564215424315,93,174,80,163,10.097514222714327,1.183065740780087,41.21320343559643,168.12962962962962,0.7990259310094183,0.0,0.6347494553376907,0.4659318206258737,0.168817634711817,false,0.9642857142857143
116,117.50862068965517,116.0,13,13.950844049841175,124,144,112,132,10.663900687985516,-0.7087941590081329,39.798989873223334,137.35344827586206,0.9202879896258123,0.0,0.7372210953346856,0.38350451291627763,0.353716582418408,true,1.0
180,119.3,181.0,14,19.982143880824985,126,103,113,85,11.564818936633626,-0.3887461270845708,51.45584412271571,93.86666666666666,0.8543050132549964,0.0,0.7343572984749456,0.24328670070710007,0.4910705977678455,true,0.994475138121547
103,200.25242718446603,104.0,18,12.16803059165543,206,261,194,250,11.132723088583628,0.9421216973449659,38.384776310850235,254.54368932038835,0.8784742999088938,0.0,0.7019988577955455,0.14958119169998094,0.5524176660955645,true,0.9903846153846154
302,206.90066225165563,302.0,19,22.919894272126523,218,368,196,351,16.93610338100598,1.449020979717161,65.11269837220809,359.158940397351,0.8951285721391002,0.0,0.7340475262952861,0.1615894039735099,0.5724581223217762,true,1.0
101,224.84158415841586,105.0,20,12.703507072638125,231,210,219,201,10.286113230325014,-1.4482727702226197,38.384776310850235,205.46534653465346,0.8614165465126047,0.0,0.7311978256649194,0.19646529775485233,0.5347325279100671,true,0.9619047619047619
120,236.29166666666666,122.0,23,15.18616037400961,243,278,231,265,10.371353698495906,0.5571642437451005,41.79898987322333,272.10833333333335,0.8630968604407525,0.0,0.7290849673202616,0.19761904761904758,0.531465919701214,true,0.9836065573770492
102,241.8235294117647,103.0,24,14.453909295344527,246,365,237,351,9.155724838378099,-0.10296549260743039,38.384776310850235,358.47058823529414,0.8699454232107492,0.0,0.7263360246059208,0.30640761631897806,0.4199284082869428,true,0.9902912621359223
132,252.53787878787878,133.0,26,16.443112151151112,258,364,248,348,10.349964594169046,0.19202571037445273,44.38477631085023,356.1363636363636,0.8420070431686326,0.0,0.7241830065359477,0.32644212156407276,0.39774088497187493,true,0.9924812030075187
147,260.9183673469388,148.0,30,14.562166046911324,267,219,254,205,13.330839698719243,0.22926887108787605,46.04163056034261,212.31972789115648,0.8714165569830978,0.0,0.7192743764172336,0.2696768848384423,0.44959749157879125,true,0.9932432432432432
384,268.6536458333333,388.0,31,27.95358903208275,281,240,255,221,17.70416514620314,-1.0964923040617396,76.52691193458118,230.68229166666666,0.823972487678448,0.0,0.7267054738562092,0.21720161525332,0.5095038586028893,true,0.9896907216494846
120,288.3666666666667,121.0,35,13.60181800486849,294,352,283,339,11.371088693416581,0.2096954060518758,40.384776310850235,345.06666666666666,0.9246039547582934,0.0,0.7642810457516339,0.5225504720406683,0.24173057371096562,true,0.9917355371900827
212,300.89150943396226,212.0,37,18.657598043806818,309,201,292,188,14.58041797952045,-1.5382673957973438,52.97056274847714,194.46226415094338,0.9494597340328548,0.0,0.7416574176840548,0.22752952396981677,0.5141278937142381,true,1.0
611,308.6939443535188,698.0,38,36.54724880625774,329,360,292,332,24.63293739240835,1.3670769559441283,133.1959594928933,345.55646481178394,0.4327817840794444,0.0,0.7409261576971217,0.6275558351682923,0.11337032252882939,true,0.8753581661891118
856,330.7184579439252,863.0,40,35.04561559996986,348,152,314,119,31.334337454538808,1.0433248290934833,112.5685424949238,134.5163551401869,0.8488863352582924,0.0,0.7652281473336999,0.4050576892682155,0.3601704580654844,true,0.9918887601390498
111,334.9549549549549,111.0,41,12.630866310532513,340,336,328,325,11.500474243653178,1.5591793699621652,38.384776310850235,330.63963963963965,0.9467053134940507,0.0,0.754707648825296,0.6792375194189026,0.0754701294063933,true,1.0
101,336.9207920792079,101.0,43,12.306377824767505,343,190,332,178,10.681850616449076,-0.6795258919697361,37.79898987322333,183.97029702970298,0.8883228832058931,0.0,0.7393904096291981,0.45638052689430203,0.2830098827348961,true,1.0
112,370.63392857142856,117.0,53,15.7739988037607,378,144,364,134,9.409875538885908,1.35864507627614,41.79898987322333,139.4375,0.8055570697447024,0.0,0.7527310924369749,0.5354473865017706,0.2172837059352043,false,0.9572649572649573
219,373.3607305936073,223.0,54,17.444640049819157,382,200,365,183,16.31516875823999,-0.9864804350451645,57.112698372208094,192.35616438356163,0.8437011087169427,0.0,0.7224281493419286,0.47199145864050013,0.25043669070142843,true,0.9820627802690582
344,380.0348837209302,356.0,55,26.7516335421288,390,369,369,345,17.191176660250456,0.6021142778115681,75.35533905932736,356.73546511627904,0.7612726898441573,0.0,0.7599293205654355,0.642513069700681,0.11741625086475449,true,0.9662921348314607
122,387.12295081967216,123.0,56,16.437663329586954,395,394,379,384,9.614244637085822,-1.2495990969589055,43.21320343559643,388.8688524590164,0.8209879264294454,0.0,0.7457409193185471,0.5317179298904029,0.21402298942814424,true,0.991869918699187
156,388.59615384615387,157.0,57,15.772098105431278,395,217,381,203,12.832620984286596,-0.8441578687566063,46.62741699796952,210.87179487179486,0.9016785679793784,0.0,0.7549522373051786,0.4232299259761541,0.33172231132902447,true,0.9936305732484076
243,390.3539094650206,247.0,58,20.787395402194168,400,252,381,235,15.119317860671169,1.0205312417662191,59.698484809834994,243.65432098765433,0.8568198524102392,0.0,0.7384007100782698,0.5483102593555409,0.1900904507227289,true,0.9838056680161943
321,6.809968847352025,330.0,2,27.873747127241256,15,270,1,242,15.634029556197715,-0.023047508696476336,76.83452377915607,256.3582554517134,0.6832853175807837,1.0,0.9357400280984667,0.8041777777777779,0.1315622503206888,true,0.9727272727272728
2262,35.35587975243148,2421.0,4,93.66112159717935,83,400,1,360,34.90499875793767,1.402068166157978,230.08326112068525,385.63572060123784,0.5369482311541399,0.0,0.9222568956848876,0.6486844310373722,0.2735724646475154,false,0.9343246592317225
275,11.738181818181818,300.0,5,25.655370308632126,22,242,3,217,15.622291472632394,-0.37489869942793935,77.25483399593904,228.78545454545454,0.5790168875956172,0.9527272727272728,0.9204705882352943,0.7586149353358363,0.1618556528994579,true,0.9166666666666666
11360,114.84234154929578,12331.0,6,204.9859041373502,215,378,3,269,74.70623739539195,-1.1798321051433174,547.1858582251266,326.56910211267603,0.47678047939720186,0.0,0.9175711129522227,0.4769389642150382,0.44063214873718454,true,0.9212553726380667
726,108.37603305785125,776.0,8,65.45855055113252,138,400,84,365,15.158539551626436,-1.0859442154808572,146.95331880577405,382.23829201101927,0.4224620356764092,0.0,0.923043266893534,0.7275680421422299,0.19547522475130408,true,0.9355670103092784
30183,297.01143027532055,32139.0,9,301.2384973377779,400,400,100,202,149.5553320123641,-1.184799135956173,931.4163056034262,335.5031971639665,0.4372044711418772,0.0,0.928313756672532,0.4032467452939951,0.525067011378537,false,0.9391393633902735
242,137.3305785123967,246.0,11,18.87543687721626,145,252,126,233,17.639727812635964,-1.5021250785305025,62.52691193458118,242.9214876033058,0.7778417848109723,0.0,0.913838923999352,0.2260977821080122,0.6877411418913397,true,0.983739837398374
280,152.82142857142858,281.0,13,29.263675711929647,165,365,140,347,12.344102869943738,-1.047447085074851,71.35533905932738,356.87857142857143,0.6910587131856621,0.0,0.9228291316526612,0.7437679165233346,0.1790612151293266,true,0.99644128113879
155,292.18064516129033,161.0,17,16.21469837216725,301,163,285,151,12.609945119182479,-1.3458950245656973,48.62741699796952,156.45806451612904,0.8237191444261772,0.0,0.7118026565464896,0.4726232661739395,0.23917939037255004,false,0.9627329192546584
123,305.219512195122,130.0,19,19.098833910787473,313,186,298,172,8.50239923992285,-0.7921312517221061,46.8700576850888,178.3739837398374,0.7035970329952136,0.0,0.8143790849673203,0.3987287031730317,0.41565038179428854,true,0.9461538461538461
249,335.99196787148594,265.0,21,24.01929602237813,345,155,326,134,14.109699216260706,-0.710228962960476,70.42640687119285,144.03614457831324,0.6308674906679065,0.0,0.7163241200094493,0.5257032755298651,0.19062084447958427,false,0.939622641509434
263,341.86692015209127,280.0,22,30.02759935947386,356,133,327,120,11.696061067925296,-1.3026319932956882,78.76955262170048,126.0532319391635,0.5326584914554615,0.0,0.671080295235965,0.45117373852005976,0.21990655671590525,false,0.9392857142857143
268,366.5858208955224,272.0,23,26.409028514033842,380,234,354,220,13.431121473604954,-1.542281093044893,69.69848480983498,227.73134328358208,0.6932629392061013,0.0,0.8499707345624818,0.31411707120439947,0.5358536633580824,true,0.9852941176470589
211,368.957345971564,231.0,26,23.512441180962036,380,160,357,144,12.31618319118031,-1.102469982104941,65.94112549695427,152.13270142180096,0.6097890315501567,0.0,0.7630331753554502,0.36793204731285223,0.395101128042598,false,0.9134199134199135
171,366.6842105263158,185.0,27,17.83362326459024,373,128,358,111,13.58529674331474,-0.33978601641382944,56.45584412271572,120.53216374269006,0.6741990927600419,0.0,0.7606237816764132,0.4384615384615384,0.3221622432148748,false,0.9243243243243243
462,389.969696969697,614.0,28,37.80910694622701,400,113,370,81,22.821905673200437,0.8736328080796342,120.9116882454314,92.67532467532467,0.3971140651595184,0.0,0.7391647568118156,0.38370912249056344,0.35545563432125216,false,0.752442996742671
176,378.8181818181818,183.0,29,20.53588105319072,386,129,373,109,11.493449738432032,-0.2960080646633919,56.87005768508881,118.3465909090909,0.6838410924745424,0.0,0.7594919786096258,0.49098039215686284,0.26851158645276296,false,0.9617486338797814
1086,17.455801104972377,1147.0,2,44.097208116099566,42,345,1,306,34.23963963790472,0.8784873073455076,143.78174593052023,327.38581952117863,0.6601341245190055,1.0,0.9145849131549492,0.7937307717699876,0.12085414138496153,false,0.946817785527463
224,8.4375,232.0,3,19.652176987185335,18,358,1,342,15.215527728347062,1.1803076626522415,60.00609665440988,349.98660714285717,0.7817486284479783,1.0,0.9035889355742299,0.8065391437748697,0.09704979179936024,false,0.9655172413793104
112,4.830357142857143,114.0,4,16.521646013702032,11,387,1,371,9.545982098370684,0.4570565916002046,43.17766952966369,380.2142857142857,0.7549348786645766,1.0,0.9107142857142856,0.7918129713423836,0.11890131437190199,false,0.9824561403508771
102,117.20588235294117,102.0,8,15.761047791144605,125,89,110,82,8.251430454860515,1.5051872629865497,38.72792206135785,85.65686274509804,0.8545975521554211,1.0,0.9010380622837371,0.8592596053512752,0.04177845693246185,false,1.0
153,267.5686274509804,157.0,25,17.075333973286412,276,128,260,114,11.997727488774146,1.110474056726891,49.698484809834994,120.92156862745098,0.7784218146882862,1.0,0.9019607843137255,0.8075980392156865,0.09436274509803899,false,0.9745222929936306
113,270.72566371681415,124.0,26,19.335085323772187,278,173,264,158,8.188698367241036,0.7971988888198888,46.87005768508881,165.2920353982301,0.6463940221825943,1.0,0.894256463647406,0.8550083240843507,0.039248139563055284,false,0.9112903225806451
357,288.1232492997199,418.0,27,37.7280087573929,300,177,275,147,13.717806207652435,0.5635930062083704,93.74011537017762,161.21288515406164,0.5105368715026243,1.0,0.8913714505410011,0.8161375661375662,0.07523388440343493,false,0.854066985645933
211,286.1563981042654,223.0,28,18.34195289117183,295,270,278,252,15.453809251916875,0.23260594148574096,59.35533905932738,260.7962085308057,0.7526147733034432,1.0,0.9274788588421151,0.8236331569664904,0.1038457018756247,false,0.9461883408071748
557,306.7163375224417,623.0,30,32.0866204306556,321,162,292,129,25.24884334145511,0.44980448254158534,105.63961030678928,147.28366247755835,0.6272078398965175,1.0,0.8943851867497452,0.7838054662779981,0.11057972047174713,true,0.8940609951845907
107,392.49532710280374,107.0,38,13.910812993928872,399,32,386,21,9.883944372175673,0.989251651171396,39.21320343559643,26.261682242990656,0.8744379486543448,0.0,0.8677661718893162,0.813877335445963,0.05388883644335318,false,1.0
761,118.92378449408673,788.0,10,39.69270781230961,139,188,101,161,25.06504078917562,1.2987191325631258,111.9827560572969,175.17345597897503,0.7625919508414284,1.0,0.8006338409213886,0.5326684846123881,0.2679653563090004,true,0.9657360406091371
123,231.28455284552845,126.0,19,16.556838572729944,238,104,225,91,9.647634955859212,-0.7289452141187712,43.79898987322333,97.58536585365853,0.8057249020081785,0.0,0.6274828630639248,0.26221439473993186,0.3652684683239929,true,0.9761904761904762
156,246.46153846153845,172.0,20,18.379917722270346,255,84,237,72,11.79068175015146,-1.411140462445259,51.87005768508881,78.62820512820512,0.7286198529325346,0.0,0.546078431372549,0.3758836018483825,0.17019482952416648,false,0.9069767441860465
172,250.5639534883721,173.0,21,18.546763373267805,259,101,241,90,11.959176185635567,1.4283907893602428,49.79898987322333,95.5,0.8715599067861842,0.0,0.6279981760145918,0.15486506430529198,0.47313311170929984,true,0.9942196531791907
1090,338.75871559633026,1234.0,23,68.43031755992996,371,25,305,1,23.038236987711365,1.5290792536301752,182.98275605729688,9.521100917431193,0.4090873335708384,0.9192660550458716,0.7476668465551363,0.44542122158597935,0.3022456249691569,true,0.8833063209076175
2546,37.08483896307934,3495.0,2,103.76351647006773,87,71,1,7,43.774223059253444,1.1697736523822246,310.14927829866735,39.69402985074627,0.33260342225969486,0.7223095051060487,0.9044683702231876,0.8496874230863897,0.05478094713679793,true,0.7284692417739628
2242,32.513380909901876,2397.0,3,60.80253879209111,62,128,1,77,49.08814290630326,1.531048108906114,209.095454429505,103.50446030330062,0.6444011234245763,0.8144513826940232,0.9055972433576466,0.8320051368030535,0.07359210655459303,true,0.9353358364622445
113,6.008849557522124,113.0,4,14.340499150922248,13,139,1,128,10.333161972315809,0.9422498663983699,39.55634918610404,133.8849557522124,0.9075193703481008,1.0,0.904494187055353,0.8339164976335363,0.07057768942181675,true,1.0
995,18.605025125628142,1027.0,5,37.87130595981858,34,273,1,238,34.44519091463248,0.4648250158093145,125.01219330881976,254.27738693467336,0.8000703850249568,1.0,0.8867514040792193,0.8487076648841354,0.03804373919508386,false,0.9688412852969815
1592,12.55213567839196,2047.0,6,90.84497673057204,45,400,1,319,30.68530359832644,0.2374271255344747,231.74011537017762,370.25816582914575,0.37252076809171936,1.0,0.9092201202088873,0.8580409644348262,0.05117915577406107,false,0.777723497801661
1973,42.85605676634567,2271.0,8,76.66558821586602,73,366,13,303,34.52563601107281,0.8205472164344884,218.5512985522207,332.6533198175367,0.5190750647039726,1.0,0.88604792144937,0.8521523303873005,0.03389559106206941,false,0.8687802730074857
222,27.617117117117118,238.0,9,21.80509700382407,39,66,16,52,13.853118767719605,-1.5586142026906338,62.112698372208094,60.4009009009009,0.7231061328416593,1.0,0.8998056880409822,0.8446332934979862,0.05517239454299594,true,0.9327731092436975
280,28.685714285714287,284.0,10,24.43597834490529,41,305,17,287,14.8717134280655,1.1384186538921084,67.01219330881976,296.5357142857143,0.7835383002112039,1.0,0.8799719887955184,0.8576563958916902,0.02231559290382823,false,0.9859154929577465
498,52.963855421686745,541.0,12,37.075590596741065,70,148,33,127,19.67850728460245,1.4760482923069336,107.49747468305831,137.29718875502007,0.541555140823989,0.9337349397590361,0.8914166469800774,0.8323606124766028,0.05905603450347463,true,0.9205175600739371
432,53.682870370370374,449.0,13,33.175079447328024,70,169,36,152,17.204593489355727,1.5605830504390426,92.42640687119285,160.11574074074073,0.6354793914706716,0.8101851851851852,0.8915940450254175,0.85824440988793,0.033349635137487454,true,0.9621380846325167
1484,60.60309973045822,1642.0,14,52.554687833443275,83,231,36,188,37.716643924056804,1.119427230426303,172.50966799187808,208.55256064690028,0.6266382292172217,0.8227762803234502,0.9031975054172611,0.8475580140313008,0.05563949138596025,true,0.9037758830694276
243,48.06172839506173,244.0,15,20.745695669628486,58,372,38,356,15.052031863380273,1.0758498350485826,59.941125496954285,363.67489711934155,0.8498971071524208,1.0,0.8889857177438879,0.8547966837741812,0.03418903396970674,false,0.9959016393442623
174,67.86206896551724,180.0,17,16.715132393933395,75,388,61,373,13.901519880407683,0.30236958982919065,52.04163056034261,381.4712643678161,0.8073415825130426,1.0,0.8788821275636692,0.8589189658164148,0.019963161747254432,false,0.9666666666666667
102,76.3529411764706,102.0,20,13.633986647231303,83,136,71,125,9.663296860762776,-1.0466208351226443,37.79898987322333,130.09803921568627,0.8971181592772386,0.5392156862745098,0.889350249903883,0.8678160919540232,0.0215341579498598,true,1.0
216,92.41666666666667,228.0,23,19.24031824230459,99,181,85,163,14.739140161497662,0.37551567283752774,59.698484809834994,171.19444444444446,0.7616176465868791,1.0,0.9144153957879448,0.8373980945835006,0.07701730120444428,true,0.9473684210526315
173,99.00578034682081,186.0,24,25.213015842480004,108,132,90,113,9.235441193723238,0.7435334577392748,62.76955262170047,122.8092485549133,0.5517697669248992,1.0,0.8958177490649438,0.7805514236345883,0.11526632543035553,false,0.9301075268817204
163,96.39263803680981,171.0,25,24.585063524962525,101,81,91,58,8.749969572436925,0.1935230847767468,58.2842712474619,69.25153374233129,0.6029686423821073,0.0,0.9090340430650791,0.8003107253830496,0.10872331768202947,true,0.9532163742690059
567,110.50440917107584,705.0,26,42.95967241894697,136,47,94,24,20.20869002977501,1.4792797806508187,134.12489168102786,36.06349206349206,0.3960720119071508,0.0,0.9211605629906281,0.8313075506445674,0.08985301234606069,true,0.8042553191489362
168,110.55357142857143,169.0,27,17.482723825201823,117,65,104,48,12.443958376578749,-0.33339973771393666,50.87005768508881,56.458333333333336,0.8158206341775998,0.0,0.9136788048552754,0.8444860250263131,0.06919277982896233,true,0.9940828402366864
110,109.95454545454545,110.0,28,14.403829921762128,115,249,105,235,9.74148991344293,0.36837418850106335,38.62741699796952,242.0,0.9264270201529875,1.0,0.8854901960784313,0.8016158906559369,0.08387430542249441,false,1.0
323,120.0092879256966,348.0,29,23.662256409945677,131,200,108,178,18.732505796283423,-0.9624516316282195,77.84062043356596,189.88854489164086,0.6698843142841645,1.0,0.8912887755721485,0.8360727777349471,0.055215997837201325,true,0.9281609195402298
414,150.38888888888889,437.0,34,33.54429201713729,166,39,133,20,16.392331928970844,1.3029171121586398,89.49747468305833,28.833333333333332,0.6495141888488756,0.6739130434782609,0.9183574879227053,0.8098806345699473,0.10847685335275803,true,0.9473684210526315
158,148.27215189873417,171.0,36,19.646688357512357,156,66,139,52,10.90012090674387,0.867952389347132,52.62741699796952,58.85443037974684,0.716874019168018,0.7341772151898734,0.9090096798212957,0.8280644101215909,0.08094526969970472,false,0.9239766081871345
469,163.34968017057568,490.0,40,33.685283525826435,177,375,151,344,18.614759457932447,0.6127379336896681,93.1543289325507,359.3539445628998,0.6791670745766887,1.0,0.9472051507170033,0.8322436954652457,0.1149614552517576,false,0.9571428571428572
468,176.4145299145299,501.0,43,27.414499066578212,191,393,161,368,23.229006466128027,-1.4602972169118276,98.5685424949238,381.46153846153845,0.6053116707993567,1.0,0.9422071392659628,0.8167858391330602,0.12542130013290254,false,0.9341317365269461
489,193.99591002044988,505.0,45,54.66687884941672,218,13,166,1,12.143491036132078,1.5325346592336901,121.49137802864846,5.474437627811861,0.41632051000532083,1.0,0.9231244235935686,0.784625774300219,0.13849864929334965,true,0.9683168316831683
722,197.15650969529085,807.0,46,33.15807701211135,217,284,181,251,30.394508678399003,1.303291811400483,124.46803743153546,268.1648199445983,0.585640871166391,1.0,0.9336157731790776,0.8360643056536512,0.09755146752542643,false,0.8946716232961586
210,195.3095238095238,210.0,48,17.49012490349075,203,63,188,47,15.397167415482084,0.6687742877764405,53.21320343559642,54.96190476190476,0.9319451451329747,1.0,0.9056582633053224,0.8137540730577949,0.0919041902475275,true,1.0
151,195.80132450331126,151.0,49,17.78118389539422,202,31,189,16,10.883106921878593,-0.5740270272175574,46.62741699796952,23.47019867549669,0.8727786138774752,1.0,0.9265549928580705,0.8062445741655443,0.12031041869252623,true,1.0
465,208.43440860215054,530.0,50,31.284802336666928,224,347,191,323,22.398675137176816,-1.4449679091653442,95.91168824543142,334.30752688172043,0.6352135385758201,1.0,0.9528062407758804,0.8022851059615767,0.15052113481430374,false,0.8773584905660378
127,197.7244094488189,128.0,51,17.464723031456746,202,87,193,71,9.337626778264013,0.20152619173760833,43.55634918610404,78.71653543307086,0.8412220412310826,1.0,0.8960321136328546,0.8112446972807067,0.08478741635214793,false,0.9921875
139,228.14388489208633,141.0,56,16.572176865816537,234,329,221,314,10.87992828766723,-0.5727830840424183,45.45584412271571,321.2661870503597,0.8453668433170568,1.0,0.9185498659895613,0.847561028865889,0.07098883712367232,false,0.9858156028368794
275,330.1454545454545,287.0,59,23.55910461991774,340,71,319,52,15.260485822027418,-0.9295309747535129,67.14823227814082,61.730909090909094,0.7664315776024033,1.0,0.9176185383244209,0.8373235113566604,0.08029502696776047,false,0.9581881533101045
286,346.6468531468532,303.0,63,30.628869582357265,355,169,339,141,12.316604462504875,0.4236574314182838,74.5269119345812,154.95104895104896,0.6470675852130408,1.0,0.9324694912930211,0.8863820728291313,0.04608741846388986,false,0.9438943894389439
504,18.00793650793651,559.0,1,37.3684055303262,36,44,1,24,18.235844364761135,-1.4695182634297665,100.59797974644665,33.70039682539682,0.6258379321057266,0.9603174603174603,0.8851929660753192,0.7157636738906092,0.16942929218470992,false,0.9016100178890877
566,10.416961130742049,663.0,3,36.35080639561787,24,140,1,105,22.960848791886605,0.31301446806631056,119.59797974644667,123.78975265017668,0.4972543694429793,0.8957597173144877,0.9206748423751124,0.7427979137783061,0.17787692859680637,false,0.8536953242835595
172,4.784883720930233,181.0,6,22.01283348860248,11,314,1,291,11.321297460504079,-0.036828551050485485,59.42031021678297,302.70348837209303,0.6121649799280532,1.0,0.828112175102599,0.8004528985507247,0.02765927655187439,false,0.9502762430939227
116,15.362068965517242,116.0,9,14.124581831950294,20,15,9,1,10.697010493341406,0.41265248120360315,40.62741699796952,7.818965517241379,0.8831397440622896,1.0,0.8865787694388101,0.7486437908496735,0.13793497858913661,false,1.0
552,25.43659420289855,590.0,10,30.682796032532426,39,276,10,246,24.50216184765036,0.5693322253496194,104.5685424949238,259.9927536231884,0.6343761286382572,1.0,0.8426328502415463,0.7863728525465917,0.0562599976949546,false,0.9355932203389831
348,36.03735632183908,366.0,17,25.8131571655651,46,64,26,38,17.81781549644926,0.2734750870893981,78.59797974644667,49.997126436781606,0.7078909195976488,0.9683908045977011,0.8720644579670951,0.7327381542836361,0.139326303683459,false,0.9508196721311475
316,37.765822784810126,351.0,18,28.014064344614493,50,304,28,281,15.685144805027075,0.6328050401144423,84.01219330881976,293.0601265822785,0.5626162874991377,1.0,0.8328865723504592,0.7950589129608515,0.03782765938960764,false,0.9002849002849003
449,48.525612472160354,465.0,21,29.813983580562837,62,201,38,172,20.432872631402557,0.5069221704047182,90.08326112068522,187.66369710467706,0.695293237634061,1.0,0.8482641163369582,0.7238394964594811,0.1244246198774771,true,0.9655913978494624
352,50.95454545454545,374.0,22,24.24387703808913,61,75,40,51,19.484095005588735,0.47330125422771907,78.18376618407356,64.67329545454545,0.7236346490660293,1.0,0.8615084670231729,0.6980885435935381,0.16341992342963474,false,0.9411764705882353
104,48.98076923076923,108.0,23,12.561087787415538,54,314,43,302,10.831625140422792,0.07184052935496266,39.21320343559643,307.91346153846155,0.8499209968229147,1.0,0.8294117647058824,0.7968101826801683,0.03260158202571406,false,0.9629629629629629
350,56.11714285714286,367.0,24,29.398367376284487,65,102,46,75,15.836155857521277,0.41507440396782563,81.01219330881976,88.50857142857143,0.6701578786449138,1.0,0.863137254901961,0.7040548728762214,0.15908238202573965,true,0.9536784741144414
256,59.6875,264.0,26,21.32115505575088,71,221,49,205,15.647355801316838,1.5590067540771755,64.5269119345812,212.51953125,0.7726237717564295,1.0,0.8367953431372551,0.7811824223787325,0.055612920758522644,true,0.9696969696969697
227,57.02643171806167,241.0,27,25.523191914355163,63,126,51,103,12.007905701883123,-0.017279906439544714,66.04163056034261,113.55506607929516,0.6540337299320993,1.0,0.8328928046989723,0.6278077985349871,0.20508500616398517,true,0.941908713692946
2434,95.13105998356615,3257.0,29,108.95000549247015,144,82,55,14,34.25380488716424,1.0387610381085335,331.8061325481597,53.638044371405094,0.2778187934384445,0.8274445357436319,0.9070407785135421,0.6916368070070671,0.21540397150647506,true,0.7473134786613448
125,70.912,132.0,33,16.098581492199337,78,12,63,1,11.32130142426289,1.3166502820740191,49.79898987322333,4.912,0.6334010950480989,0.976,0.8423529411764705,0.7354887717798984,0.10686416939657217,false,0.946969696969697
160,71.4625,161.0,35,16.726596293335522,79,183,64,169,12.340015252817738,0.7991250498589082,48.2842712474619,175.7125,0.8624193351242355,1.0,0.8472794117647059,0.7616625028389737,0.08561690892573215,true,0.9937888198757764
109,89.97247706422019,109.0,40,14.148782004273126,95,304,85,290,9.887839945503652,-0.23192965073951627,39.21320343559643,296.9724770642202,0.8907825832086316,1.0,0.847166756610901,0.7652522792556518,0.08191447735524926,false,1.0
290,111.26551724137931,300.0,44,26.129056563871465,120,40,100,18,14.710298389436641,0.6532837805871654,72.18376618407356,28.05862068965517,0.6994050869364563,1.0,0.8225693035835027,0.7268553398370846,0.09571396374641805,false,0.9666666666666667
475,128.18315789473684,553.0,45,29.232247518284677,140,242,114,211,23.83407574305293,0.009007679732550063,112.81118318204308,226.2,0.4690284268908428,1.0,0.8861011351909186,0.7408494184891419,0.14525171670177672,true,0.8589511754068716
165,124.67272727272727,169.0,46,17.769530670337296,132,364,117,349,12.188686295229227,0.7994216885195008,51.11269837220809,356.92121212121214,0.7936631019105008,1.0,0.8415210932857989,0.7600580973129999,0.08146299597279905,false,0.9763313609467456
297,127.55555555555556,318.0,48,22.777934471295673,137,272,119,248,17.465568305663076,-0.24254596424852684,72.94112549695427,261.013468013468,0.7014898520274543,1.0,0.8370106291674921,0.7136760426770128,0.12333458649047935,true,0.9339622641509434
101,130.25742574257427,101.0,49,11.84583724580829,136,201,125,190,10.931035220230296,0.9826547523305716,36.384776310850235,195.04950495049505,0.9587200704306071,1.0,0.8377402446126967,0.739729128764908,0.09801111584778865,false,1.0
325,143.21846153846153,339.0,50,27.303500852479807,157,258,129,242,15.378507280261259,1.420725890744448,74.80508652763321,250.00923076923078,0.7298455522748711,1.0,0.9080663650075417,0.7135556027465136,0.19451076226102804,true,0.9587020648967551
118,136.9915254237288,118.0,51,14.692401392304664,143,110,132,96,10.315284887758835,0.40315513665571057,40.62741699796952,103.32203389830508,0.8983662913737084,1.0,0.8482552342971085,0.7497828417743376,0.09847239252277085,false,1.0
140,144.10714285714286,147.0,53,16.251067635604265,152,163,138,149,11.770836700140864,0.6881094842146777,48.8700576850888,156.80714285714285,0.7366347397814778,1.0,0.8322128851540614,0.7732498468137255,0.058963038340335894,false,0.9523809523809523
132,157.93939393939394,138.0,56,15.86083990106297,166,268,151,257,10.96033260364517,1.217362217439034,46.04163056034261,262.5151515151515,0.7824965001480878,1.0,0.8563874034462268,0.7326939471440751,0.12369345630215167,false,0.9565217391304348
110,162.0909090909091,114.0,60,14.976166042461593,168,161,156,147,9.722636333844362,-0.47308891077822945,42.45584412271572,153.78181818181818,0.7668803131160921,1.0,0.8921212121212121,0.7259710792779982,0.1661501328432139,false,0.9649122807017544
987,182.09929078014184,1095.0,62,48.34008090860973,202,256,159,215,27.92976321233314,0.9838137998391951,154.1604255869606,235.34650455927053,0.5218926919710802,0.7821681864235056,0.8935574229691872,0.6953224483709837,0.1982349745982035,false,0.9013698630136986
107,171.78504672897196,113.0,66,13.931925481800857,178,169,165,157,10.12996913246861,0.7885298059174984,40.62741699796952,162.42990654205607,0.814620281160905,1.0,0.8851383544071835,0.5989808917197452,0.28615746268743825,true,0.9469026548672567
402,179.34577114427861,436.0,67,27.790988371926876,192,270,165,248,19.570246451268442,1.2665191336548063,91.08326112068524,257.89800995024876,0.608917946263701,1.0,0.9146522290508244,0.7835148874364564,0.13113734161436807,false,0.9220183486238532
120,171.50833333333333,121.0,69,13.684699155112707,177,341,165,330,11.317396055564284,0.902278015312095,40.384776310850235,335.0833333333333,0.9246039547582934,1.0,0.8286274509803919,0.7283802733214501,0.10024717765894187,false,0.9917355371900827
180,182.37777777777777,184.0,72,18.218346859738002,190,354,176,337,13.270834471683292,-0.24244284231929805,54.87005768508881,344.18333333333334,0.7512967939967194,1.0,0.8154466230936818,0.7209647211711199,0.0944819019225619,false,0.9782608695652174
288,187.625,288.0,73,22.33638380367109,197,61,178,42,16.46201089511553,-0.7908323824195452,61.941125496954285,51.795138888888886,0.943287690155916,1.0,0.8369689542483663,0.7054871794871798,0.1314817747611865,true,1.0
314,194.13057324840764,341.0,75,26.79308273091465,202,288,185,262,15.72942550327766,0.0909315186951991,77.01219330881975,275.8312101910828,0.6653046020011534,1.0,0.9308230298488821,0.6659815518564114,0.2648414779924707,false,0.9208211143695014
249,211.37751004016064,277.0,76,22.100936953669457,221,245,201,228,15.969441000212917,-1.5064699650607962,72.73401871576773,236.4578313253012,0.5914717998322526,0.0,0.8459721237892749,0.5022639192663368,0.34370820452293804,false,0.8989169675090253
138,210.81884057971016,138.0,80,13.614987551482196,217,51,204,38,13.037643579261129,-1.5211385676429077,42.62741699796952,44.3768115942029,0.9543571148118977,1.0,0.8142085819835181,0.700496247881869,0.11371233410164905,true,1.0
489,217.66053169734153,546.0,82,32.59515094711328,231,128,205,98,20.68698561814284,0.5489892201821525,108.15432893255071,112.25357873210633,0.5253284352791873,1.0,0.8253899514816154,0.7238721122444868,0.10151783923712865,false,0.8956043956043956
118,227.5,124.0,85,17.88132723362066,233,400,222,385,8.83742812076164,0.4864746417528482,45.21320343559643,392.9406779661017,0.7253728795349688,1.0,0.7960119641076768,0.641196427680487,0.15481553642718981,false,0.9516129032258065
181,230.41436464088397,187.0,87,19.184902671268915,237,304,224,285,12.762103593576352,0.17634825851988994,54.62741699796952,294.57458563535914,0.7621967756713215,1.0,0.8560285992850178,0.5621627009554729,0.2938658983295449,false,0.9679144385026738
374,240.86363636363637,390.0,88,31.930354651753824,257,369,226,353,15.405233568328725,1.5135390485967983,84.08326112068524,360.9144385026738,0.6647561620995944,1.0,0.7656600608157703,0.6570670640161652,0.1085929967996051,false,0.958974358974359
127,232.5511811023622,130.0,89,17.197397312273313,237,137,227,120,9.52812063079224,0.1879721841225845,45.45584412271571,128.59055118110237,0.7723855331026347,1.0,0.8422417786012043,0.6677388558419625,0.17450292275924184,false,0.9769230769230769
420,250.7595238095238,484.0,93,36.098331564620395,261,134,239,98,16.483587115424065,0.42370031192827845,101.7401153701776,116.2547619047619,0.5098878963610001,1.0,0.8229411764705885,0.7040000000000001,0.11894117647058844,false,0.8677685950413223
136,251.38235294117646,143.0,97,16.35168385826593,259,55,243,44,10.984045320751457,-1.525195498546374,46.8700576850888,49.919117647058826,0.7779609470516183,1.0,0.8092848904267588,0.7432525951557094,0.06603229527104937,false,0.951048951048951
132,258.45454545454544,134.0,99,14.430589662707701,266,107,252,95,11.779756931056827,1.1603370814456375,42.62741699796952,101.12121212121212,0.9128633272113804,1.0,0.8067142008318479,0.7026915924439661,0.1040226083878818,true,0.9850746268656716
816,279.2720588235294,1003.0,101,42.99158185382515,300,164,257,134,27.223864572089926,-1.203406096944623,156.2670273047588,149.56495098039215,0.41991880285689703,1.0,0.8184880815071126,0.6075413074114764,0.21094677409563622,true,0.8135593220338984
201,265.90547263681594,207.0,102,20.36235078438496,273,327,259,307,13.245408903246052,0.1827396875693632,59.11269837220809,316.0497512437811,0.7228436206191303,1.0,0.7779143498195299,0.6000545926027024,0.17785975721682745,false,0.9710144927536232
119,266.3109243697479,119.0,103,14.490272676274497,272,268,260,255,10.693049048698747,-0.6125056464781533,40.62741699796952,261.66386554621846,0.9059795650294177,1.0,0.7797989784148954,0.566799204771372,0.2129997736435234,false,1.0
416,273.6394230769231,438.0,104,29.913837442382846,286,75,264,47,18.87315264764281,-0.494879720277263,85.01219330881975,60.09855769230769,0.7233371196733867,1.0,0.8131504524886881,0.6864052287581701,0.126745223730518,true,0.9497716894977168
151,273.2913907284768,159.0,105,20.462495374023593,280,295,267,276,9.937369195715037,0.3224392017989781,52.2842712474619,285.35099337748346,0.6941361987273683,1.0,0.8025710946630307,0.4975771456123431,0.30499394905068755,false,0.949685534591195
132,282.8333333333333,132.0,109,14.685288176426996,288,31,277,17,11.537171007157175,0.28600425471465774,42.384776310850235,24.151515151515152,0.9233450053013957,1.0,0.8210338680926914,0.7236750403079006,0.09735882778479077,true,1.0
225,290.56444444444446,242.0,112,20.33784594909304,301,48,280,30,14.942169093297268,0.9446511094939853,63.94112549695428,39.093333333333334,0.6915631266752882,1.0,0.8062570806100217,0.6725646226660424,0.13369245794397921,true,0.9297520661157025
137,294.42335766423355,141.0,116,19.629122024388742,301,242,288,225,9.177741991384428,0.6166763160130595,50.2842712474619,233.97810218978103,0.6808729964469121,1.0,0.7846572205524545,0.38395955614583765,0.4006976644066168,false,0.9716312056737588
112,296.54464285714283,114.0,117,15.65679264360572,304,93,289,84,9.306846680564902,1.5584437214113454,41.79898987322333,88.75892857142857,0.8055570697447024,1.0,0.7919817927170866,0.710134426542092,0.08184736617499455,false,0.9824561403508771
134,300.4925373134328,135.0,118,15.280183849768502,306,180,294,166,11.270843328732886,0.5296858550145805,43.21320343559642,173.23134328358208,0.9017408372257846,1.0,0.8369329821480832,0.5785174948426767,0.25841548730540653,false,0.9925925925925926
153,303.1372549019608,159.0,119,17.184811066453417,310,129,295,115,11.549216065402073,-0.823138924708334,46.87005768508881,122.2875816993464,0.8752060654330702,1.0,0.8231193130847109,0.6577853011708285,0.16533401191388242,true,0.9622641509433962
222,309.0135135135135,247.0,120,27.571162505854947,319,109,297,91,11.237805219642679,-1.0551628541271945,68.5269119345812,99.95945945945945,0.59407395898216,1.0,0.8086557145380676,0.6853928456628554,0.1232628688752122,true,0.8987854251012146
102,304.5882352941176,105.0,122,15.131616734074301,309,37,300,22,8.765383340248736,-0.2217215430682256,41.04163056034261,29.284313725490197,0.7609582368743256,1.0,0.7970011534025374,0.7209150326797389,0.07608612072279852,false,0.9714285714285714
220,317.30454545454546,241.0,123,23.245297928938623,329,44,306,29,13.100019250374066,1.509327397318937,67.94112549695427,37.03181818181818,0.5989175933993585,1.0,0.8482709447415331,0.6671031787939592,0.1811677659475739,false,0.9128630705394191
215,317.01395348837207,216.0,126,19.231456680222994,324,77,310,59,14.26722438275428,0.11939878786191407,54.62741699796952,67.90697674418605,0.9053718606040558,1.0,0.8293661650706795,0.6120648259303724,0.21730133914030714,true,0.9953703703703703
167,327.1077844311377,169.0,132,15.829037847289813,335,57,320,41,13.747939244896555,-0.6403000441827381,51.112698372208094,48.76646706586826,0.8032832607215372,0.9580838323353293,0.8185746154749324,0.5786965319935804,0.23987808348135198,false,0.9881656804733728
178,356.9831460674157,235.0,139,32.76618847397287,367,325,349,299,9.315950951153349,-0.5542918022449448,77.01219330881975,311.2415730337079,0.3771471947649851,1.0,0.727076448556951,0.3551137528182003,0.3719626957387507,false,0.7574468085106383
109,7.3119266055045875,116.0,1,19.392908453734293,17,11,1,1,8.504855964785122,-1.2848076601452845,46.692388155425114,4.1192660550458715,0.6282669114851691,0.0,0.8553696708041015,0.6178736821361711,0.23749598866793042,false,0.9396551724137931
191,6.706806282722513,195.0,2,20.5465237016762,13,31,1,11,11.94932135433517,-0.23649126423820827,54.87005768508881,20.86387434554974,0.7972093758520745,0.0,0.8593162919618107,0.6858203414996288,0.1734959504621819,false,0.9794871794871794
206,6.548543689320389,224.0,5,24.718512157325268,15,119,1,96,11.434113833614758,-0.3778879135783428,65.94112549695429,107.29611650485437,0.5953390544992049,0.0,0.8506567675613934,0.7611447204702452,0.08951204709114824,false,0.9196428571428571
106,5.735849056603773,106.0,8,14.15548337111302,10,193,1,180,9.590679699309977,-0.3012630902282657,37.55634918610405,186.83962264150944,0.9443848091236462,0.0,0.861968183499815,0.7389673773439507,0.12300080615586428,true,1.0
532,11.825187969924812,549.0,11,29.21229593512914,27,279,1,253,24.795252019565883,1.096045511361527,93.11269837220809,266.8045112781955,0.7710875148656906,0.0,0.8851688043638511,0.7740815866576516,0.11108721770619956,true,0.9690346083788707
211,5.165876777251185,211.0,12,25.08014868967097,10,303,1,281,10.986524163133476,0.014524759844029065,58.48528137423857,292.1042654028436,0.7751739185010023,0.0,0.8945265309915437,0.627688651218063,0.2668378797734806,true,1.0
454,10.92511013215859,469.0,14,26.560865603526526,26,350,1,324,23.865061575260327,1.5590809528207992,93.59797974644667,336.2995594713656,0.6512275532548557,0.8876651982378855,0.8955860758400278,0.7764808810663373,0.11910519477369053,true,0.9680170575692963
595,15.174789915966386,701.0,15,40.39222776122629,37,400,1,377,23.413528634327193,1.2833157578651058,125.94112549695427,390.6924369747899,0.47140229167493647,0.06890756302521009,0.8603592025045316,0.7227668845315904,0.13759231797294114,false,0.8487874465049928
338,16.307692307692307,395.0,16,23.543821850199016,28,250,4,228,21.54657813868884,-0.9678151786464987,90.32590180780451,240.698224852071,0.5205973485075143,0.0,0.8651003596704957,0.7423236757389527,0.12277668393154295,true,0.8556962025316456
208,12.721153846153847,216.0,17,19.853276007118698,22,377,4,360,13.721749563197315,0.8400507884139158,58.526911934581186,369.39903846153845,0.7630657820716936,0.9615384615384616,0.8734539969834088,0.7616206136633327,0.11183338332007609,false,0.9629629629629629
200,15.54,213.0,18,20.78493555905859,24,125,6,109,12.63104325880415,-0.773784844109552,58.112698372208094,116.81,0.7442138983524801,0.0,0.8568823529411764,0.767584596165336,0.0892977567758404,true,0.9389671361502347
185,17.67027027027027,187.0,19,19.1048023903062,27,207,9,194,12.486259901531453,-1.1578484437324135,52.62741699796952,200.46486486486486,0.8393778072536918,0.0,0.8618971913089559,0.6456381063591689,0.21625908494978707,true,0.9893048128342246
532,23.6203007518797,574.0,20,30.286389677496295,37,148,10,120,23.72400922128058,-0.4167738108739235,106.5685424949238,134.81015037593986,0.5886585334260053,0.0,0.8571797139908598,0.7565359477124182,0.10064376627844163,true,0.926829268292683
628,25.441082802547772,653.0,21,36.20919007182995,43,177,10,151,22.928633959811506,1.2322556390874668,101.84062043356595,164.6799363057325,0.7608997384779687,0.0,0.8544898214062698,0.7184505466913192,0.1360392747149506,true,0.9617151607963247
221,21.144796380090497,225.0,22,22.602830683770822,31,290,11,276,12.762614409501138,-1.3043415540449856,58.627416997969526,283.0633484162896,0.807980011049769,0.0,0.8737645284358088,0.581518491810034,0.29224603662577475,true,0.9822222222222222
109,17.155963302752294,114.0,23,13.114313548250243,22,361,11,348,11.233927545996073,-0.1668562759786456,41.79898987322333,354.35779816513764,0.7839796482336835,0.0,0.857492354740061,0.7894006659267481,0.06809168881331296,false,0.956140350877193
165,22.490909090909092,166.0,25,16.495023452414998,30,221,14,209,12.83198501808909,-1.4932504921503869,47.21320343559643,214.95757575757577,0.93017972977257,0.0,0.8590849673202613,0.6277342047930284,0.23135076252723286,true,0.9939759036144579
154,31.363636363636363,154.0,28,17.935141017914113,38,83,24,68,11.049397809766713,0.7248894055387745,48.04163056034262,74.90259740259741,0.8384846307591015,0.0,0.8483575248281129,0.7279785202412694,0.12037900458684347,true,1.0
140,30.457142857142856,142.0,30,18.050704459245956,36,340,25,323,10.08760742827549,0.3369869830264581,47.45584412271571,332.05,0.7811932715512764,0.0,0.8868347338935573,0.6765137350783834,0.21032099881517385,true,0.9859154929577465
520,41.33461538461538,549.0,32,32.960465394547,58,47,26,23,21.281625939567558,1.2805749984463375,95.74011537017762,34.14230769230769,0.7128945829810626,0.0,0.8503016591251888,0.5593894266567387,0.2909122324684501,true,0.9471766848816029
163,35.785276073619634,164.0,33,19.23209555788935,43,265,26,252,11.307370918016396,1.1581112770353672,51.21320343559642,257.76687116564415,0.7809686201402801,0.0,0.866546373150487,0.7101413707595167,0.15640500239097033,true,0.9939024390243902
170,42.65294117647059,182.0,36,21.78452816275664,52,358,34,343,10.380331774243244,0.8806425045179817,57.698484809834994,351.1941176470588,0.6416969400585844,0.07058823529411765,0.8764244521337946,0.7848714203514366,0.09155303178235796,false,0.9340659340659341
150,44.28,152.0,37,15.58950553080482,52,199,37,187,12.338695481852799,-1.4013989717106874,46.04163056034262,193.15333333333334,0.8892005683500994,0.0,0.8499084967320258,0.6678373702422146,0.18207112648981127,true,0.9868421052631579
195,44.815384615384616,200.0,39,17.375320822749615,52,400,37,386,14.769651930698721,0.5070783150485295,53.79898987322333,393.14871794871794,0.846635027636961,0.0,0.8406837606837607,0.726895036452612,0.11378872423114872,false,0.975
233,49.896995708154506,235.0,40,20.414629962704627,58,342,43,321,14.66202020704654,-0.12400867995222717,59.35533905932737,331.47210300429185,0.831086455827973,0.0,0.8716485735925273,0.6671753220116496,0.2044732515808777,true,0.9914893617021276
158,53.95569620253165,161.0,43,18.112642149855343,62,78,46,64,11.386811741878697,0.9137166315646722,50.87005768508881,70.9367088607595,0.7672598821432188,0.0,0.8564656242243729,0.7508163814839293,0.10564924274044363,true,0.9813664596273292
156,60.19230769230769,166.0,46,20.70228261493552,69,184,52,168,10.469390190204203,0.7759255236962651,54.8700576850888,175.27564102564102,0.6511238881304904,0.0,0.8507792860734035,0.8003884918453366,0.050390794228066915,true,0.9397590361445783
207,60.95652173913044,219.0,49,19.627466877117143,69,362,54,344,14.366133059003781,-0.18040283852744282,59.69848480983499,351.951690821256,0.7298835779790928,0.0,0.8576110637491711,0.7046427224736048,0.15296834127556624,true,0.9452054794520548
115,68.18260869565218,119.0,51,15.803143983353749,73,330,63,315,9.587945200690656,0.2518343877179803,42.79898987322333,322.0608695652174,0.788933987949139,0.0,0.8601875532821824,0.756473718335681,0.10371383494650144,true,0.9663865546218487
793,87.83354350567465,892.0,52,39.82185383942719,108,181,66,149,27.235198479171533,1.2774695233137998,135.53910524340094,164.36822194199243,0.5424426421427839,0.0,0.8516084365650423,0.8031289989680079,0.048479437597034325,true,0.8890134529147982
198,77.56565656565657,201.0,54,17.54138015455968,87,66,69,50,14.652120559847264,1.1281982428468615,53.941125496954285,57.92424242424242,0.855135717465389,0.0,0.8364428599722717,0.6697971892619712,0.16664567071030056,true,0.9850746268656716
258,79.30232558139535,274.0,55,22.34106227399794,90,149,69,129,15.836184973317499,-0.9434140131500265,70.08326112068524,138.7829457364341,0.6600866744150721,0.0,0.8404620763033896,0.8003183432159663,0.04014373308742336,true,0.9416058394160584
101,79.0990099009901,101.0,57,12.842584124820803,84,261,74,249,10.092062280163447,-0.39187275241130326,36.970562748477136,255.45544554455446,0.9285795506154202,0.0,0.8255096097845078,0.7685057029347692,0.05700390684973866,false,1.0
708,96.55649717514125,745.0,60,34.28883126481639,112,214,80,186,27.24089170792542,1.3255676237073746,108.91168824543142,200.60310734463278,0.7500567806000263,0.0,0.8593608064694805,0.761734997029115,0.09762580944036559,true,0.9503355704697987
151,92.27814569536424,157.0,61,15.893618567732602,100,16,85,1,12.411128322041108,-0.7783786325799006,47.698484809834994,8.549668874172186,0.8340222644392599,0.7152317880794702,0.8764056616023892,0.6566056356317366,0.21980002597065262,true,0.9617834394904459
169,107.50295857988165,173.0,66,18.843966088496668,114,400,100,383,12.112959420950892,-0.5152944599506184,52.2842712474619,392.5147928994083,0.7768809111584454,0.0,0.84849750551108,0.5083189011645269,0.3401786043465531,false,0.976878612716763
396,118.50757575757575,410.0,68,26.512417036377965,131,192,109,167,20.020373186378556,-0.4459272771973328,84.08326112068524,178.45454545454547,0.7038594657525118,0.0,0.8400574371162608,0.7697495183044321,0.07030791881182874,true,0.9658536585365853
147,116.421768707483,152.0,69,16.022104453032124,122,15,110,1,12.005645388859248,-0.1381189646017887,47.21320343559642,8.387755102040817,0.8287055774337446,0.0,0.8374283046551952,0.7558210784313729,0.08160722622382233,true,0.9671052631578947
305,133.89836065573772,355.0,72,27.494315905532876,145,129,123,104,17.14772363106532,0.5411832170179126,85.49747468305833,117.89180327868853,0.5243280946911388,0.0,0.8437801350048216,0.7022508729519208,0.14152926205290084,true,0.8591549295774648
136,134.05882352941177,137.0,73,16.903207264493012,140,103,129,87,10.575544326738394,0.3675916397030792,45.21320343559643,95.54411764705883,0.836022979803015,0.0,0.8380046136101498,0.680566880217434,0.15743773339271583,false,0.9927007299270073
269,141.40148698884758,272.0,74,21.664553695883416,150,45,133,23,16.213663235566496,-0.07771134369750649,64.52691193458118,34.182156133829,0.811858572665936,0.5836431226765799,0.8667541365988777,0.7397927383881313,0.12696139821074637,false,0.9889705882352942
165,151.65454545454546,183.0,78,26.794016146878313,163,91,140,77,8.612287594994479,1.0833676659669393,61.698484809834994,83.07272727272728,0.5446842415105686,1.0,0.8517884729649434,0.7189996719408487,0.13278880102409474,true,0.9016393442622951
133,154.85714285714286,142.0,83,18.599847565373096,162,357,147,342,9.727166982426665,0.6915887502047253,51.112698372208094,349.01503759398497,0.6397405609339187,0.0,0.797906531033466,0.6602495543672017,0.1376569766662643,false,0.9366197183098591
148,162.7972972972973,160.0,87,22.02068282333963,169,218,156,199,9.188297405996826,-0.47902508337806654,52.87005768508881,208.32432432432432,0.665352833787588,0.0,0.8104928457869633,0.6459137254901962,0.16457912029676713,false,0.925
141,164.59574468085106,143.0,88,18.97988532252809,173,85,157,72,9.636382820956019,0.9601843162260143,47.45584412271571,78.45390070921985,0.7867732234909284,1.0,0.8974273397302182,0.7518587317968123,0.14556860793340587,true,0.986013986013986
152,170.60526315789474,154.0,92,15.082101673249133,178,42,165,27,13.088993863712869,0.24250608106449434,46.627416997969526,34.82236842105263,0.8785586046978555,0.0,0.8364293085655312,0.7530104765398883,0.08341883202564293,true,0.987012987012987
212,176.16037735849056,227.0,95,29.05449779202448,186,189,167,167,9.76133434850399,-0.6850250620882252,66.18376618407358,178.22641509433961,0.6081948955507904,0.0,0.8475952645209028,0.5572893428828617,0.29030592163804114,false,0.933920704845815
210,186.2904761904762,222.0,98,27.141158270331918,192,223,181,198,10.551662101122613,-0.1337642402792469,65.698484809835,209.9142857142857,0.6113901695455012,0.0,0.8242390289449114,0.5153480987536715,0.3088909301912399,false,0.9459459459459459
253,194.59683794466403,270.0,101,20.49352758975962,203,124,184,105,16.746069120766865,0.8789405017757338,66.94112549695427,113.11857707509881,0.7094868741992962,0.0,0.8388591800356509,0.7786019519915592,0.060257228044091615,false,0.937037037037037
267,197.95880149812734,294.0,102,37.104044097508805,218,13,185,1,11.127205626594488,-1.4134607137092292,85.42031021678297,5.044943820224719,0.45983162515681864,0.0,0.8624807226261293,0.7648481614868172,0.09763256113931207,false,0.9081632653061225
129,195.29457364341084,133.0,106,16.26302681254313,204,164,188,153,10.56195161054119,-1.46553024771056,46.04163056034261,159.2325581395349,0.7647124887810858,0.0,0.8079343365253074,0.7529355420329052,0.05499879449240219,false,0.9699248120300752
267,204.9812734082397,290.0,107,25.691498363839823,214,26,190,9,15.15746735912809,-1.2098206261984719,76.94112549695429,18.662921348314608,0.5667663475984603,0.0,0.8747154292428585,0.76500754147813,0.1097078877647285,true,0.9206896551724137
232,205.17241379310346,235.0,108,19.890495787223823,214,46,197,28,15.377827249566309,-0.694026682318748,61.11269837220809,36.241379310344826,0.780611471031276,0.0,0.8567951318458419,0.7798436498782525,0.07695148196758939,true,0.9872340425531915
1029,227.10884353741497,1254.0,111,46.29787243028576,252,91,201,56,33.245278972674164,-1.396256461512139,181.33809511662426,75.32264334305151,0.3932304498625897,0.0,0.8389527239467219,0.7812222699298699,0.05773045401685206,false,0.8205741626794258
151,210.03973509933775,151.0,112,16.59961069033372,217,115,202,103,11.70645739514217,1.1432689608967677,46.384776310850235,108.80132450331126,0.8819335786083987,0.0,0.8268796260225945,0.75079785668021,0.07608176934238442,false,1.0
297,218.62962962962962,383.0,114,28.528930910236834,227,176,207,149,17.784688936835146,-0.0018124024804828602,98.56854249492379,163.993265993266,0.3841400987765149,0.0,0.8091503267973859,0.629274906309556,0.1798754204878299,false,0.7754569190600522
165,237.5151515151515,174.0,119,17.50858285643598,244,56,232,39,12.29813211217007,0.21590840813032663,52.04163056034261,48.13939393939394,0.7655825351416783,0.0,0.8332739156268565,0.8142734534891399,0.019000462137716556,false,0.9482758620689655
320,244.746875,349.0,120,25.49928750469282,254,24,235,1,17.201905577668317,0.5122546345933785,78.76955262170046,13.91875,0.6481015865617787,0.0,0.8463725490196079,0.8029715548191112,0.0434009942004967,false,0.9169054441260746
123,246.29268292682926,126.0,122,14.210081764251958,253,291,239,279,11.201160716507804,-1.0395721180309558,42.62741699796952,284.8536585365854,0.8506226458106044,0.0,0.7127052446995058,0.42862684486468455,0.28407839983482125,false,0.9761904761904762
376,251.47606382978722,386.0,123,28.38053015372565,262,50,240,24,17.48382849261956,-0.507123730159729,80.84062043356596,37.49202127659574,0.7230002259396907,0.0,0.8275761368377141,0.7773647058823528,0.05021143095536129,false,0.9740932642487047
103,255.2233009708738,104.0,125,14.348624225038689,260,124,250,111,9.309596660149028,0.4611123852488631,38.384776310850235,117.74757281553399,0.8784742999088938,0.0,0.8098229583095375,0.6987430869783815,0.11107987133115604,false,0.9903846153846154
234,266.0726495726496,291.0,126,25.069797941192732,276,155,252,136,16.10430405458206,-1.3610849896085153,79.25483399593904,145.72222222222223,0.4681383284832174,0.0,0.7963800904977376,0.6531555639015384,0.14322452659619922,false,0.8041237113402062
753,268.9601593625498,835.0,127,46.55395114338724,285,109,253,69,21.92978293439858,-0.6030621816419328,146.71067811865476,87.18061088977424,0.43962399780304384,0.0,0.8178163164336121,0.6138321437361557,0.2039841726974564,false,0.9017964071856287
244,263.53688524590166,257.0,129,22.6233681776733,274,57,254,41,14.585012287764108,-1.1566699674386884,66.11269837220809,48.80327868852459,0.7015036322900843,0.0,0.8242365798778528,0.7165648773170473,0.1076717025608055,false,0.9494163424124513
242,272.75619834710744,267.0,131,31.129048744744466,285,246,262,223,10.623188875414517,-0.7919603952905923,74.42640687119284,234.96280991735537,0.5489984577172796,0.0,0.7785286015232539,0.45639589169000927,0.3221327098332446,false,0.9063670411985019
170,277.3058823529412,174.0,135,21.066262632173025,284,40,271,21,10.441571698875618,-0.5385609955469974,52.87005768508881,30.270588235294117,0.7642566334046619,0.0,0.82558246828143,0.7384267316394014,0.08715573664202858,false,0.9770114942528736
162,284.820987654321,164.0,140,16.945670474505903,291,168,278,152,12.414076817417744,-0.3928821529457641,48.04163056034262,159.77777777777777,0.8820422739154185,0.0,0.7838053740014523,0.5957033727696424,0.18810200123180998,false,0.9878048780487805
313,292.2140575079872,326.0,143,21.7650262749785,301,55,282,35,19.287630979849435,-0.2696182026049746,71.4558441227157,44.72843450479233,0.7703333383121402,0.0,0.8135688780304456,0.6320029919324681,0.18156588609797752,false,0.9601226993865031
221,292.57466063348414,230.0,144,22.290794202705634,302,35,284,18,12.991721718063987,0.9292088557807733,60.79898987322333,27.647058823529413,0.7512931168315538,0.0,0.8199095022624436,0.7126497169840826,0.107259785278361,false,0.9608695652173913
423,304.40898345153664,609.0,145,58.17710224672242,315,220,290,171,13.710069904642788,-0.3999865120458869,138.16042558696057,199.26713947990544,0.2784728802048692,0.0,0.7515690909933715,0.41658256132158367,0.3349865296717879,false,0.6945812807881774
225,304.75555555555553,239.0,146,26.111764691132873,313,177,296,155,11.377520028497306,-0.5945542356165299,65.94112549695429,166.32,0.6502489672928209,0.0,0.7577864923747275,0.5311764705882354,0.22661002178649214,false,0.9414225941422594
199,325.2613065326633,199.0,149,17.10344151744232,332,16,318,1,15.004774445631677,-0.49937276754771975,50.97056274847714,7.814070351758794,0.9625517399766425,0.0,0.800748842250468,0.6084154984684866,0.19233334378198141,false,1.0
155,324.51612903225805,189.0,151,26.412869199449414,329,171,318,148,8.804669993911418,-0.20280463808266572,69.76955262170047,160.8774193548387,0.40013789747453143,0.0,0.7679443390259327,0.47885011014619405,0.2890942288797387,false,0.8201058201058201
192,6.619791666666667,203.0,1,17.672398437903013,15,17,1,1,15.170147727135497,-0.13416222676046066,59.935028842544405,8.401041666666666,0.6716602633548477,0.0,0.8108251633986927,0.6665455371337725,0.1442796262649202,false,0.9458128078817734
303,7.765676567656766,341.0,2,24.020829580237535,19,42,1,17,19.220471472062904,0.31197923057434424,80.04163056034261,30.08910891089109,0.5943204005506805,0.132013201320132,0.8342975474017992,0.3529629226921822,0.48133462470961696,false,0.8885630498533724
1539,23.826510721247562,1791.0,3,63.08995658598625,52,100,1,47,33.734510494522716,-0.9145624172584498,195.29646455628165,73.20142949967511,0.5070604309145349,0.9454191033138402,0.7836715972938886,0.5020107024479854,0.2816608948459032,false,0.8592964824120602
996,16.626506024096386,1136.0,6,43.84806180892747,38,388,1,345,32.534933412289995,0.9541468759446365,162.36753236814712,369.57730923694777,0.47475639304850786,1.0,0.8554098747932906,0.7406656780359208,0.1147441967573698,false,0.8767605633802817
120,10.925,142.0,8,18.11480864200484,17,187,5,171,10.330232711006412,-0.22680155429939305,55.11269837220809,179.125,0.49646399764912336,1.0,0.8086928104575163,0.6392456873459768,0.16944712311153953,false,0.8450704225352113
216,25.49074074074074,228.0,11,19.38091856249004,33,216,18,197,14.775132820314761,-0.19141739866594365,59.94112549695428,206.66666666666666,0.7554640952465964,1.0,0.8490559186637618,0.716446942827188,0.13260897583657383,false,0.9473684210526315
1853,49.229897463572584,2202.0,12,61.51786597743397,77,354,18,297,44.48282624885728,-0.980320340777384,251.2792206135785,326.4889368591473,0.36878405101114964,1.0,0.8506523602425319,0.7335498975709688,0.1171024626715631,false,0.8415077202543143
419,44.58711217183771,479.0,15,34.58885589185167,61,228,30,208,17.000902999535896,1.2307783523903868,98.87615433949868,217.67541766109784,0.538568257997812,1.0,0.8392344049791758,0.6062627408948577,0.23297166408431813,false,0.8747390396659708
205,43.94146341463415,225.0,16,19.256664747389213,53,31,35,15,14.784558531000119,1.2300649431572543,59.94112549695428,22.11219512195122,0.7169913866923716,0.0,0.8240267814442852,0.4327937886564021,0.3912329927878831,false,0.9111111111111111
105,47.15238095238095,105.0,17,12.913282325565403,54,47,42,37,10.571332963412138,1.367214008978035,37.55634918610405,42.53333333333333,0.9354755184715363,0.0,0.8164332399626517,0.26742992499013024,0.5490033149725215,false,1.0
300,52.45,328.0,18,23.964052630987972,66,258,42,241,17.865042318863782,1.417576225323219,74.66295090390226,250.23333333333332,0.676271083037401,1.0,0.843137254901961,0.6921243378868137,0.1510129170151473,false,0.9146341463414634
119,49.33613445378151,120.0,19,15.029040400777065,56,145,44,132,10.270715377911156,-0.6337715254990608,41.21320343559643,137.7563025210084,0.8804082017603776,1.0,0.8081726808370405,0.5466296236932556,0.2615430571437849,false,0.9916666666666667
161,50.64596273291925,172.0,20,16.10689625477836,60,240,44,227,13.823531312795119,-0.9700712414666921,52.55634918610405,233.6024844720497,0.732462443033209,1.0,0.8257215929850201,0.6654232424677188,0.16029835051730135,false,0.936046511627907
505,60.875247524752474,557.0,21,29.08133874336858,73,297,46,268,23.739632828906537,-0.2886175267681168,97.25483399593904,282.22376237623763,0.6709325289277733,1.0,0.8624733061541451,0.715127271484008,0.14734603467013707,false,0.9066427289048474
356,75.83988764044943,364.0,26,25.188407292199926,87,359,64,335,18.538199209041018,-0.6480184229268768,75.25483399593904,347.37359550561797,0.789934456350807,1.0,0.856389072482926,0.7339075015071919,0.12248157097573409,false,0.978021978021978
147,72.5374149659864,152.0,28,17.419857794606433,79,159,67,142,11.152010295370726,-0.06001643410999123,49.45584412271571,150.18367346938774,0.7552521338630691,1.0,0.7970921702014139,0.4877763014856868,0.3093158687157271,false,0.9671052631578947
139,80.30935251798562,141.0,31,15.12315305865947,86,371,74,357,11.99253334044953,-0.10599294297988494,45.21320343559643,364.52517985611513,0.8544646631810225,1.0,0.855663704330653,0.7435528942115769,0.11211081011907609,false,0.9858156028368794
1122,100.55347593582887,1307.0,33,50.400385807044415,123,275,81,228,31.471750130276497,0.5833096190333842,164.6812408671319,251.78877005347593,0.5198935859590772,1.0,0.8527314669183184,0.7059578922377978,0.14677357468052055,false,0.8584544758990054
266,100.1203007518797,272.0,35,25.103854859541567,113,145,87,132,13.992612061984529,1.5396956982285246,67.11269837220809,138.17293233082708,0.7421336079737128,1.0,0.8108653987910955,0.3931790466011701,0.41768635218992545,false,0.9779411764705882
414,116.93961352657004,454.0,36,32.61047980525464,133,296,101,274,17.272491390974512,1.1550539528548036,92.91168824543142,284.45410628019323,0.6026560242662797,1.0,0.845533769063181,0.7061386646161739,0.1393951044470071,false,0.9118942731277533
156,116.26282051282051,172.0,38,18.852354956076866,123,104,109,86,11.853406367986116,0.2378465380639716,55.941125496954285,93.98076923076923,0.6264292998862996,0.23717948717948717,0.7885620915032681,0.24119600031247557,0.5473660911907925,false,0.9069767441860465
158,116.0,182.0,39,20.696442480849946,123,314,110,295,10.955862663637534,0.22130655744669106,59.35533905932738,305.54430379746833,0.5635693563125309,1.0,0.8400595681310499,0.7121988651279256,0.12786070300312424,false,0.8681318681318682
431,138.78886310904872,473.0,42,35.865759101910484,158,111,124,92,16.943542804098747,1.3934964380783144,95.49747468305833,102.11136890951276,0.593886371919947,0.974477958236659,0.7399936308630182,0.3382377430572562,0.401755887805762,false,0.9112050739957717
1236,155.6569579288026,1547.0,44,45.3388849924258,177,283,131,239,41.22050817935831,0.8382056825731311,205.1370849898476,263.34546925566343,0.36909654084472876,1.0,0.8332191128878741,0.691134816620949,0.1420842962669251,false,0.7989657401422108
207,141.18357487922705,226.0,45,18.361039404236283,151,52,133,36,15.367589613837916,1.3013426180767136,62.28427124746189,43.75845410628019,0.6705380617010259,0.8792270531400966,0.7439424078810268,0.3617930111677216,0.3821493967133052,false,0.915929203539823
226,151.3362831858407,235.0,49,23.604191542294707,162,400,140,388,12.532583600283612,-1.3886590507317869,60.8700576850888,394.5486725663717,0.766497736181934,1.0,0.8262189831684887,0.7382607067383573,0.08795827643013143,false,0.9617021276595744
162,151.91358024691357,170.0,50,18.140125042488037,159,175,144,162,11.694676677419086,0.9640732762178869,51.62741699796952,168.85802469135803,0.7637726177236454,1.0,0.8161220043572983,0.5826178010471207,0.23350420331017763,false,0.9529411764705882
196,153.73469387755102,210.0,51,19.32287438100237,162,241,144,223,14.382837314122819,-0.751169251237089,59.35533905932738,231.26020408163265,0.6991113534003548,1.0,0.8265506202480991,0.6123560092600342,0.21419461098806492,false,0.9333333333333333
100,152.61,102.0,54,13.638296141713536,158,90,146,80,9.470041095524438,-0.9446791905708968,38.384776310850235,85.26,0.8528876698144601,1.0,0.7838823529411765,0.4251949984400125,0.35868735450116396,false,0.9803921568627451
207,163.256038647343,212.0,56,20.93972481841785,172,340,153,322,13.13271144245581,0.8078995208464806,58.76955262170047,330.6231884057971,0.7531395249564744,1.0,0.8304253102207066,0.7261809476819623,0.10424436253874436,false,0.9764150943396226
127,166.03937007874015,129.0,58,15.622164629047141,174,175,160,165,10.782897057319136,-1.491527568941206,42.97056274847714,170.21259842519686,0.8643139098341215,1.0,0.7631310792033347,0.5437432259335893,0.21938785326974541,false,0.9844961240310077
111,165.45945945945945,113.0,59,15.049424210641746,171,245,160,231,9.599682413084633,-0.4741159266205333,40.62741699796952,237.99099099099098,0.8450733757837426,1.0,0.8036389330506977,0.6456125712696426,0.1580263617810551,false,0.9823008849557522
257,178.17509727626458,276.0,60,24.372941400437146,189,400,166,386,14.573003159854162,-1.2540827058806108,73.698484809835,393.63035019455253,0.5946013200693473,1.0,0.8283970397497521,0.7223182370293252,0.10607880272042691,false,0.9311594202898551
239,181.7531380753138,255.0,62,22.026837527871674,193,369,171,353,15.10628269583532,1.5430025743824414,65.35533905932738,360.4853556485356,0.7031461785254189,1.0,0.824874887193371,0.6886507894411148,0.1362240977522562,false,0.9372549019607843
100,177.55,100.0,63,14.02648167283942,183,209,172,197,9.122379726885953,0.6772675404616724,37.21320343559643,203.1,0.9074354673012884,1.0,0.7907843137254902,0.5472330609340109,0.24355125279147927,false,1.0
444,197.57432432432432,595.0,64,46.320595654145,219,341,175,322,15.958762587860608,1.545419059247876,123.29646455628165,330.40765765765764,0.36702156842723,1.0,0.8265500794912563,0.6366742530345472,0.18987582645670908,false,0.746218487394958
132,194.61363636363637,137.0,66,18.836333193294163,202,222,187,208,9.372834990621342,0.9126921193071011,48.04163056034262,215.0530303030303,0.7187011120792299,1.0,0.7977124183006534,0.5586795892908551,0.23903282900979828,false,0.9635036496350365
404,218.6138613861386,445.0,67,44.88528516433784,237,114,199,89,11.874037879307387,1.0490196219847747,106.5685424949238,101.04455445544555,0.4470264050829062,1.0,0.6316734614637932,0.42779915704599597,0.20387430441779725,false,0.9078651685393259
284,214.34154929577466,303.0,68,25.207140530960327,227,220,202,206,14.768570656161454,1.4552326465764323,71.5269119345812,212.98591549295776,0.6975723423584348,1.0,0.798895332781,0.6146916737709577,0.18420365901004232,false,0.9372937293729373
257,211.6070038910506,277.0,69,21.757288610368708,222,315,203,294,16.026922445444512,-0.36858172900742414,68.39087296526012,304.4863813229572,0.6904729874142927,1.0,0.8198214694438088,0.6014963880288958,0.21832508141491302,false,0.927797833935018
119,215.54621848739495,119.0,70,12.930302099296414,222,391,210,379,11.893081104207628,1.5707963267948966,39.79898987322333,385.0,0.9440885410816524,1.0,0.8214203328390177,0.6210821170573492,0.20033821578166855,false,1.0
233,224.76824034334763,242.0,71,33.41691109859868,239,167,211,149,9.242131723086063,1.0535385090602927,76.18376618407356,157.51502145922746,0.5044764626673127,1.0,0.7650593284524109,0.5089138210245479,0.256145507427863,false,0.9628099173553719
238,225.03781512605042,250.0,72,20.05204263017335,234,208,215,189,15.927299831120969,-0.6276051762175461,63.35533905932738,197.58403361344537,0.7451099830024969,1.0,0.7447520184544405,0.5467546021806233,0.19799741627381717,false,0.952
302,227.7980132450331,332.0,74,23.046846232437137,237,318,218,295,18.328506394827794,-0.3233025602416343,74.80508652763321,307.9668874172185,0.6781949439600341,1.0,0.8012985326580966,0.6625075741050442,0.13879095855305235,false,0.9096385542168675
202,232.97524752475246,222.0,77,25.456594740713594,241,239,224,217,10.807501745575834,0.5812967681563028,64.59797974644667,228.57920792079207,0.6083077668097109,1.0,0.8121141525917297,0.6415069398545937,0.17060721273713597,false,0.9099099099099099
129,233.29457364341084,134.0,78,14.63873213702644,239,289,227,275,11.819300464373578,-0.24894095505944483,46.04163056034262,281.4108527131783,0.7647124887810854,1.0,0.8065055479556162,0.6048725069426912,0.201633041012925,false,0.9626865671641791
263,239.91634980988593,300.0,80,23.080015712182004,251,276,229,258,15.42075023550909,0.85279997111005,74.42640687119285,267.43726235741445,0.5966388197505972,1.0,0.7761276373667338,0.5793298124203243,0.19679782494640952,false,0.8766666666666667
220,250.39545454545456,234.0,81,21.149350904731268,259,223,240,207,13.932475800387287,-1.0689032721994662,61.11269837220809,214.96818181818182,0.7402350156331067,1.0,0.7686096256684491,0.6372549019607844,0.13135472370766477,false,0.9401709401709402
206,250.0728155339806,215.0,82,20.571046369031773,258,268,241,250,13.16198102727838,0.7207484840432684,59.526911934581186,258.7669902912621,0.7305507277681301,1.0,0.8180468303826386,0.641385406621665,0.1766614237609736,false,0.958139534883721
391,264.846547314578,420.0,85,25.337391850541113,278,260,254,237,20.673114399562728,-1.0826134171684199,85.42640687119285,247.72634271099744,0.6732902752571569,1.0,0.7751567123012889,0.6261890499580687,0.14896766234322023,false,0.930952380952381
929,279.481162540366,1152.0,87,50.46104758801767,305,243,259,207,27.382517296431722,1.008098758244198,171.8528137423857,224.92680301399355,0.39528677413404767,1.0,0.7658709554866079,0.524107960941386,0.24176299454522188,false,0.8064236111111112
129,280.8217054263566,149.0,90,24.956605228985914,290,288,272,271,7.533010431843592,0.8666810759328024,58.18376618407356,279.51937984496124,0.47884605705913447,1.0,0.7662562699498402,0.6123064808252618,0.15394978912457835,false,0.8657718120805369
417,330.52517985611513,473.0,95,37.163582605971506,348,254,312,231,15.797604490427757,1.120098798398124,103.39696961966999,242.52278177458032,0.4901514569531163,1.0,0.7195843325339728,0.6180689559774529,0.10151537655651988,false,0.8816067653276956
334,330.87125748502996,368.0,96,21.984495091913168,344,229,319,207,20.725106799631483,-1.151862597551539,82.25483399593904,218.5988023952096,0.6203452631669834,1.0,0.7399201596806387,0.6230034871091293,0.1169166725715094,false,0.907608695652174
431,350.7285382830626,471.0,98,30.036330923094933,367,240,337,217,19.392688587837437,1.3636846858610479,91.49747468305833,228.9141531322506,0.646947320776312,1.0,0.7022428460943542,0.6140003665017408,0.08824247959261333,false,0.9150743099787686
610,361.1918032786885,885.0,101,35.41353376836002,381,215,344,182,32.65996388844362,0.6316460432271302,172.40916292848976,198.95245901639345,0.2578808021544105,1.0,0.7337897782063649,0.5049095138825948,0.22888026432377018,false,0.6892655367231638
137,372.22627737226276,144.0,102,16.78013153572585,380,246,364,232,10.981188045065894,0.9419129399909488,48.698484809834994,238.68613138686132,0.7259380045808546,1.0,0.7130385000715614,0.5797519007603044,0.13328659931125708,false,0.9513888888888888
328,381.6615853658537,354.0,103,30.789493795962056,395,358,371,334,14.560820109402238,0.8013962083836518,81.49747468305833,347.3323170731707,0.6205766123574686,1.0,0.7580942132950744,0.6082452512254903,0.1498489620695841,false,0.9265536723163842
185,394.8702702702703,199.0,107,21.412076377811207,400,347,388,326,11.825801814291339,0.25802108262385814,60.07716446627535,336.37297297297295,0.6441140007784038,1.0,0.7527927927927929,0.6658910675381263,0.08690172525466655,false,0.9296482412060302
104,396.1730769230769,104.0,108,14.803010638282847,400,369,390,355,9.433017692575737,0.4476593561314495,39.59188309203678,361.1057692307692,0.8337404771354383,1.0,0.7545248868778279,0.6274008644991543,0.1271240223786736,false,1.0
1650,75.29272727272728,2041.0,3,79.3490219224427,93,133,52,56,33.7023276864555,0.20367868012620616,231.99494936611663,90.83151515151515,0.38524476669723,0.7642424242424243,0.8612525252525255,0.7548381340635664,0.10641439118895912,false,0.8084272415482606
158,70.41772151898734,160.0,4,17.509748110965752,76,59,64,43,12.035224621160278,-0.15500575495448554,48.62741699796952,51.79746835443038,0.8396620956086194,0.7278481012658228,0.8549267808389176,0.6580742470685547,0.19685253377036294,false,0.9875
322,104.94409937888199,344.0,9,22.628256648053558,117,129,94,108,19.83704983968114,-1.0902299942895244,79.59797974644665,118.56521739130434,0.638648130731706,0.7670807453416149,0.8450127877237853,0.592530802051872,0.25248198567191327,false,0.936046511627907
150,157.45333333333335,152.0,15,17.504382363254752,163,89,152,73,11.147088223332304,0.22668973132778475,47.79898987322333,81.35333333333334,0.8250184966111948,1.0,0.8666143790849672,0.6220019736559834,0.24461240542898377,false,0.9868421052631579
120,286.40833333333336,120.0,32,14.721613016553253,291,303,282,289,10.375221506163662,-0.06686743803597413,39.55634918610405,295.5416666666667,0.9637373844404608,1.0,0.7190849673202614,0.19156324490580542,0.5275217224144559,false,1.0
100,297.83,101.0,34,14.822847749827588,304,243,292,230,8.806542146917325,0.6869994654426955,40.420310216782966,237.04,0.7691491765315863,1.0,0.7935686274509804,0.5299159663865546,0.26365266106442586,false,0.9900990099009901
113,325.6194690265487,113.0,42,13.332399685837819,331,263,320,252,10.856013964895121,0.5519184879908117,38.72792206135785,257.60176991150445,0.9467600332702214,1.0,0.7351032448377581,0.34160071795708563,0.3935025268806725,false,1.0
276,329.036231884058,302.0,43,27.47260371702791,335,216,322,192,13.619148570599878,0.0029739020251012493,73.69848480983501,203.57971014492753,0.6385601725258357,1.0,0.805726058539358,0.5970894607843139,0.20863659775504406,false,0.9139072847682119
322,339.81366459627327,333.0,44,23.536966584857016,350,180,329,158,18.661222107399965,0.7146740781148483,73.94112549695429,167.5776397515528,0.7401054834112999,1.0,0.8392765801972965,0.5696920604307298,0.2695845197665666,false,0.9669669669669669
236,339.77966101694915,253.0,45,19.523596875611815,347,275,330,255,17.386793301189737,0.4316341737626229,66.2842712474619,264.635593220339,0.6749955275889039,1.0,0.721269524759056,0.3415408789261654,0.3797286458328906,false,0.932806324110672
207,344.20772946859904,214.0,47,20.21528074423452,352,100,336,83,13.34004552088288,0.49349192738802156,56.8700576850888,91.64734299516908,0.8042903758081267,1.0,0.8185658804584636,0.7089810778599535,0.10958480259851011,false,0.9672897196261683
1314,365.0989345509893,1479.0,48,45.039437922990565,388,76,341,34,39.83154118092193,-1.3359412637661041,175.92388155425118,55.277016742770165,0.5335260533715978,1.0,0.8017190437818964,0.7209465342114079,0.08077250957048854,false,0.8884381338742393
177,362.87005649717514,177.0,50,16.7904987032149,370,216,356,199,13.620227846237793,-0.2510126863827787,50.2842712474619,208.01694915254237,0.8796680319058646,1.0,0.825013847346848,0.5686976880304365,0.2563161593164115,false,1.0
247,374.66396761133603,258.0,51,28.963958832976964,381,399,369,371,11.651416866055074,0.1102392755722299,69.698484809835,385.4574898785425,0.6389400969548765,1.0,0.7358894974994046,0.16307085797281878,0.5728186395265857,false,0.9573643410852714
159,377.64150943396226,166.0,52,16.849064732127346,383,115,371,99,12.400563835453767,-0.16392847475522723,48.04163056034261,107.11949685534591,0.8657081577318,1.0,0.7905783697126649,0.6292611764705883,0.1613171932420766,false,0.9578313253012049
558,386.5663082437276,587.0,54,45.07340968123145,398,243,375,200,16.16534742753828,-0.38363949334985353,111.39696961966999,222.01254480286738,0.5650635707835506,1.0,0.8088059596598499,0.39735203699398075,0.41145392266586917,false,0.9505962521294719
125,382.576,142.0,55,17.899961337374265,391,375,376,360,10.89180352928322,-0.8525428453321919,56.11269837220809,367.168,0.4988816955279593,1.0,0.5798588235294118,0.20923105584276458,0.3706277676866472,false,0.8802816901408451
173,7.22543352601156,175.0,2,17.746822031200857,14,211,1,192,12.714722198216055,-0.07858487257616842,51.112698372208094,201.47976878612718,0.8321437371546462,1.0,0.8284483735690806,0.8456895838504176,-0.01724121028133696,false,0.9885714285714285
140,8.178571428571429,144.0,3,16.329353302894884,16,295,1,281,11.74374241949126,-1.004104410873425,48.2842712474619,288.60714285714283,0.754616918233706,1.0,0.8514565826330531,0.8738959303795184,-0.022439347746465277,false,0.9722222222222222
210,6.585714285714285,224.0,4,19.441099373189314,15,326,1,305,15.313478118242045,0.2949573812251328,62.04163056034262,316.43333333333334,0.6855872813134107,1.0,0.8605415499533146,0.8330972179447695,0.027444332008545014,false,0.9375
210,13.652380952380952,216.0,6,20.783238263085877,23,339,6,321,13.411662794365979,-0.7565416152406185,58.52691193458119,329.51428571428573,0.770402953053152,1.0,0.8612511671335201,0.8574946921443737,0.003756474989146441,false,0.9722222222222222
101,29.366336633663366,103.0,10,12.19969008753781,34,312,23,300,11.190205262367153,-1.2586252315787814,39.798989873223334,306.0693069306931,0.8012852323466123,1.0,0.8510968743933215,0.8845556731690105,-0.033458798775689025,false,0.9805825242718447
119,30.764705882352942,121.0,12,16.827559698597305,37,278,25,264,9.178115079626842,0.613840728013545,43.21320343559643,270.9159663865546,0.8007996987303606,1.0,0.8520349316197066,0.8501610872858393,0.0018738443338672806,false,0.9834710743801653
146,43.66438356164384,151.0,16,18.205694947136205,49,257,38,240,10.904911397345542,0.18757277833297864,50.04163056034262,247.8835616438356,0.7326555016086314,1.0,0.851275852806876,0.8436212772262561,0.007654575580619882,false,0.9668874172185431
123,65.09756097560975,127.0,26,14.552860185609433,73,389,58,378,11.094310092553618,-1.3620897034292772,43.79898987322333,383.9349593495935,0.8057249020081785,1.0,0.8570699824645304,0.8856209150326794,-0.028550932568149,false,0.968503937007874
289,74.68166089965398,327.0,27,31.83254600145448,85,322,64,296,13.242567252022246,0.5785258075279651,82.08326112068522,308.19723183391005,0.5390120844526474,1.0,0.8586878349955899,0.8740774369284646,-0.015389601932874752,false,0.8837920489296636
248,77.4475806451613,258.0,29,18.577039532257473,87,400,68,382,17.334808315182574,-0.8432350699940392,63.73401871576773,391.5443548387097,0.7672182725796933,1.0,0.8603415559772296,0.8654326480970604,-0.005091092119830831,false,0.9612403100775194
126,83.53174603174604,132.0,32,18.77438161532889,90,197,78,181,8.887091363094516,-0.45702416688362935,48.04163056034262,188.5952380952381,0.6860328797119922,1.0,0.8313103018985372,0.7891057898085491,0.0422045120899881,false,0.9545454545454546
102,103.90196078431373,104.0,41,14.294144699916542,109,147,99,134,9.270860874895574,0.2980982268640895,40.04163056034261,140.18627450980392,0.7994412014600173,1.0,0.8038831218762015,0.8037702540823408,0.00011286779386066037,false,0.9807692307692307
146,125.93150684931507,178.0,46,18.27144503704996,134,341,118,323,13.766382074773254,0.42307615559897377,67.42640687119285,332.7054794520548,0.4035549567675048,1.0,0.8523502551705612,0.8540392815396523,-0.0016890263690910734,false,0.8202247191011236
109,128.60550458715596,109.0,49,13.772899892399412,134,400,123,388,10.253138862386841,0.4154869068596494,39.55634918610405,394.41284403669727,0.8753947908667519,1.0,0.8533549199496312,0.882927653820149,-0.029572733870517842,false,1.0
100,131.31,102.0,50,12.020896236375084,137,374,126,364,10.705982144310878,1.2574413248858824,36.970562748477136,369.33,0.9193856936786339,1.0,0.8454509803921568,0.8854476364189089,-0.039996656026752064,false,0.9803921568627451
155,135.18064516129033,166.0,51,16.956333381506262,142,392,129,376,12.499513858736586,-0.13602874183538632,52.2842712474619,383.7096774193548,0.712523912600941,1.0,0.8480708412397214,0.8891994366807499,-0.041128595441028426,false,0.9337349397590361
147,147.43537414965985,153.0,53,17.872023708048207,156,352,138,340,10.95777514990874,1.5215592826304498,52.2842712474619,345.687074829932,0.6757484848537957,1.0,0.8469254368414031,0.8382509553342102,0.008674481507192855,false,0.9607843137254902
273,155.83882783882783,304.0,58,30.374891709715996,162,159,149,130,12.122600442983709,0.1794081398805231,79.01219330881975,144.996336996337,0.5495209774619496,1.0,0.8124111182934716,0.7800975370227773,0.03231358127069428,false,0.8980263157894737
106,162.45283018867926,106.0,62,14.277866455868336,169,319,156,307,9.742727665060656,0.8417192042177707,40.04163056034261,312.6132075471698,0.8307918368113906,1.0,0.8534221235664076,0.8252430923269475,0.028179031239460084,false,1.0
119,171.890756302521,122.0,67,14.636923578259097,178,242,166,229,10.586614487368701,0.7723576427520725,42.627416997969526,235.4453781512605,0.8229601207435926,1.0,0.8296589223924863,0.774059188892949,0.055599733499537285,false,0.9754098360655737
103,208.63106796116506,105.0,75,14.30494487631924,215,67,202,57,9.2305182241453,-1.2612734554814025,39.21320343559642,61.89320388349515,0.8417486795457714,1.0,0.787321530553969,0.7574448529411768,0.029876677612792224,false,0.9809523809523809
117,221.39316239316238,133.0,81,20.90468936936427,229,68,215,51,8.078511809054664,0.6086576286507044,56.76955262170047,59.69230769230769,0.4562099807055477,1.0,0.7961789844142786,0.8160165118679051,-0.019837527453626547,false,0.8796992481203008
109,223.8348623853211,122.0,83,16.508498140337434,231,150,217,136,9.817392572327027,0.745708746308209,46.87005768508881,143.28440366972478,0.6235128178575468,1.0,0.8147868321640581,0.795040817883574,0.01974601428048417,false,0.8934426229508197
113,226.5132743362832,123.0,87,14.959216477309655,231,227,221,213,10.334285422672773,0.12067598511985231,45.62741699796952,220.1769911504425,0.6820819235037231,1.0,0.8441436751691825,0.8144660960359381,0.029677579133244425,false,0.9186991869918699
141,229.98581560283688,162.0,88,15.188572268752525,238,370,222,354,14.343164436198979,-0.43461988403631135,59.35533905932738,360.98581560283685,0.5029321470890308,1.0,0.8460297594214989,0.8692626863479478,-0.02323292692644885,false,0.8703703703703703
101,230.67326732673268,108.0,90,13.661508182118125,236,167,224,155,9.99898996924172,-0.9102404600844191,40.62741699796952,161.54455445544554,0.7689406392266487,1.0,0.798058629392351,0.8010328580540296,-0.002974228661678624,false,0.9351851851851852
169,244.55621301775147,190.0,95,20.504848764264928,252,81,239,61,11.943838166542859,0.264760119263274,62.35533905932738,72.46745562130178,0.5461969598539451,1.0,0.8016707274625826,0.7380816588191085,0.06358906864347413,false,0.8894736842105263
433,255.2540415704388,493.0,97,28.526689074680956,267,362,240,337,23.746520342229736,-0.7088628400946182,101.84062043356596,351.905311778291,0.524633099937835,1.0,0.8484626183036725,0.8422106395300736,0.006251978773598954,false,0.8782961460446247
118,255.1949152542373,139.0,101,17.02094921646424,263,316,248,305,10.047146097684005,-1.3194483282789302,51.112698372208094,310.0593220338983,0.5675893698511459,1.0,0.8516450648055831,0.8575664237597974,-0.005921358954214306,false,0.8489208633093526
203,258.00985221674875,215.0,104,17.35579256710146,265,337,249,320,16.01149769500038,0.9739089691034555,61.45584412271571,329.2167487684729,0.675428723110416,1.0,0.8519269776876266,0.8406970401630638,0.011229937524562805,false,0.9441860465116279
146,259.40410958904107,156.0,105,17.67236281163744,265,73,251,58,11.39909743205195,-0.6784547287184874,50.8700576850888,66.52739726027397,0.7089869797019619,1.0,0.7944131077088369,0.7649922890504518,0.029420818658385084,false,0.9358974358974359
435,272.7609195402299,503.0,109,38.518291071844246,289,245,256,218,16.112830068125,-0.9947590632982841,105.32590180780451,230.89655172413794,0.492752400221974,1.0,0.8301464953797615,0.8216395846637812,0.00850691071598031,false,0.8648111332007953
100,267.02,107.0,111,17.504630754749595,275,293,259,283,7.806093910521103,1.2302906154956696,43.79898987322333,288.02,0.6550608959416085,1.0,0.8334117647058822,0.8111542242226708,0.02225754048321138,false,0.9345794392523364
132,285.030303030303,136.0,115,16.999666958947458,292,300,276,288,10.604776158466894,1.3080087948105414,47.45584412271571,293.4166666666667,0.7365536560340606,1.0,0.8390671420083183,0.8354523650569939,0.0036147769513243944,false,0.9705882352941176
241,292.9585062240664,260.0,117,24.929581990396596,301,372,284,349,13.341735308717563,0.5923835253688936,70.76955262170047,360.4190871369295,0.60469169824548,1.0,0.8389716052396065,0.8311229602737916,0.007848644965814833,false,0.926923076923077
113,290.49557522123894,117.0,119,12.728277983168764,297,383,285,371,11.769932488961405,-0.9510329511690001,40.38477631085023,376.20353982300884,0.87066872406406,1.0,0.8409508936317888,0.8129126022268203,0.028038291404968496,false,0.9658119658119658
843,300.33926453143533,980.0,121,48.58459867224434,314,276,288,228,24.273119739642986,0.24888158091050194,164.2670273047588,253.26097271648874,0.3925876584704329,1.0,0.8350847812434584,0.7965863453815262,0.038498435861932245,false,0.860204081632653
231,317.26839826839824,253.0,124,21.205751718266693,326,193,305,175,15.861359084428166,-1.4195221994164329,68.76955262170047,184.54978354978354,0.6138036205240224,1.0,0.8099991511756219,0.7937634228655903,0.016235728310031616,false,0.9130434782608695
200,329.81,213.0,128,21.238990797448942,336,223,323,203,12.6032245836484,0.04460678118132028,60.04163056034261,213.73,0.6971639210146295,1.0,0.8139411764705882,0.8178354100260792,-0.0038942335554910112,false,0.9389671361502347
351,332.9116809116809,364.0,129,25.132096415111945,342,247,324,223,18.126605641594395,0.35244325626141293,77.14823227814082,234.8005698005698,0.7410798786296442,1.0,0.8256745433216023,0.795521051060018,0.030153492261584258,false,0.9642857142857143
331,337.2296072507553,354.0,130,27.741500677016873,350,303,328,277,16.528190326106767,-0.5260405763176259,81.46194077712558,288.6223564954683,0.6267990830892777,1.0,0.8393578579468042,0.8450607304232474,-0.005702872476443188,false,0.9350282485875706
128,341.0703125,132.0,131,20.97331964994701,346,274,336,255,8.049028205233647,0.33806006724021165,48.62741699796952,264.234375,0.6802325837841979,1.0,0.8344975490196078,0.8240255712990797,0.010471977720528103,false,0.9696969696969697
120,352.15833333333336,120.0,134,14.183379376318506,358,297,346,283,11.017288157995678,0.5943433246445402,41.45584412271571,290.125,0.8774443558911519,1.0,0.8373202614379085,0.8429653280936594,-0.00564506665575093,false,1.0
602,370.9966777408638,691.0,136,32.74580673492095,386,271,353,242,25.682005138464408,-1.2312230060858318,117.94722215136416,257.9950166112957,0.5437896298589675,1.0,0.8275291511953624,0.7963917987286239,0.031137352466738544,false,0.8712011577424024
235,362.64255319148936,263.0,137,23.022016499008,373,332,355,312,14.343636623718647,0.5628683888971905,70.76955262170047,322.6,0.5896371331439327,1.0,0.8246808510638299,0.7966344345957563,0.0280464164680736,false,0.8935361216730038
320,378.528125,361.0,139,22.29183931646247,390,188,368,167,19.61220904536299,0.8452531911121693,79.59797974644665,176.4625,0.6346813721557327,1.0,0.814607843137255,0.7463478958834998,0.06825994725375517,false,0.8864265927977839
124,378.19354838709677,126.0,142,15.771816531458233,384,87,373,71,10.214049462371376,-0.18733242579162446,44.04163056034261,78.99193548387096,0.8033499483181372,1.0,0.7824161922833648,0.7764126340191246,0.00600355826424015,false,0.9841269841269841
108,381.10185185185185,113.0,144,14.759941800934953,386,400,374,389,10.261669862938904,-0.9450208899342274,40.72792206135786,395.8796296296296,0.8181804793387764,1.0,0.8132534495279592,0.6949212888787165,0.11833216064924268,false,0.9557522123893806
109,381.73394495412845,114.0,146,12.742709428012477,388,104,377,92,11.457371682024542,0.40565018708889494,41.21320343559643,98.4770642201835,0.8064243192595055,1.0,0.7913293757870119,0.7321517253189486,0.059177650468063336,false,0.956140350877193
161,385.49068322981367,179.0,147,20.091388966095757,394,208,377,195,11.236771215069886,1.3712938654716154,56.2842712474619,201.47826086956522,0.6386481307317059,1.0,0.8145414687614172,0.8545790580587594,-0.040037589297342246,false,0.8994413407821229
282,388.78723404255317,294.0,149,21.824070497976876,400,280,378,260,17.198459390230244,-0.9765115807588737,70.18376618407356,270.41843971631204,0.7194251786693963,1.0,0.834640522875817,0.8070910556003229,0.02754946727549412,false,0.9591836734693877
113,390.6371681415929,121.0,152,14.272538993266314,397,253,384,241,10.59456570873153,1.0453042853137335,42.384776310850235,247.5929203539823,0.7904392848413463,1.0,0.8327260107582855,0.8349202006383952,-0.002194189880109776,false,0.9338842975206612
3248,37.13023399014779,4246.0,1,129.18882683148968,77,160,1,56,37.11826140182144,-0.6234989011509289,364.19090885900994,104.61330049261083,0.3077284742859885,1.0,0.8838573360378632,0.7935802366272291,0.09027709941063411,false,0.7649552520018841
1120,18.71607142857143,1322.0,2,49.98399159767123,45,197,1,161,35.02973186560491,-1.2570914143825198,172.46803743153546,176.50178571428572,0.4731628552741149,1.0,0.8580812324929974,0.7832146139705881,0.07486661852240928,false,0.8472012102874432
3516,20.967576791808874,3675.0,3,93.82748149440837,50,400,1,304,51.79892269065615,0.0890646820385078,278.8528137423857,357.15870307167233,0.5682097326224905,1.0,0.8070032791273507,0.6651082345658785,0.14189504456147217,false,0.9567346938775511
653,27.3843797856049,691.0,4,33.93054227500167,45,278,13,248,26.458971978014226,1.1429486313610346,105.49747468305831,264.39509954058195,0.7372909742350421,1.0,0.801129027414948,0.6070032661653486,0.19412576124959935,true,0.9450072358900145
732,30.860655737704917,794.0,5,38.06806308580625,46,223,17,186,25.745848805932766,0.3058925560503747,117.77564927611036,204.86885245901638,0.6631471856816817,1.0,0.8357923497267762,0.7530947627092611,0.08269758701751506,false,0.9219143576826196
128,32.9765625,134.0,6,15.76031815152801,39,244,26,231,11.008788600482651,0.8056537112591856,45.79898987322333,236.453125,0.7668457849132065,1.0,0.8112745098039215,0.7424600768142311,0.06881443298969037,false,0.9552238805970149
719,55.87899860917942,766.0,7,42.32180208467173,76,240,35,211,22.963129958576186,-1.1312316057787348,117.39696961966999,224.7510431154381,0.6555789211985201,1.0,0.8253183888298024,0.7654093216233864,0.05990906720641598,false,0.9386422976501305
1750,98.40228571428571,1870.0,9,71.97689965117603,138,121,64,84,33.089794466406474,-1.481757732884189,203.13708498984758,103.90114285714286,0.5329291558996575,1.0,0.8847619047619044,0.7621108163327543,0.12265108842915007,false,0.9358288770053476
295,83.92881355932204,325.0,10,37.146242481031834,100,38,68,18,10.875758720294028,-1.0441079112822325,86.91168824543142,26.827118644067795,0.4907671756590461,1.0,0.8516317713526089,0.7928498985801219,0.05878187277248703,false,0.9076923076923077
101,73.53465346534654,101.0,11,13.222843748467122,79,336,68,325,9.791575981824337,0.9802101261787947,36.970562748477136,330.26732673267327,0.9285795506154202,1.0,0.7968938070277616,0.7318719708711592,0.0650218361566024,true,1.0
375,88.32533333333333,398.0,14,28.565988621215084,102,233,75,212,17.547807735293688,1.1856217203792851,82.18376618407356,223.136,0.6977005297054503,1.0,0.8356810457516342,0.7344583975912465,0.10122264816038762,false,0.9422110552763819
147,83.25850340136054,154.0,15,18.01876553966457,90,63,76,48,10.679878295114607,-0.6508282065973785,48.45584412271571,55.14965986394558,0.7867465943277255,1.0,0.8635454181672667,0.7952151220200311,0.06833029614723563,false,0.9545454545454546
700,98.24857142857142,791.0,16,31.89700867164498,115,179,80,150,29.576426441784864,-1.06343789079716,123.29646455628166,164.61142857142858,0.5786376078807678,1.0,0.8603753501400561,0.7632526806381632,0.09712266950189286,false,0.8849557522123894
316,96.8006329113924,329.0,17,30.282720621921097,112,338,84,318,14.330168291351942,-1.0792604983189207,79.01219330881975,326.38607594936707,0.6360755636555899,1.0,0.8108339538346987,0.7036338448422851,0.10720010899241361,false,0.9604863221884499
146,120.3082191780822,168.0,20,22.978829744661425,130,145,111,131,9.020214169072515,-0.936565713729014,59.941125496954285,138.05479452054794,0.5106377680833475,1.0,0.8497985495568089,0.8043910118792044,0.045407537677604526,false,0.8690476190476191
207,138.231884057971,235.0,22,32.55397276338775,152,10,123,1,8.901847828085351,1.5133684131532128,73.45584412271572,4.4396135265700485,0.4820893104647984,1.0,0.8124656625935399,0.7777605779153768,0.034705084678163134,false,0.8808510638297873
203,139.4384236453202,222.0,24,23.17354257703667,150,221,130,204,12.566752694554838,-0.9851690152033339,63.698484809834994,211.36453201970443,0.6287061346980595,1.0,0.830348691200618,0.7484825777444737,0.08186611345614436,false,0.9144144144144144
136,143.25,136.0,25,18.746033481854013,152,167,134,157,9.577839924771348,-1.3923841626915854,47.21320343559642,162.5735294117647,0.7666935954489067,1.0,0.839475201845444,0.7852816444644017,0.05419355738104226,false,1.0
1185,160.915611814346,1504.0,26,58.70247897899303,193,207,134,170,30.369365461615928,1.3255030507846197,193.48023074035524,189.40759493670885,0.3977910623430872,1.0,0.8373459088276662,0.7523844105543452,0.084961498273321,false,0.7878989361702128
958,163.60229645093946,1131.0,27,50.29631056495624,184,163,138,131,27.28234197159027,1.2255539607377819,150.71067811865476,147.90292275574112,0.5300139802839408,1.0,0.8495067337999918,0.7675508284494613,0.08195590535053043,false,0.8470380194518126
456,162.78508771929825,482.0,29,33.849661414509235,177,264,150,235,18.13885069196315,0.635775400154487,93.1543289325507,250.10087719298247,0.6603415479892751,0.4605263157894737,0.7495098039215687,0.5296939901903885,0.2198158137311802,true,0.946058091286307
279,173.40860215053763,293.0,33,23.56972213225034,183,227,164,205,15.639908485180268,-0.5456140710913194,68.76955262170047,215.44802867383513,0.7413472299835595,0.910394265232975,0.7918898025159886,0.5969072164948455,0.19498258602114316,false,0.9522184300341296
586,186.24232081911262,640.0,34,40.26101312175079,205,47,166,25,19.883432403549307,-1.435083585905289,113.98275605729688,35.26962457337884,0.566799126627737,1.0,0.8216422405139533,0.7338041355696443,0.08783810494430899,false,0.915625
859,202.61816065192085,986.0,35,42.60461211278992,219,155,183,110,30.126278592866466,-0.5037245653068095,144.36753236814712,133.1199068684517,0.5179215255848414,1.0,0.8452281494670043,0.7107488156552946,0.13447933381170973,false,0.8711967545638946
123,209.41463414634146,129.0,36,18.862454656789165,214,321,205,304,8.708178134366124,-0.09382961038549004,46.62741699796952,312.3089430894309,0.7109388709068176,1.0,0.7155109198150804,0.626657952069717,0.08885296774536344,false,0.9534883720930233
131,211.01526717557252,131.0,37,13.889027607704893,218,393,205,381,12.132294730130214,1.2315751920314721,41.21320343559643,387.77862595419845,0.9691888607614242,0.0,0.7809609339919173,0.15802707239544267,0.6229338615964747,true,1.0
4295,265.68661233993015,5423.0,40,97.95885325420042,305,198,217,107,68.85879367228081,0.9015583434574893,399.6467529817256,142.69010477299184,0.33792510280739935,0.9890570430733411,0.8276372434887812,0.6629383293426869,0.16469891414609428,true,0.7919970496035404
142,228.09154929577466,142.0,41,15.663775733440477,235,273,220,261,11.692644735946732,-1.2867768406607982,44.04163056034262,266.7957746478873,0.9199652633965762,1.0,0.7608947804473901,0.6351259481894949,0.12576883225789526,true,1.0
128,243.7109375,128.0,46,16.194881493555027,249,293,238,277,10.171058095631395,0.3079067922346961,43.45584412271572,285.2421875,0.8517721828387509,1.0,0.7667892156862748,0.6690286750538365,0.09776054063243833,false,1.0
299,263.09698996655516,321.0,48,22.184945887378422,274,241,254,221,18.567796445609268,-0.5926449201485984,74.42640687119285,230.5953177257525,0.678308011807713,0.04013377926421405,0.7086628631385662,0.5179811183732754,0.19068174476529076,true,0.9314641744548287
154,265.8766233766234,162.0,49,17.328596801986517,272,307,258,292,12.132249663783437,-0.6289343540288954,49.21320343559643,300.84415584415586,0.7990377796774244,1.0,0.7348102877514642,0.5767526188557615,0.15805766889570272,false,0.9506172839506173
102,282.52941176470586,103.0,52,14.107426713445038,287,272,278,259,9.333298535030405,0.1685760694449839,38.38477631085023,265.3333333333333,0.8699454232107496,1.0,0.7529411764705881,0.6459063159696469,0.10703486050094124,false,0.9902912621359223
229,287.0218340611354,230.0,53,20.216002888496853,297,353,278,339,14.503556071939705,1.4817705390514684,56.04163056034262,346.5240174672489,0.9162707454927929,0.0,0.7354225533007962,0.37775936665746096,0.35766318664333524,true,0.9956521739130435
2378,323.650126156434,2609.0,59,72.78706443568542,353,147,299,72,43.757871130483394,0.27162370559361076,229.5512985522207,110.63078216989067,0.567103341890104,1.0,0.8483335806988906,0.7084498847708645,0.13988369592802619,false,0.91146032962821
128,307.6640625,132.0,60,16.545770528347685,313,287,301,272,10.224538550015895,-0.5764872717448389,44.04163056034262,280.03125,0.8292644627800123,1.0,0.7239276960784312,0.6544697555463036,0.06945794053212762,false,0.9696969696969697
119,312.02521008403363,129.0,61,15.424956352172355,317,310,305,297,10.639795389553896,-0.7521092607920212,44.38477631085023,304.5966386554622,0.7590821070989945,0.0,0.6653814466963258,0.47862494175000897,0.18675650494631685,true,0.9224806201550387
259,322.5984555984556,268.0,63,21.083525068018194,332,18,312,1,16.609541087714156,1.2676026716534885,64.2842712474619,7.671814671814672,0.7875899727306392,1.0,0.7913543795896738,0.7161731294270388,0.075181250162635,false,0.9664179104477612
348,336.9511494252874,359.0,66,29.105532707714488,352,368,323,351,15.906217227377859,1.4343898878254526,77.35533905932738,359.4051724137931,0.7308167958621562,0.0,0.7183569979716024,0.3773918612671197,0.34096513670448264,true,0.9693593314763231
999,358.46446446446447,1309.0,68,57.527099873154654,391,170,334,136,27.53151546791561,-1.3343666558191478,177.095454429505,151.57057057057057,0.4002768965753476,1.0,0.8224067204459362,0.7374110110756728,0.08499570937026346,false,0.7631779984721161
150,349.25333333333333,175.0,70,23.560076995006035,358,261,339,245,9.743360975582235,-0.8979519457538082,64.76955262170047,253.51333333333332,0.4493237020975818,1.0,0.6899869281045752,0.6273788042824493,0.06260812382212588,false,0.8571428571428571
119,357.3613445378151,119.0,73,13.552438143269177,362,194,351,181,11.403523106238925,-0.1258822972235385,40.38477631085023,187.50420168067228,0.9168989218019746,1.0,0.7656945130993572,0.6463885357679419,0.11930597733141535,true,1.0
228,366.0175438596491,245.0,76,21.25721673155628,374,350,357,330,14.760723798389025,0.3514425316982615,62.526911934581186,339.32456140350877,0.7328426732929819,0.0,0.7163914688682491,0.40730257015086724,0.3090888987173819,true,0.9306122448979591
352,374.2869318181818,436.0,77,33.05646343422686,391,269,359,248,16.845875632968973,-1.2225877668521354,108.56854249492379,258.54545454545456,0.3752705747183625,1.0,0.7345811051693403,0.640443491836681,0.09413761333265924,false,0.8073394495412844
252,386.99603174603175,271.0,80,33.530109689616005,400,166,371,153,10.26686363863385,-1.3748583939567414,77.4558441227157,159.63492063492063,0.5278396645665836,1.0,0.8286181139122318,0.7175025454067727,0.11111556850545912,false,0.9298892988929889
200,382.54,219.0,81,20.28768928697146,389,115,375,95,13.433036268666267,0.3772711102443038,61.112698372208094,104.81,0.6729409233028241,1.0,0.8247058823529412,0.7538332071025836,0.07087267525035756,false,0.91324200913242
109,380.74311926605503,109.0,82,13.769435323411384,386,322,376,309,10.200390528074315,-0.3032751043498946,38.384776310850235,314.8532110091743,0.9296475600977614,0.14678899082568808,0.6994063680518078,0.4137892780874726,0.28561708996433516,true,1.0
100,384.46,100.0,83,12.726484489723632,390,305,380,293,10.119357318171145,-0.41614730622568363,36.384776310850235,298.84,0.9492277925055517,1.0,0.7509019607843137,0.5714444951107059,0.17945746567360776,true,1.0
266,393.28195488721803,277.0,84,21.671994490461703,400,21,382,1,17.303979692639263,0.5113849536713087,66.62741699796952,9.507518796992482,0.7529836510347926,1.0,0.8199764116172787,0.7306703959444109,0.08930601567286789,false,0.9602888086642599
209,391.9617224880383,218.0,85,23.283014717969365,400,98,382,80,12.191409565324676,0.9408919544082283,59.698484809835,88.19617224880383,0.7369355932252672,1.0,0.8247490383713295,0.7583389493276856,0.06641008904364387,false,0.9587155963302753
199,394.46231155778895,209.0,86,21.428124798550314,400,118,389,99,12.342184603960035,-0.16166060465811624,57.55634918610405,108.10050251256281,0.75487746881967,1.0,0.8303478175189672,0.7595651732195469,0.07078264429942038,false,0.9521531100478469
739,16.175913396481732,791.0,1,40.36667191131951,40,28,1,1,25.889454433384394,1.5161989368341993,122.08326112068524,13.092016238159676,0.6230774859527137,1.0,0.933205975218233,0.8733569979716027,0.0598489772466303,false,0.934260429835651
1033,13.454017424975799,1179.0,2,47.17720920331941,31,100,1,58,30.996891914789266,0.03356047077758819,149.66904755831212,79.3078412391094,0.5794903331351756,1.0,0.926796120190574,0.8786996136744661,0.04809650651610786,false,0.8761662425784563
1012,15.727272727272727,1085.0,3,42.28309064858041,36,197,1,160,32.557335035354626,-0.6974486358432412,135.3908729652601,177.57608695652175,0.6937637434630148,1.0,0.9554560954816701,0.8719950308890683,0.08346106459260183,false,0.9327188940092166
722,20.034626038781163,769.0,4,47.76888008743206,45,216,1,197,20.37974017850892,1.5188513318477503,122.42640687119285,206.58725761772854,0.6053364907053643,1.0,0.944017163652164,0.9153615746683779,0.028655588983786173,false,0.9388816644993498
734,12.08991825613079,823.0,5,45.31558135524028,30,364,1,326,24.11389780080609,0.480158741274579,129.6335136523794,347.0190735694823,0.5488723317675922,1.0,0.9711438798952822,0.9153757627081835,0.05576811718709862,false,0.8918590522478737
4707,78.77735287869132,5175.0,6,110.69655376850002,139,387,24,324,59.1042793197509,1.4201501408568429,339.04877323527904,357.363076269386,0.5145525178570236,1.0,0.9719200023327793,0.9132888108392191,0.05863119149356022,false,0.9095652173913044
225,36.59111111111111,230.0,7,20.517505617023804,46,96,27,83,14.266960979867976,-1.5094801217234464,59.21320343559642,89.09777777777778,0.8064088178555011,1.0,0.9096122004357301,0.8780018014272849,0.0316103990084452,false,0.9782608695652174
1382,62.87626628075253,1501.0,8,67.82685631464362,96,244,33,216,27.215529993056254,-1.5353449531581504,177.78174593052023,231.13314037626628,0.5494694780085445,1.0,0.9553900286597994,0.9226092861386979,0.032780742521101525,false,0.9207195203197868
1493,71.48091091761555,1603.0,9,50.06860159809599,94,107,46,69,39.82620652773464,-1.381655338159309,177.53910524340094,89.2277294038848,0.5952256228460077,1.0,0.9132526955859367,0.870603828012318,0.04264886757361874,false,0.9313786650031192
337,68.66765578635015,347.0,10,22.031921531020753,80,209,57,188,20.251125987326773,1.4397571659711583,72.42640687119285,196.64688427299703,0.8073203220468537,1.0,0.9512422179554311,0.8921063507370157,0.05913586721841535,false,0.9711815561959655
345,74.89855072463769,352.0,11,28.485329610849675,89,298,61,282,15.756920654939156,1.4668745213101926,75.52691193458118,289.8231884057971,0.7600208435055998,1.0,0.9640466041489055,0.9272572402044292,0.036789363944476294,false,0.9801136363636364
187,88.86096256684492,191.0,14,18.94950266224815,99,201,80,188,12.826133593842448,1.4404731669149449,54.2842712474619,194.77005347593584,0.7974499712765202,1.0,0.944804445842508,0.905473575455382,0.039330870387126016,false,0.9790575916230366
8297,159.19151500542364,12699.0,15,151.73984024994573,214,329,86,195,106.6775100685673,-0.2406839888113283,673.2569260369921,261.29179221405326,0.23002195718874383,1.0,0.9590950662535714,0.9180170722472718,0.041077994006299634,false,0.6533585321678872
865,116.85895953757226,992.0,16,53.1659268824194,142,107,94,76,23.085129926246537,1.2056320798506777,139.53910524340094,89.81156069364162,0.5582569053475318,1.0,0.9173523744758016,0.8744989708590618,0.04285340361673984,false,0.8719758064516129
200,128.695,212.0,17,19.612909113527714,137,265,119,250,13.623340122910445,1.1693545272966992,58.8700576850888,257.525,0.7251885475830503,1.0,0.9587058823529412,0.9387658592848904,0.01994002306805076,false,0.9433962264150944
135,143.6962962962963,139.0,18,15.674295576254437,150,117,138,102,11.420717224384337,-0.004707643202531764,46.04163056034262,110.64444444444445,0.8002805115150894,1.0,0.9227305737109658,0.8733219924194946,0.04940858129147119,false,0.9712230215827338
190,166.67894736842106,191.0,20,23.16549369341753,177,129,157,114,10.719899506550298,1.1127657764350483,57.2842712474619,121.92105263157895,0.7275999825287638,1.0,0.937110423116615,0.8840563252327959,0.053054097883819096,false,0.9947643979057592
8218,260.4383061572159,9476.0,21,126.91197290126134,324,186,188,88,86.18922391947174,-1.3451961035323514,470.3868683519033,136.86261864200534,0.4667298986401652,1.0,0.9614132535467339,0.8964179187884628,0.06499533475827113,false,0.8672435626846771
265,204.20377358490566,274.0,22,23.32332819874225,214,331,195,312,14.901119132796568,-0.8716051615054153,68.5269119345812,321.49056603773585,0.7091423384246505,1.0,0.9421827598964114,0.9009942004971004,0.04118855939931099,false,0.9671532846715328
268,207.3917910447761,278.0,23,22.769031770016547,217,347,197,329,15.645458454344535,1.0754035656468877,65.698484809835,337.3619402985075,0.7802503116104491,1.0,0.9434591747146621,0.8946700902583252,0.048789084456336895,false,0.9640287769784173
290,221.34827586206896,317.0,26,22.997680443811685,231,240,212,219,17.55736681283719,0.48724492532319963,74.52691193458118,229.6,0.6561174815097268,1.0,0.9424070317782284,0.8865308214789186,0.05587621029930978,false,0.9148264984227129
140,220.45,140.0,27,14.961976495507578,227,13,213,1,12.865412981502512,0.9306561497619293,45.55634918610404,5.864285714285714,0.8476958820604309,1.0,0.9305322128851541,0.8628454061283463,0.06768680675680783,false,1.0
773,262.0478654592497,865.0,28,56.55661782568302,287,400,231,382,19.191066877903367,-1.5294527022239437,144.6335136523794,392.72833117723155,0.46435645199370945,1.0,0.9015397103213857,0.805993014489747,0.09554669583163866,false,0.8936416184971099
201,245.77114427860695,207.0,29,21.050936543605168,252,384,240,364,12.445417486795241,0.09368067077295218,57.45584412271571,373.94029850746267,0.7651340023987939,1.0,0.9093161642766561,0.839273538709477,0.0700426255671791,false,0.9710144927536232
1922,330.21644120707595,2376.0,31,85.8812746880166,368,64,284,12,35.79531672247181,1.1958262605982446,250.69343417595167,35.841831425598336,0.38430614431318094,1.0,0.9471690028769048,0.9134037033325532,0.03376529954435159,false,0.8089225589225589
174,302.9425287356322,183.0,32,17.921036417407166,312,192,296,177,12.902723123617532,-0.8269767235776708,51.45584412271571,183.7816091954023,0.8258281794798298,1.0,0.9257606490872211,0.8596878925294328,0.06607275655778833,false,0.9508196721311475
374,336.0080213903743,391.0,33,28.288832976058448,351,137,324,119,17.436087406389824,1.4830623237509615,82.18376618407356,128.51069518716577,0.695839994959569,1.0,0.9448778441858027,0.9023584371918594,0.0425194069939433,false,0.9565217391304348
290,350.6448275862069,320.0,35,34.12927709724394,364,15,332,1,12.26191604638915,1.3583153132880634,83.31980515339464,5.896551724137931,0.5249420592767319,1.0,0.9476132521974305,0.8872299891556024,0.06038326304182817,false,0.90625
288,360.50347222222223,301.0,36,25.792897225060308,369,249,353,223,14.800244845628816,0.2732991339026053,71.35533905932738,236.52777777777777,0.7108032478481097,1.0,0.8840958605664488,0.7979082699862254,0.0861875905802234,false,0.9568106312292359
588,380.78231292517006,637.0,37,37.23468499759438,392,268,368,234,21.040778980487342,0.4239350531262001,110.91168824543142,250.52551020408163,0.6006653198700406,1.0,0.8740429505135391,0.8139814241486067,0.06006152636493234,false,0.9230769230769231
483,388.83643892339546,517.0,39,31.592157396545733,400,299,379,268,20.346552811675632,0.2056150163796825,93.35533905932738,282.83643892339546,0.6964319285951056,1.0,0.8660090123005727,0.8055933952528386,0.06041561704773413,false,0.9342359767891683
173,395.97687861271675,174.0,42,22.11357637900447,400,326,391,305,10.192828158946808,0.14298647367149395,52.97056274847714,315.08092485549133,0.7747949716400182,1.0,0.8522951377082623,0.803040683827608,0.0492544538806543,false,0.9942528735632183
315,31.58730158730159,322.0,4,22.421608784925056,40,195,23,174,18.34146499205019,-0.15222351880774945,68.62741699796952,183.75555555555556,0.8404756029648937,0.0,0.353215063803299,0.48143675169182704,-0.12822168788852806,false,0.9782608695652174
1149,40.60226283724978,1422.0,5,73.7647086059173,55,173,24,104,23.156905254601714,-0.3217144858028486,188.12489168102783,143.1975630983464,0.4079785846232418,0.0,0.34169866379972363,0.37940696100266397,-0.03770829720294033,false,0.8080168776371308
292,36.113013698630134,322.0,6,22.314806339009472,48,214,26,192,18.875913799052388,-0.6224730803775065,75.31980515339464,201.38013698630138,0.646806446545427,0.0273972602739726,0.38924254633360195,0.47888802579855466,-0.08964547946495272,false,0.906832298136646
174,57.99425287356322,203.0,9,23.337965173927,65,218,49,198,11.567763662329895,-0.5577846561106566,69.01219330881975,209.52298850574712,0.4591001683517659,0.14367816091954022,0.4270903763804371,0.42684304343747076,0.00024733294296636066,false,0.8571428571428571
205,60.27317073170732,207.0,11,20.512177340677578,67,117,55,98,12.952825820915411,0.05849124349065467,54.97056274847714,108.33658536585367,0.8525176107371313,0.0,0.3350549976087997,0.37625913110342174,-0.04120413349462204,false,0.9903381642512077
181,66.98342541436465,188.0,13,21.43770352059352,73,100,61,80,11.525983604940302,-0.005302093182624987,56.8700576850888,90.8011049723757,0.7032683962380238,0.0,0.3261618459538512,0.4012539899680804,-0.0750921440142292,false,0.9627659574468085
505,79.48316831683168,607.0,14,37.06520359320013,94,121,66,86,19.65630159634816,-0.5450370856799163,112.5685424949238,103.6891089108911,0.5008032702166327,0.0,0.3266550184430208,0.30399077277970016,0.022664245663320648,false,0.8319604612850082
122,82.88524590163935,124.0,16,13.142770952604844,89,84,78,71,12.053658521545033,0.14803407590606354,41.79898987322333,77.68032786885246,0.8774818081147652,0.0,0.292092574734812,0.36819687334393225,-0.07610429860912027,false,0.9838709677419355
238,86.38235294117646,265.0,17,24.407772935820102,94,188,78,163,13.923998626423995,-0.1481675911197584,73.01219330881975,175.23949579831933,0.5610428488216902,0.0,0.4297413082880212,0.32731404597500224,0.10242726231301896,true,0.8981132075471698
519,96.46242774566474,621.0,19,32.82520025904059,109,244,83,211,24.782602875723384,-0.23760729494711824,130.46803743153546,226.97109826589596,0.38315011723069103,0.015414258188824663,0.4792549775208734,0.4265584535701074,0.05269652395076602,false,0.8357487922705314
794,121.02518891687657,915.0,22,42.42420357678454,137,80,100,38,29.673573979439265,-0.696542252470093,139.19595949289334,59.63476070528967,0.5149642833310673,0.0,0.3500271645182004,0.3625870646766168,-0.012559900158416404,true,0.8677595628415301
103,113.5631067961165,126.0,23,18.569692279708704,118,191,108,175,9.201987137752331,0.11014057294959673,50.45584412271571,181.46601941747574,0.5084217675580229,0.0,0.441728536074624,0.35758108851017056,0.08414744756445341,false,0.8174603174603174
199,120.27638190954774,203.0,24,19.122553510122717,128,166,111,150,14.163722000669514,-0.8667258356445816,56.04163056034262,159.2713567839196,0.7962352766509423,0.0,0.4476303084047691,0.3404364080262456,0.1071939003785235,true,0.9802955665024631
923,129.7302275189599,1125.0,26,43.281239062449956,148,278,113,237,32.7431328856301,0.24597474583932177,174.6812408671319,257.14084507042253,0.3801185189067998,0.6435536294691224,0.5497801287362186,0.6531207998894627,-0.10334067115324408,false,0.8204444444444444
334,132.58383233532933,340.0,27,26.806330191324587,141,149,123,123,16.214163377446383,-0.42778601642023495,74.18376618407356,136.88023952095807,0.7626733566447924,0.0,0.44548549958905725,0.3390092879256966,0.10647621166336063,true,0.9823529411764705
9304,167.73506018916595,12200.0,28,182.51754063044189,215,203,125,23,80.21063222963971,-0.06992407848286203,717.3879143724298,115.21205932932072,0.22718071068613296,0.05578245915735168,0.46281085090958135,0.4715988190099391,-0.008787968100357757,true,0.7626229508196721
129,135.8217054263566,130.0,30,14.573392015021602,142,220,130,206,11.43566652368579,-0.5095066100411498,42.62741699796952,212.5581395348837,0.8921164334111217,0.31007751937984496,0.5287125702994375,0.5070190394998578,0.021693530799579697,false,0.9923076923076923
953,153.6894018887723,1095.0,32,56.25289457739052,168,252,140,197,23.205900595901547,0.07943552830071793,156.26702730475878,222.3473242392445,0.49041987637576356,0.23084994753410285,0.5456535604798064,0.477735336558866,0.06791822392094038,false,0.8703196347031964
127,148.28346456692913,136.0,33,13.732680982324002,155,267,141,254,12.385483640584274,-1.3360473993215334,46.698484809835,260.86614173228344,0.7318262881178554,0.8976377952755905,0.5826771653543308,0.5334925113957022,0.04918465395862859,false,0.9338235294117647
473,173.65116279069767,524.0,37,31.329990175116734,186,214,159,186,20.6505452091267,0.7968090109850791,104.5685424949238,198.76532769556025,0.5435867913874921,0.3107822410147992,0.5607014052978484,0.47106647537063623,0.08963492992721217,true,0.9026717557251909
103,176.2135922330097,106.0,41,16.97325739283875,183,284,170,271,7.9625243431775115,0.882754567565984,41.4558441227157,277.747572815534,0.7531397388065724,0.5533980582524272,0.6220826194555492,0.5671466038644759,0.054936015591073306,false,0.9716981132075472
212,187.58490566037736,216.0,42,19.657286615132914,196,253,180,235,14.060292689966525,0.5566696572822672,56.8700576850888,244.6556603773585,0.8237176795716081,0.9150943396226415,0.636126526082131,0.5584187899758838,0.07770773610624726,true,0.9814814814814815
1464,210.05737704918033,1951.0,45,56.62872014002369,238,234,187,175,42.69531400490908,-0.4088406093794654,252.0071426749364,198.1762295081967,0.28968448801789204,0.9877049180327869,0.625894674809815,0.6512940203979922,-0.025399345588177247,true,0.7503844182470528
137,218.34306569343065,139.0,49,16.761507207989908,225,262,213,247,10.627829125571813,-0.57522568047328,45.21320343559642,253.97080291970804,0.8421702075956845,1.0,0.710261914984972,0.6317477608327283,0.07851415415224372,false,0.9856115107913669
366,235.47540983606558,410.0,51,25.60800532368245,244,259,221,231,21.8562134517338,0.07017468652878592,88.42640687119285,244.54644808743168,0.5882026719851565,1.0,0.7291224686595952,0.8166156862745094,-0.08749321761491424,false,0.8926829268292683
122,229.5,122.0,52,15.86760541509009,234,15,225,1,10.063694825334762,-0.09467540873543966,41.89949493661167,7.229508196721311,0.8732771945850453,0.01639344262295082,0.5477338476374155,0.7312131919905775,-0.18347934435316204,false,1.0
101,239.55445544554456,106.0,56,15.376729637187248,246,149,234,136,9.029728211094149,-0.6628130586261465,42.04163056034262,142.23762376237624,0.7180788488990271,0.49504950495049505,0.6426324985439719,0.3253914657504491,0.3172410327935228,false,0.9528301886792453
640,259.81875,720.0,57,31.225127464181888,275,101,243,70,29.65091707849176,0.6704557955943458,123.05382386916237,86.165625,0.531128505273086,1.0,0.5702205882352944,0.6212015568221646,-0.05098096858687018,false,0.8888888888888888
178,252.8988764044944,185.0,58,20.058544232380363,260,181,246,163,11.54253479205734,-0.5078397285392664,57.112698372208094,171.6573033707865,0.6857479331124009,1.0,0.6814276272306676,0.5994387737205792,0.08198885351008844,false,0.9621621621621622
151,252.66887417218544,159.0,59,18.98116320698673,260,198,246,181,10.782530461601032,-0.4869264495629237,53.87005768508881,189.01324503311258,0.6538707799378901,1.0,0.7299052071159589,0.7918888974775192,-0.06198369036156037,false,0.949685534591195
279,262.2437275985663,285.0,62,26.694048442211283,271,244,253,220,13.651724043713475,0.6364899968713134,69.35533905932738,232.3548387096774,0.7288770381719127,1.0,0.7788600744957481,0.83966237382527,-0.06080229932952186,false,0.9789473684210527
118,265.40677966101697,143.0,63,20.895319026052018,270,158,259,139,8.83682429047194,0.3293343461678257,57.2842712474619,148.51694915254237,0.45187788388628486,1.0,0.7082751744765703,0.7537049128430382,-0.04542973836646791,false,0.8251748251748252
124,296.46774193548384,128.0,64,16.010691582802774,302,79,291,64,10.159093597357446,-0.2868676662793629,43.45584412271571,71.10483870967742,0.8251543021250402,1.0,0.638045540796964,0.7277862660215603,-0.08974072522459631,false,0.96875
389,305.87403598971724,429.0,65,27.201149858146636,317,41,293,14,20.105526759474895,0.6644371045629702,85.49747468305833,26.44215938303342,0.6687332092946,1.0,0.6297898079540297,0.7264629452064315,-0.09667313725240179,false,0.9067599067599068
124,315.3790322580645,126.0,66,15.92275721411423,323,160,308,149,10.229806706883897,-1.212754156949394,43.798989873223334,154.18548387096774,0.8122755109675942,1.0,0.7303605313092978,0.7034392704450203,0.026921260864277485,false,0.9841269841269841
133,316.76691729323306,139.0,67,15.156030461547688,324,106,309,94,11.66787370522366,1.3430451003886712,46.87005768508881,99.74436090225564,0.7608000438078323,1.0,0.6424296034203154,0.7054743691198456,-0.06304476569953021,false,0.9568345323741008
853,332.8124267291911,975.0,69,41.787335855633835,349,80,317,38,28.964995636851263,-0.5994753644449722,144.95331880577405,60.842907385697536,0.5101554946965003,1.0,0.6264441532767859,0.7461110708155027,-0.11966691753871672,false,0.8748717948717949
120,324.15,121.0,70,14.35739230501118,331,171,317,160,10.927984340927717,-1.4098075937328545,42.04163056034262,165.88333333333333,0.8531629887909232,1.0,0.7685947712418301,0.8218938307030133,-0.053299059461183185,false,0.9917355371900827
129,330.6046511627907,131.0,71,15.12777309929561,338,181,323,170,11.00186313511329,-1.3279475963500906,43.79898987322333,175.47286821705427,0.845028555764675,1.0,0.7652226782185743,0.7830951072017593,-0.017872428983185085,false,0.9847328244274809
551,341.58076225045374,670.0,73,33.26675404075598,360,36,329,5,26.796626646826418,-1.2169319787120412,119.9827560572969,20.8475499092559,0.48097643115949723,1.0,0.6437778015017259,0.7443419821677456,-0.10056418066601969,false,0.8223880597014925
118,352.1271186440678,119.0,74,14.337862262272946,358,12,346,1,10.844489553010531,0.7690218271745122,41.31370849898476,6.11864406779661,0.8687673872705738,1.0,0.6583250249252244,0.7278844169246643,-0.06955939199943995,false,0.9915966386554622
280,356.0642857142857,307.0,75,26.712553002952145,365,241,348,214,14.516743388070356,-0.25055973552412686,76.18376618407356,226.81428571428572,0.6062378092139379,1.0,0.786498599439776,0.72267647747785,0.06382212196192594,false,0.9120521172638436
235,381.0510638297872,244.0,79,21.102396218936853,389,229,371,211,15.445838464737188,0.8564786849029883,64.2842712474619,218.75744680851065,0.7146086625162171,1.0,0.7765540258656656,0.7673062603814654,0.009247765484200143,false,0.9631147540983607
297,390.4848484848485,303.0,83,22.152538984389675,400,272,381,254,17.240663673450477,-0.9986042258809585,64.8700576850888,262.3198653198653,0.8869063107060182,1.0,0.8017561233247509,0.692308240280672,0.10944788304407893,false,0.9801980198019802
216,394.7453703703704,247.0,84,23.024728949179853,400,196,387,175,13.701853910160194,0.18624679504286643,69.94112549695429,185.12962962962962,0.5548791187565404,1.0,0.7670660856935368,0.7260077182181179,0.04105836747541891,false,0.8744939271255061
341,7.026392961876833,382.0,1,30.36138452549694,19,127,1,96,17.799864856898534,0.21966569515612855,88.11269837220809,113.21700879765396,0.5519341172450523,1.0,0.8622045885803002,0.882481850871837,-0.020277262291536702,false,0.8926701570680629
248,15.987903225806452,291.0,2,40.842568504440784,34,165,1,149,8.980299784771647,-1.2925132005555753,92.59797974644667,156.56854838709677,0.36346158963978253,0.7983870967741935,0.8214421252371916,0.8032176973353446,0.018224427901846973,false,0.852233676975945
160,5.93125,173.0,3,17.171318666646417,13,276,1,259,13.234219480138607,-0.43958323532450666,55.17766952966369,266.18125,0.6603940308563615,1.0,0.7872303921568625,0.8033469428902668,-0.016116550733404233,false,0.9248554913294798
875,24.187428571428573,951.0,4,41.1255826248384,47,108,5,77,28.688066247708225,1.4978185957639196,135.29646455628165,93.62742857142857,0.6006825568810331,1.0,0.8620414565826329,0.8966637689558576,-0.03462231237322477,false,0.9200841219768665
2825,57.221592920353984,3392.0,5,93.24261297068989,97,273,12,206,42.56044429962799,-1.015208463627109,294.73506473629425,240.15681415929203,0.40866241955693294,0.9975221238938053,0.7780017352073576,0.724622140522876,0.05337959468448161,false,0.8328419811320755
926,42.55183585313175,989.0,6,63.94261782725915,78,26,15,1,20.801482466208807,-1.2936515085914526,154.91168824543144,10.607991360691145,0.4849003267744605,1.0,0.8681700758056998,0.928926260995783,-0.06075618519008319,false,0.9362992922143579
191,48.86387434554974,194.0,7,23.963671832493006,60,82,38,70,10.481939095415802,-1.3077774761108996,58.8700576850888,75.58638743455498,0.692555062941813,1.0,0.8512678369777229,0.9096803563879946,-0.0584125194102717,false,0.9845360824742269
1531,83.7615937295885,1872.0,9,77.63744452827494,122,116,46,76,28.763121372810097,-1.3862500556671828,209.99494936611666,94.59372958850425,0.4362820605409759,1.0,0.860070951960144,0.8632793991632641,-0.0032084472031200795,false,0.8178418803418803
2203,91.4807081252837,2628.0,11,63.203994530899216,118,180,55,117,50.79122527873805,-0.8885426750611313,255.17871555019022,150.14661824784386,0.4251434250933965,0.9160236041761235,0.8330476266766356,0.79534463601992,0.03770299065671556,false,0.8382800608828006
279,72.89605734767025,331.0,14,29.59884134064073,80,333,63,306,14.113779982882651,0.23770376770762036,82.42640687119285,317.9032258064516,0.5160375804435826,1.0,0.7859863658725138,0.7864842783960432,-0.0004979125235293758,false,0.8429003021148036
282,84.92553191489361,302.0,15,40.206742224378395,101,73,67,52,9.39890219787308,-1.0456982425318664,88.32590180780451,62.216312056737586,0.45423731888463853,1.0,0.8498817966903074,0.893175993801776,-0.043294197111468646,false,0.9337748344370861
211,89.91469194312796,221.0,16,22.873147566561176,99,14,79,1,12.881910706173365,1.1973660833251585,61.79898987322333,6.289099526066351,0.6942718655865966,1.0,0.8644178050367067,0.9301196696443619,-0.06570186460765515,false,0.9547511312217195
363,94.65013774104683,382.0,17,23.950967657452516,106,219,84,194,20.040502753514964,0.1826585684757855,78.66904755831213,206.1900826446281,0.7370699483663774,0.5895316804407713,0.7623939934100366,0.719881776239908,0.04251221717012854,false,0.9502617801047121
341,114.76539589442815,420.0,19,40.460618161279235,136,13,98,1,12.319398371774072,-1.5116409634698988,99.90559159102153,5.422287390029325,0.42932349024889643,1.0,0.8626530964291875,0.9201391277758665,-0.057486031346678956,false,0.8119047619047619
267,111.97752808988764,275.0,21,24.368947284785484,123,186,100,169,14.184899490005634,-1.1660667433244694,69.97665940288701,177.7378277153558,0.6851958334562125,0.7940074906367042,0.7919952999926564,0.731309041835358,0.060686258157298334,false,0.9709090909090909
246,111.14634146341463,256.0,22,21.37927948797749,118,205,104,185,15.11602654138264,-0.23062448382181072,62.8700576850888,194.41869918699186,0.7820909374123178,0.9796747967479674,0.7873106966363783,0.6957297641810073,0.09158093245537102,false,0.9609375
134,119.15671641791045,137.0,24,14.009696956759589,126,121,112,107,12.61479918145721,1.556254450083057,44.8700576850888,114.64179104477611,0.8363757005610103,1.0,0.8545507755340941,0.73519159297706,0.11935918255703404,false,0.9781021897810219
3551,156.3782033230076,4483.0,26,89.92486983141485,189,112,118,24,63.14400711307198,-0.5285592242638802,370.6761902332485,68.22754153759504,0.3247664475648559,1.0,0.8521819316293118,0.7899540495983727,0.0622278820309391,false,0.7921035021191166
280,144.85,320.0,32,22.702715951925377,155,22,137,1,17.39963507235398,0.031202610847915875,73.698484809835,10.667857142857143,0.6478146677798337,1.0,0.8470168067226892,0.8308239357919339,0.016192870930755277,false,0.875
481,169.9064449064449,531.0,34,36.74862798993914,184,400,150,376,19.37482528979982,-1.0150322782488175,103.84062043356595,390.66943866943865,0.5605577893351061,1.0,0.7794219558925443,0.8099803921568629,-0.030558436264318645,false,0.9058380414312618
2412,194.41044776119404,3025.0,35,73.43779670589453,221,356,160,287,50.65905051222177,-0.5324152858717561,305.22034611053283,324.86857379767827,0.32535703863035237,1.0,0.6601827463987255,0.5359838797178952,0.12419886668083036,false,0.7973553719008264
490,193.80612244897958,528.0,40,27.149120691899597,208,392,180,364,24.77527884454447,-0.8569271172227991,98.66904755831213,379.51428571428573,0.6324760314920014,1.0,0.7332372949179675,0.4448023653906006,0.28843492952736693,false,0.928030303030303
837,210.76224611708483,928.0,41,41.00020008776002,230,63,189,32,28.245228785729996,1.3073813383990758,134.78174593052023,46.610513739546,0.578992804314943,1.0,0.789776747018999,0.6570858852015384,0.1326908618174606,false,0.9019396551724138
1436,216.30292479108635,1608.0,42,53.074422011601854,240,110,189,65,38.065742236987006,1.0291636388968266,180.47413408594534,87.766713091922,0.5540313887173406,1.0,0.8015839204762691,0.713709521039364,0.08787439943690512,false,0.8930348258706468
157,198.0828025477707,159.0,43,16.512782720530044,206,400,190,389,12.471845106909925,-1.4207824658163308,48.97056274847714,394.9872611464968,0.82269588851058,1.0,0.7194205070563257,0.3215899403239557,0.39783056673236994,false,0.9874213836477987
120,200.83333333333334,124.0,44,13.959942939959477,207,367,193,355,11.603782611323487,-1.3435306007935437,44.04163056034262,361.0416666666667,0.7774354338562615,1.0,0.6598366013071895,0.42998425647631316,0.2298523448308763,false,0.967741935483871
129,206.5891472868217,134.0,45,18.86620058151947,215,227,197,219,8.92047748834656,-1.4535505078537025,48.62741699796952,223.24806201550388,0.685546900845012,1.0,0.6765769873841008,0.5156430219146483,0.1609339654694525,false,0.9626865671641791
238,230.71848739495798,255.0,47,20.423864747515218,240,70,219,53,15.514621236105935,1.5068010261564102,63.941125496954285,61.365546218487395,0.731520107327638,1.0,0.791382435327072,0.7664488017429194,0.02493363358415257,false,0.9333333333333333
883,248.50509626274066,994.0,48,50.37774617767985,273,312,222,287,23.992240912404867,-1.3610089079087102,144.0538238691624,298.8788221970555,0.5347132988947678,1.0,0.4677947283103499,0.3349535792379109,0.132841149072439,false,0.8883299798792756
387,244.09560723514213,458.0,49,30.50855631355777,257,279,231,254,18.768700913710646,-0.8664191493892691,100.3259018078045,267.0723514211886,0.48316412972652595,1.0,0.5046258296600294,0.3274354391690628,0.17719039049096663,false,0.8449781659388647
338,251.86094674556213,374.0,52,26.948814145695128,266,71,240,52,17.127678437647443,1.4287301553069987,81.35533905932738,61.65384615384615,0.6417331075744314,1.0,0.7222531616196772,0.7137769768739007,0.008476184745776494,false,0.9037433155080213
157,261.4012738853503,170.0,55,23.47610789253875,273,158,252,147,9.255999493424659,-1.3374445145278513,58.526911934581186,152.54777070063693,0.5759679220444994,1.0,0.6765829898838518,0.6180691995107904,0.05851379037306137,false,0.9235294117647059
146,263.32876712328766,152.0,56,17.030568597892536,272,35,255,24,11.111332214608055,1.411180693774563,47.45584412271571,29.78082191780822,0.8146729831891882,1.0,0.6751544453397798,0.5574434710054235,0.11771097433435629,false,0.9605263157894737
352,273.81534090909093,374.0,57,28.4903222855184,288,325,260,306,16.480160778658508,1.246509513236394,80.42640687119285,316.19602272727275,0.6838410924745424,1.0,0.4001559714795009,0.24614329663812592,0.15401267484137496,false,0.9411764705882353
457,274.71334792122536,512.0,58,32.53357221738349,288,108,264,75,20.54903960701781,-0.24634358946841073,100.91168824543142,91.95185995623632,0.5639532712961566,1.0,0.6811000986827993,0.7459841341116603,-0.06488403542886101,false,0.892578125
166,285.49397590361446,167.0,59,21.617241053418805,296,300,276,289,10.136670156629828,1.331317576803374,53.21320343559643,295.0301204819277,0.736680448057494,1.0,0.40304748405386254,0.4175663206459055,-0.01451883659204295,false,0.9940119760479041
220,295.5954545454546,237.0,61,20.193078346263366,305,103,286,88,14.462579246867325,1.3885354435517079,63.94112549695428,95.34545454545454,0.6761950571936152,1.0,0.6631016042780751,0.7085580802718202,-0.04545647599374514,false,0.9282700421940928
193,301.9378238341969,199.0,62,16.95703456157128,310,293,293,276,15.128973394599912,1.1829286380198858,56.52691193458118,283.47668393782385,0.7590259985555513,1.0,0.396281621456873,0.3182650029708852,0.07801661848598779,false,0.9698492462311558
127,300.93700787401576,137.0,63,17.956999141448378,306,50,295,33,9.991869615671304,0.33866559225769427,48.627416997969526,41.338582677165356,0.6749182667233838,1.0,0.6664505172147598,0.6389897278092436,0.027460789405516217,false,0.927007299270073
371,313.0512129380054,405.0,64,29.24013651555382,329,308,298,289,17.095138052154397,-1.4767991028689234,86.66904755831213,297.5956873315364,0.6206628134536271,1.0,0.3875905079012737,0.438137254901961,-0.05054674700068729,false,0.9160493827160494
215,314.4651162790698,228.0,65,22.914405808864597,326,103,305,88,12.413303935425445,1.2784185774173789,64.76955262170047,95.78139534883721,0.6440306396732006,1.0,0.6537346101231191,0.6065926871583359,0.047141922964783145,false,0.9429824561403509
195,320.7846153846154,210.0,67,18.738792334838383,331,284,312,269,14.481648675265783,1.5089074167845435,59.52691193458119,277.8666666666667,0.6915407374504142,1.0,0.42135746606334845,0.33652230122818355,0.0848351648351649,false,0.9285714285714286
2301,353.07953063885265,2965.0,69,78.86116012318189,392,164,322,101,46.01179426572392,-0.8709244833895458,310.77059864222696,128.5445458496306,0.29939644131989834,1.0,0.6522671302332321,0.6668143208700485,-0.01454719063681642,false,0.7760539629005059
186,338.31182795698925,193.0,70,20.240331831661752,348,103,328,91,12.065892426050254,1.557884624392863,56.284271247461895,96.0752688172043,0.7378170951310393,1.0,0.668247944339026,0.5553394911683683,0.11290845317065767,false,0.9637305699481865
154,340.0064935064935,172.0,71,24.073299391331343,350,318,329,304,9.261404235534522,-1.1002264184979669,57.698484809835,311.4935064935065,0.5813019339354233,1.0,0.39643493761140824,0.2597358387799564,0.13669909883145187,false,0.8953488372093024
222,345.02252252252254,237.0,72,28.58496942112381,358,285,332,274,10.60836355257981,-1.5150193456187016,69.2842712474619,279.02702702702703,0.5811570785174494,1.0,0.4429252782193958,0.5517620381485931,-0.10883675992919734,false,0.9367088607594937
179,344.83798882681566,195.0,73,20.6625110301715,354,269,334,257,12.02843491319043,-1.5656868632162788,57.698484809834994,262.9608938547486,0.6756691310028623,1.0,0.5008653740825939,0.5238362011471259,-0.022970827064532018,false,0.9179487179487179
113,342.76106194690266,117.0,75,15.276130073352704,348,191,337,177,9.879722449948476,-0.41121348789450113,42.627416997969526,184.02654867256638,0.7814663331430753,1.0,0.5559257331251084,0.394055068836045,0.16187066428906338,false,0.9658119658119658
614,370.70032573289905,721.0,76,42.95330685481591,389,184,349,163,19.971347019203627,-1.5001514824750053,118.74011537017759,172.63355048859935,0.5472468898618589,1.0,0.583917736475698,0.6082167600723712,-0.02429902359667324,false,0.8515950069348127
389,365.4190231362468,452.0,77,30.764795694153136,381,224,352,199,18.21154218138044,-0.8767150964925466,94.32590180780451,210.01542416452443,0.5494112315045526,1.0,0.5485457936387921,0.5662138132157339,-0.017668019576941862,false,0.8606194690265486
584,382.38698630136986,668.0,82,30.38342565686607,397,108,368,79,26.732260868066806,0.7808400506666061,119.5685424949238,93.95719178082192,0.513320773983838,1.0,0.6750201450443194,0.5868550441324569,0.08816510091186247,false,0.874251497005988
162,382.4938271604938,164.0,84,16.48874921555994,389,342,376,325,12.737934305460739,-0.07148492170656409,48.2842712474619,333.9259259259259,0.8731995768132884,1.0,0.38152989590898084,0.26510453579021975,0.11642536011876109,false,0.9878048780487805
168,396.0892857142857,171.0,88,21.015959078545528,400,88,389,68,11.24241176463234,0.07491974726884111,55.79898987322333,77.99404761904762,0.6780574183379551,1.0,0.669934640522876,0.5400260104041616,0.12990863011871434,false,0.9824561403508771
1426,16.980364656381486,1661.0,1,50.821460640934326,41,53,1,1,41.39120077819739,-0.2543756803901842,190.84671708797583,22.17321178120617,0.49199422169418955,1.0,0.8286197508456402,0.7734777284798757,0.05514202236576449,false,0.8585189644792294
298,11.620805369127517,325.0,2,25.874731480795628,22,79,1,56,16.490893146668338,0.7444153169348137,77.35533905932738,67.52013422818791,0.6258143826635706,1.0,0.8126858797210161,0.7474066549696806,0.06527922475133552,false,0.916923076923077
222,9.315315315315315,236.0,3,18.923480143583713,17,224,1,206,16.140577602155332,0.3384262815747119,60.87005768508881,214.0855855855856,0.7529314045680943,1.0,0.8264440911499735,0.7525522906104056,0.0738918005395679,false,0.940677966101695
3323,41.21426421907915,4162.0,4,116.79197631588013,77,392,10,284,41.87467217645002,0.39438438397907744,347.3624817342638,341.5308456214264,0.346078314861994,0.9596749924766776,0.8516330034872812,0.7356214833759591,0.1160115201113221,false,0.7984142239308025
325,23.123076923076923,359.0,5,25.903858273597667,34,289,14,263,18.15738117236094,-0.48767718891766587,82.42640687119285,275.89846153846156,0.6011190453195855,1.0,0.8348235294117651,0.762608909672656,0.07221461973910903,false,0.9052924791086351
107,28.869158878504674,109.0,6,14.372483927148457,36,78,22,69,9.610274508466617,1.5302134160748222,39.21320343559642,73.14018691588785,0.874437948654345,1.0,0.8076598863844602,0.7487113909108799,0.058948495473580276,false,0.981651376146789
662,53.91087613293051,770.0,12,44.44405891935958,66,328,42,286,21.601729948455816,0.15484558099023882,138.46803743153546,306.18126888217523,0.43387914918945664,1.0,0.8310230436585512,0.7908140225787289,0.04020902107982227,false,0.8597402597402597
269,60.100371747211895,277.0,13,23.502837798432395,70,70,49,51,15.039446806555436,-0.9735041939227485,67.35533905932738,60.30855018587361,0.7451060516436079,1.0,0.819068445221955,0.7628583514129383,0.05621009380901665,false,0.9711191335740073
257,102.715953307393,285.0,20,26.87339653155638,112,293,93,270,13.55205164212407,0.4728699678626433,74.18376618407356,282.0311284046693,0.5868474630470408,1.0,0.83579766536965,0.7535692208787677,0.08222844449088229,false,0.9017543859649123
229,103.7467248908297,269.0,21,24.266909351486603,114,170,95,148,14.364447047274009,-0.45051962319530353,77.25483399593904,159.73799126637556,0.48216315367053203,1.0,0.8253788851785256,0.7639779657682477,0.06140091941027792,false,0.8513011152416357
126,100.92857142857143,131.0,22,15.373316826171669,107,254,95,240,10.823942368730664,0.42525290787184533,45.21320343559642,247.52380952380952,0.7745507018763229,1.0,0.8431683784624959,0.7624385603297925,0.08072981813270341,false,0.9618320610687023
207,112.18357487922705,227.0,23,21.935266311895756,123,310,103,294,13.452751031631333,-1.092118450525852,63.35533905932738,301.54589371980677,0.6480578423593144,1.0,0.8365065833096523,0.7843172237672951,0.05218935954235726,false,0.9118942731277533
193,113.01554404145078,194.0,24,19.88532441506568,121,277,104,261,12.789517271785035,0.9006552732137332,54.8700576850888,268.5388601036269,0.8055571180075938,1.0,0.8339124250736565,0.7988278706316475,0.035084554442008975,false,0.9948453608247423
302,114.66887417218543,327.0,25,28.622099115657328,123,27,106,1,14.127075664356145,-0.35115732667383404,77.94112549695427,14.543046357615895,0.6247171970418136,0.0,0.8232437345799248,0.7010502258257606,0.12219350875416424,false,0.9235474006116208
117,112.73504273504274,121.0,26,14.288204488533593,120,256,107,244,10.77582382576801,0.9627556006515983,41.21320343559643,250.47863247863248,0.8656114252602032,1.0,0.8307357130886542,0.8026783673842501,0.028057345704404102,false,0.9669421487603306
197,116.34010152284264,200.0,27,17.349297995081916,123,153,109,137,14.654753893060228,0.1063253287521232,53.45584412271571,144.71573604060913,0.8663346930275292,1.0,0.8150890813178064,0.7699838523644755,0.04510522895333091,false,0.985
155,123.20645161290322,156.0,31,14.847139399989505,131,120,117,105,13.776421819591876,-0.7054173810690654,47.45584412271571,112.95483870967742,0.8648925506460561,1.0,0.8249968374446552,0.7132571956483652,0.11173964179629003,false,0.9935897435897436
240,132.8,283.0,32,24.309689401116476,142,277,120,258,15.090766164892607,0.8792236604281845,77.01219330881975,266.2583333333333,0.5085130715932383,1.0,0.8308333333333336,0.7929082786594146,0.037925054673919045,false,0.8480565371024735
234,140.95726495726495,238.0,34,19.789357693048352,150,18,131,2,15.17028268270751,1.0672692375472765,58.2842712474619,10.61111111111111,0.8656114252602032,0.0,0.8610021786492374,0.6235490441483228,0.23745313450091465,true,0.9831932773109243
331,143.24773413897282,333.0,35,24.55512647757821,153,400,131,383,17.987058595514295,-1.1496789808885628,70.97056274847714,392.65256797583083,0.8258123244095542,1.0,0.8299508322966651,0.75488182200985,0.07506901028681512,false,0.993993993993994
132,155.41666666666666,135.0,37,14.15383310263144,162,72,150,58,12.062187739273991,0.3973291272182963,43.21320343559642,64.99242424242425,0.8882820187597281,0.0,0.8483065953654187,0.4460265102925906,0.40228008507282814,true,0.9777777777777777
170,160.84117647058824,178.0,39,18.252609416819496,171,53,153,39,12.975863952923644,1.2893228363581908,55.698484809834994,46.22941176470588,0.6886079357218897,0.0,0.8553171856978086,0.7441070845576231,0.11121010114018548,false,0.9550561797752809
157,170.1464968152866,162.0,40,18.35272644888047,176,84,164,66,11.480238448369645,-0.20124447403600598,52.2842712474619,76.04458598726114,0.7217177695377273,0.9554140127388535,0.841938303984014,0.7267583650375574,0.11517993894645662,false,0.9691358024691358
167,184.60479041916167,173.0,45,17.162672769507903,192,156,178,139,13.386117975746833,-0.22822552834988372,51.698484809834994,148.22155688622755,0.7851826696515148,0.5808383233532934,0.8686861570975696,0.7220209040015447,0.14666525309602485,true,0.9653179190751445
259,212.52123552123552,264.0,51,21.643049373944756,222,18,202,1,15.662038106001521,1.120581251556271,62.8700576850888,9.347490347490348,0.8234209462999605,0.0,0.8589446589446591,0.7713435770086401,0.08760108193601901,true,0.9810606060606061
101,212.72277227722773,102.0,54,13.458679641356795,218,365,208,352,9.76399819593914,0.02822178572681781,39.21320343559642,359.009900990099,0.8254040449914846,0.0,0.8729567074354493,0.5838977534333573,0.28905895400209203,true,0.9901960784313726
314,219.59872611464968,328.0,55,22.136682481435653,230,206,210,185,19.13809955615788,0.5700673641205722,73.35533905932736,197.40127388535032,0.7332904930154358,0.2898089171974522,0.8804795803671788,0.7513614240022254,0.12911815636495338,true,0.9573170731707317
142,218.07042253521126,144.0,56,13.803477273324887,225,37,211,23,13.317630196172678,0.9487109593721033,44.8700576850888,29.661971830985916,0.8863085782064437,0.0,0.8622203811101905,0.7441207203884692,0.11809966072172129,true,0.9861111111111112
111,226.0810810810811,113.0,60,14.494685489028175,231,228,221,214,9.97443499706968,-0.009052557008037948,41.21320343559642,220.88288288288288,0.8212210957596802,0.0,0.8717187776011306,0.7747682996027994,0.09695047799833123,false,0.9823008849557522
717,243.92189679218967,770.0,61,35.94585186001802,258,65,227,32,26.64641956247937,0.4011616722686103,113.1543289325507,48.05160390516039,0.7036985772458101,0.0,0.8793283561681299,0.7102361794651462,0.1690921767029837,true,0.9311688311688312
200,238.595,204.0,62,19.508713175931018,245,322,231,303,13.459914941011174,0.25249896822925283,56.2842712474619,311.605,0.7933517151946659,0.0,0.8675098039215686,0.5524615792262851,0.3150482246952835,true,0.9803921568627451
265,254.71320754716982,272.0,64,22.5822173047483,264,91,246,69,15.639490545421062,0.3029250298175292,66.52691193458118,78.93962264150943,0.7524211739071707,0.0,0.8754568997410286,0.6141357366669898,0.26132116307403874,true,0.9742647058823529
146,263.6027397260274,146.0,68,14.765982895217341,270,251,257,239,12.62594258613004,-1.2455935950842314,43.55634918610404,244.86301369863014,0.9670741576357327,0.0,0.8707493956486704,0.7406218264198107,0.1301275692288597,true,1.0
124,266.3790322580645,138.0,69,16.073247731074815,273,153,259,139,11.372847238303134,-0.7522506324702342,50.2842712474619,146.61290322580646,0.6162646099227526,0.0,0.8799493991144846,0.7845745837137519,0.09537481540073267,false,0.8985507246376812
205,283.4829268292683,206.0,73,17.74070470801345,291,260,274,246,14.889724596014647,-1.3536568941576075,53.79898987322333,252.9268292682927,0.8900522085414205,0.0,0.8754088952654233,0.7142695479967792,0.1611393472686441,true,0.9951456310679612
291,286.0481099656357,295.0,74,23.419026242231865,298,290,274,272,16.218323148422837,-1.3200392561130911,68.18376618407356,281.27147766323026,0.7865763434221057,0.0,0.8725692338791188,0.743907911423276,0.12866132245584283,true,0.9864406779661017
129,282.1860465116279,132.0,75,16.182863549303736,289,380,275,367,10.326612915925109,0.9362139944583715,44.04163056034262,373.1007751937984,0.8357430913954811,0.0,0.8618939048487612,0.7466623300188957,0.11523157482986546,true,0.9772727272727273
182,284.1978021978022,186.0,76,18.525157352078423,293,38,276,22,13.051995688474085,0.9182663124976741,54.526911934581186,29.626373626373628,0.7692357269396666,0.0,0.8760827407886232,0.6830796752057917,0.19300306558283153,true,0.978494623655914
172,310.2325581395349,175.0,85,15.916426993491562,318,122,303,107,14.056594513860935,-1.0690336264250042,49.45584412271571,114.76744186046511,0.8836963743159719,0.0,0.8726630186958504,0.8185845807857197,0.05407843791013067,false,0.9828571428571429
102,310.3529411764706,104.0,86,12.513832484209992,317,358,304,347,10.610756641051383,-1.510896584800127,38.62741699796952,352.04901960784315,0.8590505095964065,0.0,0.8638216070742022,0.7088256377819946,0.1549959692922076,false,0.9807692307692307
128,322.359375,128.0,92,13.493628916859363,329,375,316,363,12.204759659313117,-1.3135198930391991,41.21320343559642,368.9609375,0.9469936960111627,0.0,0.8634497549019605,0.6369271232016329,0.2265226317003276,true,1.0
308,332.37987012987014,312.0,95,24.117215962514283,341,302,324,280,16.473296815765398,-0.2949461590333981,69.1126983722081,290.89935064935065,0.8102982137596252,0.0,0.883486121721416,0.7971364428840965,0.08634967883731959,true,0.9871794871794872
453,356.05960264900665,456.0,102,25.88980301843252,368,43,342,20,22.713023479555247,1.4907276585066143,81.84062043356593,31.01766004415011,0.8499047174595392,0.0,0.8647188676795224,0.7738753699090929,0.09084349777042955,true,0.993421052631579
189,376.55026455026456,190.0,115,18.270574749911493,386,277,368,264,13.215056163520847,1.5561334820407886,52.04163056034262,270.67724867724866,0.8769399947986495,0.0,0.8768129474011825,0.8072506700521939,0.06956227734898868,true,0.9947368421052631
108,382.39814814814815,108.0,119,16.54532371467812,390,305,375,294,8.561317592760432,1.091343631608721,42.04163056034261,299.8888888888889,0.7678466899118311,0.0,0.8710602759622367,0.8274555994364767,0.043604676525759944,true,1.0
132,388.3863636363636,132.0,122,13.85143703744823,394,294,383,281,12.136806127649905,-0.012056534770384509,40.97056274847714,287.5378787878788,0.9881888214965198,0.0,0.8815805109922757,0.7321162947937796,0.14946421619849615,true,1.0
420,13.211904761904762,535.0,3,38.77621942468793,23,204,4,167,16.916272402070817,0.16483121067711856,111.9827560572969,187.6547619047619,0.42087860624625484,1.0,0.713641456582633,0.6213022885859939,0.0923391679966391,false,0.7850467289719626
118,12.847457627118644,120.0,5,12.888354791735228,19,104,7,92,12.103500930658155,-0.3894679750611196,41.21320343559642,97.28813559322033,0.8730098135102906,1.0,0.7560319042871386,0.5699433138184183,0.18608859046872028,false,0.9833333333333333
481,33.34095634095634,500.0,8,32.50452085741025,46,333,23,302,19.86138141670722,-0.4612884372730862,93.25483399593904,316.3970893970894,0.6950438961507709,1.0,0.7678610737434267,0.5580483966161717,0.20981267712725504,false,0.962
314,52.27388535031847,361.0,10,31.18821405138822,62,121,43,93,14.573306805977102,-0.4233659684006383,89.84062043356595,106.32484076433121,0.48887072040900326,1.0,0.741438741101536,0.5834217293474768,0.15801701175405913,false,0.8698060941828255
129,52.17829457364341,130.0,11,17.82592699493766,58,176,46,160,9.309863592475217,-0.5274961205933308,46.04163056034261,168.36434108527132,0.7647124887810858,1.0,0.7766225870193039,0.6296808919646292,0.1469416950546747,false,0.9923076923076923
170,54.423529411764704,180.0,12,18.936205808132236,64,316,46,303,11.851913788798445,-1.2317069948296813,54.87005768508881,308.88823529411764,0.7095580832191238,1.0,0.778477508650519,0.6340011366865589,0.14447637196396013,false,0.9444444444444444
122,57.942622950819676,124.0,14,14.615388686038552,65,303,51,292,10.865015875072784,-1.2071668734893013,42.62741699796952,297.5409836065574,0.8437070145438516,1.0,0.7324654451944712,0.6257554019390461,0.1067100432554251,false,0.9838709677419355
290,63.02413793103448,312.0,15,24.411043757194058,73,144,54,120,16.200101759693613,-0.2935571242727497,75.01219330881975,131.14827586206897,0.6476556128246056,1.0,0.7275185936443541,0.6270812702185256,0.10043732342582856,false,0.9294871794871795
148,63.04054054054054,156.0,16,17.604046037837037,71,160,54,146,11.675380498044602,1.0248834030462874,52.2842712474619,152.75,0.6803454133221888,1.0,0.7349231584525702,0.6170184308375467,0.11790472761502346,false,0.9487179487179487
152,69.24342105263158,158.0,18,17.010808475781083,75,286,63,270,12.045854747876662,-0.13688090476605902,49.45584412271571,277.7368421052632,0.7809409819536496,1.0,0.7432404540763674,0.577058107043061,0.16618234703330637,false,0.9620253164556962
109,74.92660550458716,121.0,20,16.681271774709458,81,48,70,33,9.014010446751424,-0.4126714250679644,46.2842712474619,40.23853211009175,0.6393953915778992,1.0,0.7459974815614321,0.5375501379258929,0.20844734363553918,false,0.9008264462809917
536,92.86753731343283,625.0,22,41.55899533666496,103,278,82,237,18.223072156570897,-0.07478666986351468,130.46803743153546,257.125,0.3957003137488447,1.0,0.7381474978050925,0.6292429830593239,0.10890451474576857,false,0.8576
988,132.57894736842104,1118.0,25,48.96938618305762,150,156,117,106,28.72107186722977,-0.16666213882569683,179.23759005323595,134.40080971659918,0.3864636192079754,1.0,0.742926887354132,0.6109254531206554,0.13200143423347666,false,0.8837209302325582
1031,137.7992240543162,1155.0,27,45.46324466821408,154,258,119,214,30.306130399574613,0.2756524844838182,152.36753236814712,234.42677012609118,0.558063554731759,1.0,0.7036305889960253,0.6142903553725072,0.08934023362351806,false,0.8926406926406927
141,142.04964539007094,143.0,31,16.139677279090485,149,214,135,202,11.40333470595736,-0.9390744999887409,45.55634918610404,208.5531914893617,0.8537508526465768,1.0,0.7505214851898206,0.5780030165912516,0.172518468598569,false,0.986013986013986
395,159.1139240506329,440.0,32,31.211616390195825,174,122,144,101,17.856714365889708,-1.3491518392651203,93.84062043356596,109.5873417721519,0.5636703861763684,1.0,0.7517597418714322,0.6549398503362699,0.09681989153516235,false,0.8977272727272727
367,159.66485013623978,401.0,33,26.91119706475155,173,204,145,185,18.346952680348867,1.5499898375991632,90.42640687119285,193.89373297002726,0.5640081499774017,1.0,0.7516161778062727,0.6168458080906783,0.1347703697155943,false,0.9152119700748129
210,164.4142857142857,217.0,37,19.821167249960695,173,185,156,169,13.993327371831668,-0.8762385058845892,58.04163056034262,177.91904761904763,0.7833393614882761,1.0,0.7689075630252099,0.558329702251271,0.21057786077393892,false,0.967741935483871
1600,193.43125,1959.0,38,58.82526056802488,222,252,158,208,41.11891285167904,1.2793299621673653,240.00104602052653,227.6025,0.34906280766838627,1.0,0.7333504901960788,0.6384495451682519,0.09490094502782687,false,0.8167432363450741
168,178.11309523809524,178.0,40,17.71255748815715,186,100,171,84,12.935431880369359,0.6573427164233098,54.2842712474619,92.60119047619048,0.7164256426441464,1.0,0.7556956115779646,0.618684892030298,0.13701071954766664,false,0.9438202247191011
297,183.92592592592592,331.0,42,25.239297119866784,194,189,174,166,16.029964592282475,0.570334767551591,83.25483399593905,178.64309764309763,0.5384524965804146,1.0,0.7400013203934772,0.6645917271018,0.07540959329167718,false,0.8972809667673716
178,189.76404494382024,193.0,44,17.99946968334982,199,170,179,156,13.793539692504963,-1.4429097784130016,59.76955262170048,163.97191011235955,0.6261377035441807,1.0,0.7439083498567967,0.6301523999430286,0.11375594991376803,false,0.9222797927461139
104,214.1346153846154,105.0,47,13.810645633029475,220,94,208,82,9.885951827226593,-0.67635094462382,39.21320343559642,87.72115384615384,0.8499209968229149,1.0,0.7640648567119155,0.5931495817103037,0.17091527500161174,false,0.9904761904761905
431,224.43155452436196,482.0,48,27.223787092136494,236,156,212,128,21.648606807722754,-0.322469902311529,96.66904755831213,140.77494199535963,0.5795784843509677,1.0,0.7513488922251038,0.6444887917471782,0.1068601004779256,false,0.8941908713692946
208,222.1778846153846,211.0,50,17.72333676511481,230,218,213,202,15.695601262745152,-1.4395037735632494,56.2842712474619,210.14423076923077,0.8250857838024525,1.0,0.721003016591252,0.6088180726836191,0.1121849439076329,false,0.985781990521327
185,223.97837837837838,190.0,51,18.715124905043858,231,267,217,249,12.952609936664054,-0.2662476743622258,53.4558441227157,257.84864864864863,0.8135630365994566,1.0,0.7653842077371488,0.6593601651186793,0.10602404261846943,false,0.9736842105263158
1120,257.55089285714286,1278.0,55,48.920432156878164,283,235,234,197,31.236982247509427,1.1954371494428415,170.99494936611663,217.49285714285713,0.4813503820115374,1.0,0.7482703081232497,0.6337358784573436,0.1145344296659061,false,0.8763693270735524
157,243.18471337579618,176.0,57,22.125936129311818,250,253,237,234,10.259919358809563,-0.3776534972350041,59.112698372208094,242.46496815286625,0.5646091962049922,1.0,0.7752966154614711,0.6681230787596624,0.10717353670180874,false,0.8920454545454546
156,267.05128205128204,162.0,60,18.53785514167497,272,91,261,73,10.926934330962427,-0.04999375245749144,50.87005768508881,81.89102564102564,0.7575477317363426,1.0,0.7521618903971845,0.5674288040198184,0.18473308637736607,false,0.9629629629629629
801,298.03370786516854,898.0,62,41.20568215894769,314,253,283,211,26.431830969119467,-0.15591901600221528,141.5035713374682,229.89513108614233,0.5026984871384772,1.0,0.7202859171134124,0.6736392654313315,0.04664665168208093,false,0.8919821826280624
1463,316.174982911825,1670.0,65,64.00317788761562,334,224,296,160,32.41511371849387,-0.20929748552703098,192.89444430272832,191.34586466165413,0.49409988337460375,1.0,0.7333467358235164,0.6550261371147031,0.07832059870881325,false,0.8760479041916168
211,307.18009478672985,229.0,66,20.78801951568163,314,275,297,258,14.29744076688165,-0.7560279437613111,61.45584412271571,267.5781990521327,0.702046603824127,1.0,0.8001300994331381,0.6478740214034334,0.15225607802970464,false,0.9213973799126638
290,312.25172413793103,309.0,68,35.25111454861934,322,353,301,324,11.114792572259296,-0.576319588692957,83.25483399593904,338.56206896551726,0.5257616969977114,1.0,0.8030831643002028,0.6003038610166135,0.20277930328358929,false,0.9385113268608414
186,329.9623655913978,208.0,71,24.163592715726242,337,303,323,280,10.856640992621623,-0.404867899709241,64.52691193458118,291.23118279569894,0.561359459166781,1.0,0.7882352941176471,0.6780549791696829,0.11018031494796421,false,0.8942307692307693
202,335.54455445544556,211.0,72,21.584418568272575,344,156,327,138,12.416842059368024,-0.6825061964201773,59.94112549695427,147.18316831683168,0.7064988298139468,1.0,0.774878664337022,0.4562430632630411,0.3186356010739809,false,0.957345971563981
945,357.8751322751323,1099.0,74,42.73677979688918,381,187,339,148,31.23781787053971,-0.8874134768161525,150.8528137423857,165.21904761904761,0.5218369680797501,1.0,0.7359435626102294,0.6001127607592561,0.1358308018509733,false,0.8598726114649682
396,350.4570707070707,437.0,75,33.134525441117624,364,269,339,241,16.894182318872776,-0.5913872971127939,97.98275605729688,254.1161616161616,0.5183292862452928,1.0,0.7905129728659144,0.6341839447102607,0.15632902815565364,false,0.9061784897025171
135,364.8666666666667,142.0,78,15.374548606609258,373,395,357,382,11.943060672026732,-1.209501215954586,49.2842712474619,387.85925925925926,0.6984365432300269,1.0,0.8716339869281045,0.6372366256755702,0.2343973612525343,false,0.9507042253521126
973,376.5950668036999,1048.0,80,47.830886898858886,391,89,362,41,26.887891479609113,-0.11703611095388894,147.29646455628165,64.10174717368962,0.5635572723200812,0.27852004110996914,0.8083509662857947,0.4747629898444313,0.3335879764413634,false,0.9284351145038168
878,382.07972665148066,1023.0,81,41.961725068401094,400,232,363,194,29.351171774687764,-1.0839621974259723,149.53910524340094,212.67995444191345,0.49339509127153913,1.0,0.7781589173254725,0.631941407569374,0.14621750975609848,false,0.8582600195503421
583,373.45797598627786,615.0,82,40.4990685664642,385,128,364,88,19.221069907926307,-0.21088929289969668,113.32590180780453,106.4631217838765,0.5704532403040589,0.9090909090909091,0.7268085965089297,0.53795832234239,0.18885027416653966,false,0.9479674796747968
769,377.9336801040312,823.0,83,45.029578630206075,391,40,366,1,24.13609846655609,0.03367818881258405,120.04163056034261,17.850455136540962,0.6706137162674716,0.7854356306892067,0.7046278589459191,0.4393194314762942,0.26530842746962485,false,0.9343863912515188
112,371.48214285714283,117.0,84,12.829673500631838,378,267,366,254,11.828773648626917,-0.4338205487191096,42.62741699796952,260.55357142857144,0.7745507018763228,1.0,0.7426470588235295,0.6862063086104008,0.056440750213128776,false,0.9572649572649573
154,374.35714285714283,163.0,86,21.37113496103619,381,383,368,364,9.609433498764377,-0.49471209445398107,53.698484809834994,373.3181818181818,0.6711297979248985,1.0,0.8278584160937102,0.6492164737380899,0.17864194235562036,false,0.9447852760736196
389,383.94344473007715,470.0,87,32.14821255792028,398,279,369,253,17.96075080069219,-0.8212831777245435,103.7401153701776,266.6426735218509,0.45421974806210913,1.0,0.7463985079893138,0.6839911136868542,0.06240739430245967,false,0.8276595744680851
149,393.4295302013423,153.0,90,16.180336674106524,400,127,387,111,12.194172940772711,0.6080718937141505,47.45584412271572,118.89261744966443,0.8314128390081441,0.959731543624161,0.7603632056849585,0.567911479944675,0.19245172574028357,false,0.9738562091503268
141,391.45390070921985,155.0,91,19.288771947336723,397,191,387,173,9.982037802225971,0.01896503139099621,51.698484809835,182.6950354609929,0.6629386612027757,1.0,0.7263801974690586,0.6136947327950787,0.11268546467397988,false,0.9096774193548387
159,396.84276729559747,177.0,94,25.091505230008195,400,249,391,225,9.519495132930802,0.03491113871802972,67.66295090390226,236.11320754716982,0.4364204772330669,1.0,0.7463559008509063,0.6798253676470588,0.0665305332038475,false,0.8983050847457628
164,116.10975609756098,196.0,5,24.27043428383469,124,320,106,302,11.142451663490792,0.8208579825958033,69.35533905932738,310.2987804878049,0.4284438503949594,1.0,0.6578909612625539,0.5757941936464509,0.08209676761610296,false,0.8367346938775511
189,170.74074074074073,193.0,11,23.372471061789085,176,252,166,229,10.483023095681958,-0.020547895378599475,58.2842712474619,240.77777777777777,0.699147689633241,1.0,0.6483660130718955,0.5766147894135233,0.07175122365837217,false,0.9792746113989638
107,172.78504672897196,117.0,12,17.216019704444033,177,311,169,295,8.409426662046505,-0.02732296451821913,44.62741699796952,302.9906542056075,0.675134248867512,1.0,0.6577606743632032,0.5678968573730864,0.08986381699011681,false,0.9145299145299145
132,184.3181818181818,137.0,13,16.830515323441105,191,286,177,272,10.435954398794271,-0.9269552046009514,46.87005768508881,279.0378787878788,0.7550797427265704,1.0,0.6486333927510397,0.5422222222222219,0.10641117052881777,false,0.9635036496350365
2510,214.43067729083666,3204.0,15,120.14869891014604,242,266,180,159,30.387749666590935,-0.41523714886734575,345.7056274847714,219.28486055776892,0.26391901835782633,1.0,0.655125380829623,0.4726846084185141,0.1824407724111089,false,0.7833957553058677
402,254.83582089552237,447.0,21,32.313493551606314,270,242,240,222,17.200478216276558,1.2496414800344902,92.32590180780451,231.27860696517413,0.5926370520172323,0.0472636815920398,0.6272461223295287,0.18655674390968505,0.4406893784198437,false,0.8993288590604027
531,307.34651600753295,585.0,26,36.13908686273036,317,325,295,287,19.77726278672196,0.15212722061447484,107.1543289325507,306.84180790960454,0.5811455859166136,1.0,0.6286621616631588,0.5162964570822182,0.11236570458094064,false,0.9076923076923077
203,317.13300492610836,209.0,27,18.024900014880156,324,297,308,279,15.011589818525868,-0.2856835034679914,55.698484809835,287.3152709359606,0.8222788879502563,1.0,0.6299236936153771,0.5592376390759866,0.07068605453939059,false,0.9712918660287081
146,321.3424657534247,151.0,29,16.43315338274353,329,375,314,361,11.777917634147666,0.8606779749088976,52.2842712474619,367.6917808219178,0.6711515563854025,1.0,0.6224818694601127,0.5684306490123728,0.05405122044773991,false,0.9668874172185431
270,324.3407407407407,272.0,30,21.43786964386825,334,279,315,261,16.36211188545021,-0.8773541075680212,62.87005768508881,270.44074074074075,0.858392492281812,1.0,0.6051416122004356,0.5345662507427213,0.07057536145771426,false,0.9926470588235294
789,331.23954372623575,826.0,31,37.33062619459947,348,264,317,228,27.365564299923214,0.4073902047698579,114.5685424949238,245.87579214195185,0.7553636660726245,1.0,0.6041352916324964,0.5093812963782007,0.09475399525429562,false,0.9552058111380145
3211,354.18405481158516,3801.0,33,137.44349544243968,380,231,325,100,34.02635098172789,-0.26006264106907395,351.8355697996826,169.790096543133,0.3259647835548548,1.0,0.5950916274326615,0.45329102595395,0.14180060147871154,false,0.8447776900815575
257,356.9377431906615,285.0,36,22.85535811399658,366,270,349,248,16.208670813629997,0.42051910791528413,69.94112549695429,260.2023346303502,0.6602033959279208,1.0,0.5984893568322268,0.5068747639160742,0.09161459291615259,false,0.9017543859649123
3436,380.1056461001164,3632.0,38,100.52355927590888,400,400,355,309,45.758163016177015,-0.010202275073582037,281.64570696119915,358.0710128055879,0.5443230777673761,1.0,0.6999429341002993,0.5042563366810138,0.1956865974192855,true,0.9460352422907489
138,369.1521739130435,144.0,39,18.059020816224542,375,102,363,86,10.094403001073347,-0.47907656499649726,49.21320343559643,93.43478260869566,0.7160208675031465,1.0,0.5398692810457515,0.2752780383223904,0.2645912427233611,false,0.9583333333333334
115,367.74782608695654,130.0,40,17.900556803438178,373,218,363,201,8.973146767621307,-0.2100496707312224,47.4558441227157,209.42608695652174,0.6416944730599773,1.0,0.6075021312872975,0.4971560227518174,0.11034610853548005,false,0.8846153846153846
115,367.6521739130435,122.0,41,18.736624939170436,372,17,364,1,8.326207359238987,-0.08847067975141082,45.55634918610404,8.669565217391304,0.6963216174067827,1.0,0.5087468030690537,0.4174604850917028,0.09128631797735093,false,0.9426229508196722
491,374.8615071283096,544.0,42,32.9087992880741,389,65,364,35,21.558668867287263,-0.49378649820143833,104.91168824543142,48.431771894093686,0.5605877516655585,1.0,0.5238848288806357,0.3285756264358604,0.1953092024447753,false,0.9025735294117647
111,370.963963963964,112.0,44,13.35114010090425,376,85,366,74,11.016310747384344,-0.1747209125418695,39.89949493661166,79.10810810810811,0.8761895038117121,1.0,0.5483130189012542,0.3543218036278182,0.193991215273436,false,0.9910714285714286
263,386.0608365019011,296.0,47,24.979235375586896,394,21,374,1,16.24522861153579,0.6881120331958317,74.04163056034261,8.539923954372624,0.6028561058465183,1.0,0.5108178632669796,0.35838018190959364,0.152437681357386,false,0.8885135135135135
748,389.79411764705884,780.0,49,42.706289584997286,400,150,377,105,23.270320416688413,-0.2929966811719643,121.84062043356595,129.2366310160428,0.6331801016053364,1.0,0.5714847436300727,0.2968526155849793,0.27463212804509346,false,0.958974358974359
544,392.10110294117646,564.0,50,40.160226334262106,400,325,379,287,19.640100172725234,0.31847349833327987,107.35533905932736,302.03860294117646,0.5931458114221919,1.0,0.6761894463667822,0.4986568773125891,0.17753256905419312,false,0.9645390070921985
113,392.07964601769913,116.0,51,16.43921189248314,398,168,387,153,8.949345693993225,-0.569640697901198,43.21320343559643,160.5486725663717,0.7604232433321911,1.0,0.5794204407426689,0.47339582484263926,0.1060246159000296,false,0.9741379310344828
229,106.95633187772926,236.0,10,28.127426672615183,117,188,96,166,10.753208464330633,-0.733007495927514,67.42640687119285,177.33187772925766,0.6329731856147849,1.0,0.9216885007278021,0.8345410628019326,0.08714743792586943,false,0.9703389830508474
149,118.75838926174497,150.0,11,17.496006945772603,125,158,111,143,11.196944498232027,-0.6272389761169622,47.87005768508881,150.4496644295302,0.8170868681859872,1.0,0.9170680352677982,0.872216386554622,0.04485164871317626,false,0.9933333333333333
109,129.1559633027523,109.0,12,12.396389789671346,135,146,124,134,11.342600098563453,-0.10548650854634671,37.79898987322333,139.9908256880734,0.9586850917766568,1.0,0.9302032739701384,0.8641692994333284,0.06603397453680993,false,1.0
160,141.0875,165.0,17,21.60532644776421,149,128,134,110,9.872429745789036,0.6357425954096306,53.11269837220809,119.4625,0.7127432521687898,1.0,0.9299754901960785,0.8693095959132482,0.06066589428283031,false,0.9696969696969697
155,147.86451612903227,162.0,19,18.532109781009865,153,153,142,136,11.006768879871169,-0.27653740748143735,51.62741699796952,144.78064516129032,0.7307700972047224,1.0,0.9319924098671726,0.7851679285575617,0.1468244813096109,false,0.9567901234567902
115,146.70434782608694,117.0,20,18.70270038019579,151,384,142,367,7.995755041124023,-0.26063187709366914,44.38477631085023,375.74782608695654,0.7335667421544906,1.0,0.9056436487638534,0.6658947741992727,0.23974887456458072,false,0.9829059829059829
271,152.70110701107012,274.0,21,23.863751140606613,161,118,146,95,14.700362676718736,0.21264299873201173,66.52691193458118,106.60147601476015,0.7694571250145027,1.0,0.9422907170248173,0.874561448811307,0.06772926821351022,false,0.9890510948905109
154,183.8896103896104,157.0,30,23.31892990143393,189,358,179,336,8.614736091517372,-0.20914061184305266,55.4558441227157,347.0064935064935,0.6292684303400428,1.0,0.8727782021899667,0.7175963718820866,0.15518183030788013,false,0.9808917197452229
251,223.81673306772907,253.0,34,19.83607214003881,233,18,213,1,17.669320364412833,1.061560396111426,63.83452377915607,7.51394422310757,0.7740559261306834,1.0,0.9089914850402312,0.8060194290482149,0.10297205599201631,false,0.9920948616600791
157,220.6624203821656,168.0,35,22.954841620913644,225,400,216,380,9.459728304524454,-0.07642563687339197,54.970562748477136,391.343949044586,0.6529037311499007,0.0,0.7858873485700011,0.6814034275127374,0.10448392105726367,false,0.9345238095238095
217,255.7557603686636,217.0,42,24.451986407628652,261,335,250,312,11.424140554404147,7.197100173185317e-5,59.21320343559643,323.2350230414747,0.7777365043317497,0.12903225806451613,0.7781874039938557,0.5838127767235929,0.19437462727026278,false,1.0
330,274.7939393939394,355.0,46,24.37556786479178,286,400,264,377,18.589525566357143,0.4221130919105473,75.59797974644667,390.41515151515154,0.7256102758860015,0.0,0.7828282828282828,0.6597030934912261,0.12312518933705663,true,0.9295774647887324
154,276.62987012987014,180.0,50,25.882834928552985,281,50,272,26,8.499437319160416,0.028245808655647735,63.94112549695428,38.12987012987013,0.47333654003553055,1.0,0.8558950853068499,0.6632237751497468,0.19267131015710304,false,0.8555555555555555
149,292.03355704697987,157.0,53,16.26832597283069,300,400,284,388,12.866873172159025,-1.5266258140016171,49.79898987322333,395.3422818791946,0.755014105297334,0.0,0.6765627056191605,0.6674905921964747,0.009072113422685879,true,0.9490445859872612
107,304.1121495327103,108.0,57,13.779021758451455,310,13,300,1,10.326440399710014,-0.2626847001352299,38.72792206135786,6.130841121495327,0.8964895890257845,1.0,0.8267179769103902,0.6393500547427097,0.1873679221676805,false,0.9907407407407407
114,308.7105263157895,132.0,58,20.483682684659275,317,293,300,281,8.2801906286917,-1.1804756403911139,51.45584412271571,287.2719298245614,0.5410598417281643,0.0,0.6654970760233919,0.6156746607823783,0.04982241524101361,false,0.8636363636363636
409,317.29339853300735,492.0,59,35.4099198268666,332,326,302,300,18.64267507953947,0.75104515002354,107.39696961966999,311.8459657701712,0.44560403790792774,0.0,0.6606932259456351,0.6427927008953873,0.01790052505024775,true,0.8313008130081301
1678,387.4320619785459,1720.0,66,73.66328815601045,400,400,369,330,30.940002196338703,-0.1451891633599884,192.42640687119285,370.80393325387365,0.5694721366203888,0.0,0.8114398560377669,0.6599767711962836,0.1514630848414833,false,0.9755813953488373
140,380.85714285714283,152.0,67,19.620588072718807,387,55,375,37,9.6679078423427,-0.4078658746550983,52.2842712474619,45.81428571428572,0.6435699855750434,0.0,0.7130252100840335,0.6187909707989945,0.09423423928503905,false,0.9210526315789473
163,382.0122699386503,190.0,68,20.441063582486997,390,118,375,100,12.13554405596621,-0.3508746477891584,59.11269837220809,108.34969325153374,0.5861866177160111,0.0,0.6973174545891977,0.6382615951098296,0.05905585947936809,false,0.8578947368421053
215,391.16279069767444,250.0,70,24.877567504372884,399,95,380,74,13.009060540940409,-0.7393338780126992,71.59797974644665,85.8093023255814,0.5270438956918339,0.0,0.6892111263109897,0.6277458351761761,0.06146529113481358,false,0.86
199,392.7185929648241,235.0,72,22.032184394911162,400,240,381,223,15.249436923496264,-1.0287171197235259,71.11269837220809,232.321608040201,0.4945026507041443,0.0,0.7883338259927087,0.6464661897816982,0.1418676362110105,false,0.8468085106382979
430,395.74651162790695,460.0,74,52.88469268353105,400,296,389,247,11.058509965964737,0.06386924562145588,114.90559159102155,269.01162790697674,0.40925688419571543,0.0,0.8011399908800733,0.6352113999962401,0.16592859088383316,false,0.9347826086956522
308,9.136363636363637,339.0,1,28.000535063079564,24,400,1,378,17.118944087532363,0.8941009904495524,81.66295090390226,392.3961038961039,0.5803773326326223,1.0,0.754087089381207,0.5803812484660069,0.17370584091520014,false,0.9085545722713865
900,23.32111111111111,1098.0,2,48.91286931925984,40,88,9,38,28.453617533794873,-0.12562377213467182,180.75230867899737,65.48,0.3461662052835801,1.0,0.7159041394335512,0.6174934900180279,0.09841064941552335,false,0.819672131147541
198,30.08080808080808,202.0,4,19.76532258646046,39,335,20,322,13.279517803633885,-1.5239788108363954,56.04163056034262,329.1868686868687,0.792234094356214,1.0,0.737928302634185,0.5315205327413985,0.20640776989278642,false,0.9801980198019802
479,44.7286012526096,585.0,7,41.76006368958235,58,69,36,30,17.08603403496199,0.2151341869978087,110.22539674441619,50.6972860125261,0.4954296976540209,1.0,0.7184739449015516,0.6477401357259733,0.07073380917557825,false,0.8188034188034188
176,55.71590909090909,179.0,10,20.380743584034132,62,50,49,32,11.118876885425816,0.4790645508443911,51.45584412271571,40.875,0.8353204574048854,1.0,0.7155971479500892,0.6447753785058331,0.07082176944425611,false,0.9832402234636871
147,60.82993197278912,162.0,11,19.925698845299568,68,85,52,70,10.706626460266657,-0.8998181197033134,54.8700576850888,78.74149659863946,0.6135590484306545,1.0,0.6976657329598507,0.6369927255271225,0.06067300743272819,false,0.9074074074074074
237,67.29957805907173,243.0,13,21.340715445438793,78,392,57,377,14.468005197486308,-1.2312977020440519,61.94112549695428,384.2067510548523,0.776247161690806,1.0,0.7231405642425747,0.5754719627479035,0.1476686014946712,false,0.9753086419753086
217,71.51612903225806,220.0,14,21.392412656852745,82,186,62,171,13.11409852657272,1.0430544154111123,57.112698372208094,179.27188940092165,0.8359960757606235,1.0,0.6985813680310834,0.6256894797720087,0.07289188825907467,true,0.9863636363636363
152,107.38815789473684,160.0,24,17.955103514032505,114,190,100,173,11.462119602334333,-0.5005984062716883,50.87005768508881,181.20394736842104,0.7381234309225901,1.0,0.7068111455108359,0.6319648851019883,0.07484626040884756,false,0.95
676,123.66272189349112,776.0,25,43.144256334891885,146,33,106,4,23.29913842413128,-1.2479346234276563,127.29646455628165,17.208579881656803,0.5242324205813169,1.0,0.7094500522102335,0.6404733141281793,0.06897673808205418,false,0.8711340206185567
3553,160.39318885448915,4335.0,27,86.34884190168924,208,294,113,228,59.3437370876106,1.3680882094069582,349.2264427649427,259.38390092879257,0.3660924994087227,1.0,0.7391500140726149,0.6136781582439073,0.12547185582870768,false,0.8196078431372549
703,141.77951635846372,789.0,30,43.8026539462541,156,319,127,280,21.63383208960815,0.4294743455807596,123.05382386916236,299.5405405405405,0.5834114675109053,1.0,0.747831422754024,0.6518260060479185,0.09600541670610552,true,0.8910012674271229
195,137.2,199.0,31,17.011239371493247,146,392,130,376,15.458352671845468,0.8896654716071456,54.87005768508881,385.01025641025643,0.8139048601631127,1.0,0.7523177476118651,0.633767738198668,0.11855000941319704,false,0.9798994974874372
154,155.74675324675326,160.0,35,15.820855901204384,164,235,148,222,12.814295483844921,-1.5215362773626686,48.87005768508881,228.4935064935065,0.8102982137596252,1.0,0.7125031830914185,0.6545573380867497,0.05794584500466882,false,0.9625
123,155.29268292682926,130.0,36,16.572080196888038,162,366,149,351,10.313432262266183,-0.5398560610736428,46.04163056034261,358.0650406504065,0.7291444660470818,1.0,0.7481587757054041,0.641382362562297,0.10677641314310715,false,0.9461538461538461
229,166.95633187772927,246.0,38,21.23884905575951,177,228,157,209,14.510275727183963,-0.9982070870724323,65.35533905932738,217.72052401746726,0.6737258363277027,1.0,0.7158318349173729,0.6576492135315669,0.05818262138580599,false,0.9308943089430894
172,165.83139534883722,174.0,39,16.2874042693169,173,71,158,55,13.763044052234163,-0.5092642735787196,51.698484809834994,63.133720930232556,0.8086911328147338,1.0,0.6750113999088007,0.5519388203346516,0.12307257957414908,false,0.9885057471264368
122,174.48360655737704,124.0,41,16.552549982659837,182,315,168,302,9.803260930342345,-0.7702788313801467,44.04163056034262,308.0655737704918,0.7903926910871992,1.0,0.7341047894567663,0.6205117341054074,0.11359305535135888,false,0.9838709677419355
210,176.56190476190477,227.0,42,23.797896025560597,184,393,169,370,12.41447146167353,0.2323549818024226,64.87005768508881,381.4714285714286,0.6271054722163762,1.0,0.7669281045751635,0.6185028322440088,0.14842527233115466,false,0.9251101321585903
378,184.66931216931218,391.0,43,25.430208554779412,198,176,171,156,19.366792208537724,-1.5303012260199351,80.01219330881975,166.24338624338625,0.741975068895164,1.0,0.6937026662516856,0.6444540159159899,0.0492486503356957,false,0.9667519181585678
163,180.8159509202454,168.0,44,16.39793396743163,189,69,173,55,12.963412466546625,1.2722783178467634,50.2842712474619,62.392638036809814,0.8100897694952311,1.0,0.6793696619752195,0.5949155528706993,0.08445410910452023,false,0.9702380952380952
331,189.37764350453173,357.0,45,29.25323038300818,202,159,174,143,15.422781479295365,1.5110568297015659,82.42640687119285,151.21752265861028,0.6122166276947164,1.0,0.6911201943012851,0.6287105925172617,0.06240960178402344,false,0.927170868347339
148,188.75675675675674,155.0,46,16.607300508177424,197,232,180,220,12.30360613634027,-1.3982435725642164,49.4558441227157,225.42567567567568,0.7603899034811854,1.0,0.7236354001059884,0.6594529169692567,0.0641824831367317,false,0.9548387096774194
477,207.54507337526206,527.0,47,34.725927850325185,222,362,189,340,19.275517303432775,1.2484480907724207,104.08326112068522,349.811320754717,0.5533073776705766,1.0,0.7621408311752375,0.5411788559706121,0.22096197520462535,false,0.905123339658444
133,199.88721804511277,140.0,48,19.048942561820606,208,43,191,31,9.462226987511519,-1.1536320893240508,48.8700576850888,37.225563909774436,0.6998030027924038,1.0,0.658735072976559,0.5969799780188275,0.06175509495773146,false,0.95
319,202.29467084639498,356.0,49,25.596042808004427,212,259,193,234,17.01435690650659,-0.19460307608803182,77.59797974644665,246.52351097178683,0.6657324369026488,1.0,0.7341815723154461,0.6394701392007184,0.09471143311472774,false,0.8960674157303371
203,206.9014778325123,224.0,51,20.935164538395092,216,122,199,104,13.868248473733543,-0.6688526503507637,62.52691193458119,111.89655172413794,0.6524871170108566,1.0,0.6695450594030715,0.5863249907008878,0.08322006870218368,false,0.90625
197,211.6497461928934,225.0,53,22.21910790124318,218,388,205,367,12.775415511684576,0.036078231588575246,70.76955262170047,376.502538071066,0.494291554167467,1.0,0.745476261570618,0.6416455030086715,0.10383075856194646,false,0.8755555555555555
843,223.0367734282325,1021.0,55,40.93263080863981,246,208,206,169,31.834472651275835,-1.1671591627401536,152.61017305526642,189.0747330960854,0.45485237738870155,1.0,0.7036215197822903,0.6117113863089096,0.09191013347338062,false,0.8256611165523996
309,221.40129449838187,342.0,57,25.002440574437195,233,256,212,233,16.807810000255518,-0.7006613712464288,75.42640687119285,243.5566343042071,0.6825296217424034,1.0,0.7307062630877592,0.6103413217138709,0.12036494137388831,false,0.9035087719298246
134,232.2910447761194,134.0,60,13.933343950367647,238,238,226,224,12.44753021935231,0.6493272550012277,42.62741699796952,230.66417910447763,0.9266945897448862,1.0,0.7495756511559849,0.5946716636793224,0.15490398747666245,false,1.0
364,239.64285714285714,372.0,61,25.718165635296394,251,400,227,381,19.298863726026838,-1.3134626162412222,77.24873734152916,392.49175824175825,0.7665287858154195,1.0,0.7746390864037926,0.6581932773109243,0.11644580909286839,false,0.978494623655914
3228,284.96096654275095,3589.0,64,70.63170412934363,326,400,249,333,62.56224093478103,1.3745689400017729,273.27922061357856,363.89188351920694,0.5431629886151308,1.0,0.7907585586898949,0.5891544773457011,0.20160408134419372,true,0.8994148787963221
411,260.77372262773724,417.0,65,28.091294407806345,274,400,249,380,19.20438953582626,1.1177425218379171,80.5269119345812,390.9367396593674,0.7964703185774631,1.0,0.7404036066981539,0.7086325439266615,0.03177106277149233,false,0.9856115107913669
152,279.95394736842104,183.0,69,24.012341379081022,289,169,270,153,10.209114606627736,0.9755277542053006,65.76955262170047,160.63815789473685,0.44157418551704747,1.0,0.6710268317853456,0.5581914769863122,0.1128353547990334,false,0.8306010928961749
2744,322.7106413994169,3377.0,70,91.42431426553392,366,265,281,201,47.574794506206295,1.1774136762284262,292.8061325481597,234.15779883381924,0.402192191255354,1.0,0.7439661578917286,0.5773716653266406,0.16659449256508796,true,0.8125555226532425
100,289.0,100.0,71,14.71059153809823,294,219,284,206,8.713122092524168,-0.474810028509054,37.79898987322333,212.5,0.8795276071345477,1.0,0.7383921568627452,0.5131697767673897,0.22522238009535545,false,1.0
756,338.6746031746032,812.0,73,49.46409980577355,361,299,315,270,20.3602382586212,1.2123984496425073,127.29646455628165,283.5449735449736,0.5862717602950822,1.0,0.748983297022513,0.5412109269847424,0.2077723700377706,true,0.9310344827586207
365,340.0602739726027,371.0,76,23.190450163864195,353,390,330,370,20.70718452805957,1.1506093008097225,73.69848480983498,381.0821917808219,0.8444726919272836,1.0,0.7661348374966428,0.5309310858846462,0.23520375161199658,true,0.9838274932614556
102,342.52941176470586,102.0,77,13.18720836768582,348,92,337,81,9.88359177090203,-0.9613213686733478,36.970562748477136,86.68627450980392,0.9377734075522065,1.0,0.6444059976931948,0.523564597127595,0.12084140056559989,false,1.0
600,361.26166666666666,746.0,79,37.74744724442336,380,232,343,205,24.2268034273458,-1.5523436460202225,120.71067811865476,220.45666666666668,0.5174516010745412,1.0,0.7159607843137257,0.6144494720965313,0.10151131221719434,false,0.8042895442359249
180,364.22222222222223,186.0,81,20.6733208450072,373,277,356,261,11.647475339428734,-0.8513920342366809,54.8700576850888,269.26666666666665,0.7512967939967197,1.0,0.7178649237472768,0.645632798573975,0.0722321251733018,false,0.967741935483871
160,377.1875,174.0,82,17.244707385482698,386,281,369,266,12.659658059721774,-1.1024262649907213,55.11269837220809,273.34375,0.6619519968654979,1.0,0.7482107843137255,0.6661504324593579,0.08206035185436755,false,0.9195402298850575
423,392.98581560283685,430.0,87,33.709130468632246,400,373,384,339,16.768916820928453,0.20265227086463328,87.1126983722081,354.65721040189123,0.7004663847258814,1.0,0.7641310897881614,0.5193324428173288,0.24479864697083253,false,0.9837209302325581
147,395.00680272108843,147.0,91,15.101975823770397,400,280,388,266,12.670623499215303,0.23625692979803908,44.97056274847714,272.82312925170066,0.9134200793486265,1.0,0.7473122582366281,0.653231182097563,0.09408107613906502,false,1.0
174,5.747126436781609,174.0,1,18.759025567174,13,53,1,36,12.617972963578667,-0.28832811224489385,51.55634918610404,43.49425287356322,0.8226115431616561,0.0,0.832567049808429,0.6644479444862931,0.16811910532213592,true,1.0
330,65.35454545454546,382.0,3,44.115492881085906,87,12,44,1,11.503565162961067,-1.5577404302896838,107.2842712474619,4.815151515151515,0.3602895724446509,0.0,0.8322162804515747,0.6358309990662933,0.19638528138528144,true,0.8638743455497382
442,106.29638009049773,444.0,7,28.29154597903004,121,101,92,80,20.096708468875935,1.3157586720116163,80.66904755831213,90.47963800904978,0.8535289864764635,0.0,0.833634992458522,0.5199572491470384,0.31367774331148357,true,0.9954954954954955
1880,145.45744680851064,2364.0,9,74.98559308852431,183,54,109,11,36.78550862657722,-1.496893893119998,249.45079348883235,32.05691489361702,0.379662701633041,0.0,0.8315352523988317,0.6581150255947007,0.17342022680413105,true,0.7952622673434856
219,116.5296803652968,230.0,10,19.989216856915707,123,67,109,47,14.287070153103647,0.23135969737606196,60.04163056034261,57.602739726027394,0.7633944935110193,0.0,0.8284179425194736,0.7899355546414375,0.03848238787803615,true,0.9521739130434783
119,118.31932773109244,119.0,12,12.803280705967085,125,18,112,6,12.084162996491793,-1.2017656429818144,41.21320343559642,11.731092436974789,0.8804082017603778,0.0,0.8349645740649199,0.791136309945665,0.04382826411925489,true,1.0
273,132.56776556776558,284.0,13,23.117308191244824,143,70,124,51,15.57739401885902,0.889329509150281,69.11269837220809,60.5970695970696,0.7182188712869408,0.0,0.831401278460102,0.79081212377231,0.040589154687792006,true,0.9612676056338029
137,138.74452554744525,137.0,15,17.308864029968564,147,102,131,92,10.175853083089276,-1.3489937032157793,44.384776310850235,96.67883211678833,0.8739012493492624,0.0,0.8396164305138113,0.7598895869027226,0.07972684361108873,false,1.0
134,153.1417910447761,136.0,18,15.770212484402178,161,15,146,4,11.124635526384218,-1.2588683751804932,45.00609665440987,9.559701492537313,0.8313271521644552,0.0,0.8254609306409131,0.7678978568171454,0.057563073823767685,true,0.9852941176470589
108,199.2037037037037,108.0,26,13.946860443582393,205,81,194,68,10.132904614219548,0.6321843616132212,39.79898987322333,74.70370370370371,0.8568198524102392,0.0,0.8323529411764704,0.5180040221216695,0.3143489190548009,true,1.0
104,208.5,104.0,29,11.750865510109731,214,127,203,116,11.462312828771312,0.0,36.970562748477136,122.15384615384616,0.9561611214257792,0.0,0.8389517345399699,0.762230333660911,0.07672140087905888,true,1.0
263,216.55893536121673,265.0,30,20.604358044515212,226,67,207,49,16.388119611951186,-0.7347363905623733,62.52691193458119,58.08365019011407,0.8453404520879572,0.0,0.8354730485350034,0.25114528443918693,0.5843277640958164,true,0.9924528301886792
401,230.53117206982543,542.0,32,36.47580182278018,244,89,210,66,19.37373714403734,-1.4784873615685568,113.1543289325507,77.09476309226933,0.3935608500356622,0.0,0.8351572050266495,0.719238657806219,0.11591854722043049,true,0.7398523985239852
187,227.75935828877004,212.0,35,23.33428878690929,238,131,219,113,11.534732085216993,-0.7693415908408384,62.526911934581186,121.77540106951872,0.6010595609902967,0.0,0.8412708398867568,0.6451830443159924,0.1960877955707644,true,0.8820754716981132
119,228.58823529411765,120.0,36,15.615906634580117,235,11,220,1,10.569583200471879,1.2911776343916213,43.935028842544405,4.7899159663865545,0.7747025646993895,0.0,0.8292634700939198,0.7379786814054482,0.09128478868847156,false,0.9916666666666667
135,228.74814814814815,138.0,37,14.360976555050872,236,110,223,96,12.702455121066174,-0.6807776898067236,44.62741699796952,103.08148148148148,0.8518048934309731,0.0,0.8341321713870731,0.7299743526102429,0.10415781877683017,false,0.9782608695652174
183,230.6775956284153,198.0,38,18.807556439912524,237,62,224,45,13.027124087837358,0.2579512963603199,54.04163056034262,52.42622950819672,0.7874156919256622,0.0,0.8337512054001927,0.5725372783844076,0.26121392701578505,true,0.9242424242424242
253,235.36363636363637,261.0,40,19.644263992156915,244,28,228,10,16.707195237890787,0.32565107323796494,61.62741699796952,19.513833992094863,0.8371098541486636,0.0,0.8489653568937456,0.6191238520724747,0.22984150482127097,true,0.9693486590038314
196,237.98979591836735,198.0,41,18.68381794419097,245,374,230,357,13.700047088191523,0.39357496763819866,54.62741699796952,366.11224489795916,0.825362254318116,0.0,0.7918767507002802,0.07459450302799304,0.7172822476722871,true,0.98989898989899
263,249.8707224334601,271.0,43,25.611678844122622,256,51,243,25,13.346284188118924,-0.05258976672973918,66.11269837220809,38.844106463878326,0.7561289151323449,0.0,0.8414672332811453,0.7800551470588236,0.06141208622232164,true,0.9704797047970479
176,250.79545454545453,190.0,44,19.865912135084432,258,375,245,358,12.274935740679021,-0.3210315897954201,54.87005768508881,365.5113636363636,0.7346013096856812,0.0,0.7853832442067735,0.1286130831643002,0.6567701610424733,true,0.9263157894736842
254,258.71259842519686,289.0,46,21.781537047762164,268,100,247,82,17.57802044262328,-1.380836797066321,73.35533905932738,90.9724409448819,0.5931712905284098,0.0,0.836699089084453,0.7311069882498455,0.10559210083460746,true,0.8788927335640139
334,257.6377245508982,343.0,47,29.436819174852616,268,184,247,158,15.400503069318027,0.597674497157129,77.59797974644667,172.1676646706587,0.6970364699858452,0.0,0.8395092168603973,0.6657751524598685,0.17373406440052874,true,0.9737609329446064
284,259.8274647887324,286.0,48,21.0711204553811,270,136,251,117,17.361088867314965,0.8388906987607156,63.112698372208094,125.9225352112676,0.8959725545718383,0.0,0.8391880695940349,0.6898801956932086,0.14930787390082634,true,0.993006993006993
206,262.75728155339806,218.0,49,20.034846711843368,272,31,252,16,13.932236955812813,-1.3362893704394114,58.52691193458118,24.276699029126213,0.755728611090235,0.0,0.8416523891109842,0.7423736617934844,0.09927872731749976,true,0.944954128440367
532,266.28195488721803,570.0,50,33.25917417369338,281,78,252,45,21.540128688118244,0.5803838082867381,102.46803743153548,61.61654135338346,0.6367143820972432,0.0,0.8372254164823829,0.7170913075809168,0.12013410890146614,true,0.9333333333333333
171,273.7719298245614,177.0,52,18.73680422024586,283,199,266,187,12.06023423451257,1.5106804652545964,52.87005768508881,193.12280701754386,0.7687522606599834,0.0,0.8262125902992774,0.5410893246187365,0.2851232656805409,true,0.9661016949152542
228,282.74122807017545,236.0,53,22.474845296921995,295,13,271,1,14.068156629125095,-1.522487091509516,64.79898987322333,6.048245614035087,0.6823516393482905,0.0,0.8340729274165808,0.5208496732026143,0.31322325421396646,false,0.9661016949152542
120,277.2,120.0,54,12.994144070218159,283,53,271,41,11.824879510505369,0.7746767676926821,39.21320343559643,46.63333333333333,0.980678073257209,0.0,0.8427777777777775,0.6813323883770375,0.16144538940074005,true,1.0
266,282.11654135338347,270.0,55,20.354600194491237,292,118,272,100,17.56427484519697,-0.9820093682591785,66.5269119345812,107.88345864661655,0.7552604990917257,0.0,0.8341441839893853,0.7763035038576834,0.05784068013170185,true,0.9851851851851852
200,286.97,217.0,58,23.598056203299077,294,96,279,76,11.575998593034555,0.4369976189654932,63.11269837220809,86.64,0.6309665877266468,0.0,0.8390196078431371,0.7851406377247385,0.053878970118398595,false,0.9216589861751152
213,293.37089201877933,216.0,59,20.260361862283887,304,320,284,306,13.554651822410904,1.3484094590699636,56.2842712474619,313.4507042253521,0.8449195766823191,0.0,0.8278744361594402,0.394927839155967,0.4329465970034732,true,0.9861111111111112
125,298.4,125.0,62,16.845241766109673,306,262,290,254,9.450272686082352,-1.5465631811640865,42.142135623730944,258.056,0.8844775136101866,0.0,0.8397803921568627,0.5256636903426514,0.31411670181421136,true,1.0
166,297.04819277108436,173.0,63,18.293204835163763,302,119,291,101,11.779558104087586,-0.0003972017186741528,51.04163056034262,109.97590361445783,0.8006982374582878,0.0,0.8314434207417906,0.6291778567096944,0.20226556403209617,true,0.9595375722543352
1521,315.4786324786325,1592.0,65,48.78378798858713,335,91,293,43,40.55221156311323,-0.2578278580909596,164.2670273047588,68.05588428665352,0.7083343161726315,0.0,0.8301014554408225,0.7302138100245358,0.0998876454162867,true,0.9554020100502513
100,302.04,100.0,66,12.461060273789595,308,31,296,21,10.280173969976522,1.3369238264649428,36.384776310850235,25.78,0.9492277925055517,0.0,0.840705882352941,0.6725411238320833,0.16816475852085766,false,1.0
143,305.2237762237762,143.0,67,15.265843558917656,312,332,297,319,12.235281994153778,1.5672663993363791,45.45584412271571,325.16783216783216,0.8696939467218643,0.0,0.8431921020156312,0.5900382335402857,0.2531538684753455,true,1.0
176,308.4488636363636,181.0,69,18.07433875265803,317,169,300,155,12.965907845479618,1.298724580335289,52.870057685088796,161.66477272727272,0.7912303969365915,0.0,0.8344696969696969,0.6609577164199015,0.17351198054979533,true,0.9723756906077348
898,336.16815144766144,908.0,72,40.5995972161516,355,324,315,295,29.2882523053772,1.4335292385129033,119.49747468305831,310.43652561247217,0.7902577172873099,0.0,0.8341412288746233,0.568184823826296,0.2659564050483273,true,0.9889867841409692
265,328.4377358490566,288.0,75,22.267847776166224,337,383,318,362,16.365915071776648,0.620034569761536,70.76955262170047,372.4490566037736,0.6649099586516689,0.0,0.8432408435072144,0.4781425875789647,0.3650982559282497,true,0.9201388888888888
105,330.1142857142857,105.0,79,12.911284181168824,335,339,325,327,10.41000137119115,-0.3904825034393106,36.97056274847714,333.22857142857146,0.9653549783625651,0.0,0.8308123249299718,0.7539993775287898,0.07681294740118205,true,1.0
137,339.4160583941606,138.0,82,15.545378565973435,347,23,333,10,11.351137301299108,0.9531892304531443,44.62741699796952,16.35036496350365,0.8644242251855061,0.0,0.8372119650780019,0.7354268022998676,0.10178516277813432,true,0.9927536231884058
106,338.25471698113205,106.0,84,16.55051578973892,342,157,335,141,8.1891122332689,0.036648384084999944,40.14213562373095,149.14150943396226,0.8266368881160351,0.0,0.8388457269700332,0.7052523454084779,0.1335933815615553,true,1.0
149,346.1140939597315,149.0,88,16.753196835325898,351,263,339,246,11.72854483251668,0.22449291852162465,47.4558441227157,254.2214765100671,0.8314128390081444,0.0,0.8298986708777469,0.6529619170695133,0.1769367538082336,true,1.0
102,344.0882352941176,102.0,89,13.777655815433302,350,388,339,376,9.497086641284087,-0.6012161234558325,37.21320343559643,382.02941176470586,0.9255841766473141,0.0,0.8425605536332179,0.5759988205808643,0.26656173305235364,true,1.0
113,354.6106194690266,113.0,94,15.286949684270276,361,348,348,336,9.486336768204698,0.9623575865395434,41.21320343559643,341.8407079646018,0.8360178722598544,0.0,0.834842963734166,0.6418796337603301,0.19296332997383592,true,1.0
625,362.8,634.0,95,32.17504389863255,374,234,350,204,25.223966134632125,0.17313715884182865,95.59797974644665,218.3504,0.8593942673033279,0.0,0.8436956862745103,0.6969194848233792,0.14677620145113113,true,0.9858044164037855
305,364.2295081967213,323.0,96,23.96719928190509,376,149,351,129,17.31049974959252,-1.1484473583377417,73.59797974644667,139.66229508196722,0.7075838582370055,0.0,0.8355898424943751,0.7731370387184643,0.06245280377591078,true,0.9442724458204335
881,370.0885357548241,938.0,98,36.62840289043023,389,41,353,10,31.662088666024463,1.3901281556910723,126.5685424949238,24.93643586833144,0.6910893724346129,0.0,0.8403418575148562,0.7872357363998234,0.05310612111503288,true,0.9392324093816631
701,372.41654778887306,782.0,100,37.52247494512015,389,89,356,55,26.587354308965583,-0.773172015011496,126.71067811865474,70.91012838801711,0.5486576660554101,0.0,0.8407652932785101,0.7627150312479865,0.07805026203052368,true,0.8964194373401535
147,364.0408163265306,147.0,104,16.386696241377546,372,168,357,155,11.519232458905318,0.9541911708243629,44.87005768508881,161.37414965986395,0.9175166267348394,0.0,0.8357476323862877,0.7582288834361255,0.0775187489501622,true,1.0
731,386.2175102599179,763.0,109,37.974069218481716,400,315,368,284,25.23672687872253,0.8497335415241117,112.32590180780451,298.3502051983584,0.7280604050590396,0.0,0.8385558327298089,0.6467904271974952,0.1917654055323137,true,0.9580602883355177
104,384.2019230769231,104.0,111,12.4974080936098,390,218,379,206,10.759391018258796,-0.5939624780313311,37.79898987322333,212.27884615384616,0.9147087114199296,0.0,0.8478506787330313,0.7517250997127162,0.09612557902031515,true,1.0
179,392.6927374301676,188.0,113,18.07337639611671,400,140,385,125,12.933222213787566,-0.8355439397445373,52.62741699796952,131.58100558659217,0.8121547432346533,0.0,0.8426771826048856,0.7713085234093641,0.07136865919552149,false,0.9521276595744681
213,395.1267605633803,215.0,114,22.32939377470541,400,122,387,99,13.38095520956622,0.22727218934812288,60.662950903902264,109.33802816901408,0.7273482573072265,0.0,0.8468194789652947,0.788869153345175,0.0579503256201197,false,0.9906976744186047
180,395.15,181.0,119,18.631019842262425,400,386,389,368,12.940267838649604,0.11611978865532023,53.10660171779821,376.4222222222222,0.8020202713386527,0.0,0.8574945533769062,0.749215004657715,0.10827954871919121,false,0.994475138121547
121,395.297520661157,121.0,120,15.872202137068836,400,22,390,7,9.796689164602348,-0.4861687157528862,41.21320343559643,14.644628099173554,0.895204978260552,0.0,0.8396694214876032,0.7861907156024803,0.053478705885122824,false,1.0
223,396.1479820627803,224.0,121,27.617816460155844,400,274,390,245,11.55514305004164,-0.011516296277964641,67.83452377915607,259.36322869955154,0.6089942135779474,0.0,0.8432603534687416,0.6884060220394231,0.15485433142931848,true,0.9955357142857143
770,7.746753246753247,803.0,1,61.92520855684627,18,59,1,1,17.37916431851224,-0.10813316659574555,139.42031021678298,24.857142857142858,0.497792672761315,1.0,0.898156353450471,0.7990547135884927,0.09910163986197829,false,0.958904109589041
1236,9.98705501618123,1286.0,2,70.74210312803183,24,201,1,125,24.80902859377576,0.0352600501864337,176.36143571373725,166.0566343042071,0.4993684307200492,1.0,0.8976838631892886,0.8060468363567517,0.09163702683253694,false,0.9611197511664075
5372,31.732688011913627,5695.0,3,121.40244620092372,89,400,1,286,67.94486234349479,0.5891506564541447,363.5452018978108,362.21370067014146,0.5107742957856896,1.0,0.903980698757537,0.7841212856276535,0.11985941312988346,false,0.9432835820895522
290,41.810344827586206,306.0,4,28.590417595520996,51,144,32,120,13.831940421212884,0.5361149963894749,73.11269837220809,133.38620689655173,0.6817454317333511,1.0,0.8868830290736986,0.8284276542475397,0.05845537482615892,true,0.9477124183006536
163,57.65644171779141,165.0,5,21.017471384428163,68,68,48,57,10.137818430198452,1.2844915846053548,52.8700576850888,62.90184049079755,0.7327872426174112,1.0,0.8913508961866956,0.8372644401749582,0.05408645601173745,true,0.9878787878787879
481,84.01247401247402,502.0,6,33.37259772007389,94,31,72,1,20.259913662825202,0.2810389012259069,94.76955262170046,13.041580041580042,0.6730034328599809,1.0,0.9025233378174556,0.8597403776325346,0.042782960184921004,false,0.9581673306772909
2990,129.5294314381271,3411.0,7,70.8895992544102,170,64,93,1,65.55283085162633,-1.2228427040282968,288.79393923934,24.604347826086958,0.4505104849317789,1.0,0.9131982425077051,0.8738429903796724,0.0393552521280327,false,0.8765757842274993
452,155.76769911504425,467.0,8,29.307109008090315,169,71,142,51,20.428158671350147,1.5273766814617566,90.18376618407358,62.533185840707965,0.6983796287296135,1.0,0.9193649141072361,0.8833203766087928,0.036044537498443274,false,0.9678800856531049
149,159.2281879194631,151.0,9,16.80159757168785,166,53,153,39,11.44669385012392,0.7582089171368239,45.21320343559643,46.16778523489933,0.9159369411077148,1.0,0.9206474536123173,0.9034343434343436,0.017213110177973667,false,0.9867549668874173
338,172.1153846153846,345.0,10,24.433175217927744,181,43,162,19,18.135252697060263,0.5347195056095257,73.01219330881975,31.609467455621303,0.7967751382425685,1.0,0.9219979115906719,0.9012470588235296,0.02075085276714228,false,0.9797101449275363
378,194.06613756613757,384.0,13,28.860748978426564,203,33,186,4,16.85071230568401,-0.10597215620110867,77.35533905932738,18.687830687830687,0.7938182437813076,1.0,0.9208527855586679,0.903679224498788,0.017173561059879883,false,0.984375
149,197.00671140939596,156.0,14,19.304193212809878,203,79,190,62,10.219067323415473,-0.5818864370782715,50.04163056034261,70.87919463087249,0.7477100667101787,1.0,0.9208580076325835,0.9040614493607199,0.01679655827186366,true,0.9551282051282052
302,216.0662251655629,379.0,16,40.12188711617867,227,89,202,58,11.93268954273169,-0.6727638038983861,96.66904755831214,74.92384105960265,0.40610835794429734,1.0,0.9251006362810028,0.8986810551558755,0.026419581125127323,true,0.7968337730870713
112,209.09821428571428,125.0,18,20.079027514068496,214,44,204,27,7.9284749677204704,-0.23568918412433645,50.04163056034261,36.080357142857146,0.5620370971244296,1.0,0.9222338935574227,0.9012579073656651,0.020975986191757556,false,0.896
258,237.1124031007752,269.0,19,30.522532235299312,245,95,228,67,11.479625096901106,-0.3907179308422974,75.59797974644665,80.85658914728683,0.5672953066017832,1.0,0.9294725642194864,0.9127845519377074,0.016688012281779074,true,0.9591078066914498
18838,358.3641044696889,21190.0,24,299.28202903203515,400,353,309,39,85.05506774851432,-0.14252956671264025,892.3401871576774,198.68473298651662,0.29729236249261465,0.35603567257670665,0.9520660159169306,0.8050332480818412,0.14703276783508945,true,0.8890042472864559
193,385.2642487046632,202.0,26,21.09475813135339,394,46,377,27,12.678521885384141,-0.6490242564582764,59.35533905932737,36.626943005181346,0.6884106694197373,0.0,0.947129940058925,0.9147040429680316,0.032425897090893385,true,0.9554455445544554
265,394.7245283018868,270.0,28,25.082517662623964,400,400,387,377,14.266165717509745,-0.02392100449306478,66.14213562373095,388.7320754716981,0.7612009313788772,0.0,0.8926674065852761,0.8603199174406606,0.03234748914461549,false,0.9814814814814815
321,395.53582554517135,351.0,29,36.8379491808657,400,36,388,1,12.239215330628355,0.07290559439963348,88.83452377915607,15.996884735202492,0.5111535005717992,0.0,0.9535520127053936,0.8784866059099699,0.07506540679542373,false,0.9145299145299145
137,395.94890510948903,138.0,30,17.051980431844775,400,376,390,360,10.876552134600917,-0.25184689659057863,46.520815280171306,369.37226277372264,0.795491964114123,0.0,0.8887362244167741,0.8432503770739065,0.04548584734286765,false,0.9927536231884058
2363,18.914938637325434,2882.0,2,95.22424814248792,41,154,1,51,36.48295901355224,0.19704597700250348,303.0365799264593,98.4989420228523,0.3233578986124318,1.0,0.9163841245342826,0.8713376309427879,0.04504649359149471,false,0.8199167244968771
271,28.11439114391144,292.0,7,23.467705441203208,35,57,19,32,16.17278605173021,0.20821930859579585,72.11269837220809,44.56088560885609,0.6548708534766868,1.0,0.8987627523334057,0.8858156531611436,0.012947099172262111,false,0.928082191780822
535,45.8803738317757,620.0,11,33.67150566922092,62,273,30,245,22.32506381668408,1.1199154799202284,108.22539674441619,258.22616822429904,0.573991251182252,1.0,0.9214073666849918,0.88046375500873,0.040943611676261815,false,0.8629032258064516
111,41.63963963963964,121.0,13,15.86771067694607,48,45,37,31,9.81652293093276,0.37283064044376796,45.4558441227157,39.14414414414414,0.6750771194834054,1.0,0.8920685391273628,0.8845706558485467,0.007497883278816175,false,0.9173553719008265
177,45.0225988700565,232.0,14,27.86664482470592,51,27,38,2,10.598768230945597,0.3764862066086368,83.25483399593904,13.429378531073446,0.32089593230549973,1.0,0.9052841475573281,0.8886168910648712,0.016667256492456928,false,0.7629310344827587
545,64.38899082568807,629.0,20,44.710033670345034,77,247,49,210,17.549098621615585,-0.5487676563205698,117.1543289325507,229.86605504587155,0.4989875212752042,1.0,0.9202662349343406,0.8875700520098375,0.03269618292450305,false,0.8664546899841018
192,62.390625,210.0,22,24.437238176226817,68,52,57,29,10.686981860683815,-0.17773614165540622,62.52691193458118,40.260416666666664,0.6171306722467218,1.0,0.8868055555555555,0.8443133835923214,0.04249217196323407,false,0.9142857142857143
143,80.32867132867133,152.0,33,14.676603929021383,86,318,73,304,13.242794784452883,-0.3674375995874586,49.21320343559643,311.0839160839161,0.7419636525576084,1.0,0.9268613739201974,0.8923094641674584,0.03455190975273903,false,0.9407894736842105
128,80.6953125,131.0,34,16.48086287358425,87,148,74,135,10.042697263042053,0.8494177994124632,45.21320343559643,141.6015625,0.7868451574616611,1.0,0.9095281862745097,0.8803556771545832,0.029172509119926526,false,0.9770992366412213
116,82.5603448275862,120.0,35,18.469774701722315,89,280,76,265,8.26137397739457,0.6199212079243214,45.45584412271571,272.0689655172414,0.7054859987394143,1.0,0.9195064232589587,0.8741601099038342,0.04534631335512451,false,0.9666666666666667
179,84.11173184357541,185.0,36,17.455530443956054,90,304,76,286,13.57729267730157,0.05048952726963807,55.112698372208094,295.2067039106145,0.7405587964932755,1.0,0.9304633585277687,0.8846667365698511,0.04579662195791767,false,0.9675675675675676
125,82.36,126.0,37,14.183993586248475,88,161,77,148,11.418827520602195,-0.36407671080045084,42.384776310850235,153.712,0.8743797398687458,1.0,0.9124392156862744,0.8758655878708362,0.03657362781543816,false,0.9920634920634921
176,84.4659090909091,196.0,38,22.308701220182947,93,136,78,116,11.153954134916209,0.5672131582078133,60.526911934581186,126.93181818181819,0.6037060081697757,1.0,0.9100044563279855,0.7702408746654521,0.13976358166253344,false,0.8979591836734694
381,86.60629921259843,417.0,39,43.84276231651614,92,209,79,166,12.421668973832539,-0.03260109122806172,107.49747468305833,187.11023622047244,0.41432230653401564,1.0,0.9215068704647212,0.8726983304334949,0.048808540031226366,false,0.9136690647482014
228,94.12719298245614,255.0,41,30.257583046519684,104,354,85,328,10.695744543836831,0.5975038386159557,73.59797974644665,340.63157894736844,0.5289479333706141,1.0,0.9136050911592709,0.8759698986628293,0.03763519249644165,false,0.8941176470588236
100,109.82,108.0,47,15.645583265063697,117,105,104,93,8.758979637832182,-0.9442443335885745,44.284271247461895,98.56,0.6407828202982637,1.0,0.9074901960784313,0.7968335554286442,0.11065664064978709,true,0.9259259259259259
299,113.7190635451505,349.0,48,24.392013298974174,126,310,105,286,18.43164751781749,-0.4059399578186901,84.66904755831214,298.03010033444815,0.5241211720178597,1.0,0.9087677880516758,0.8849374917752334,0.023830296276442398,false,0.8567335243553008
241,116.69709543568464,252.0,50,20.22749258708915,126,284,110,264,15.77602433673989,-0.006059090540468358,62.284271247461895,274.67634854771785,0.7806747481639963,1.0,0.9088113253600195,0.8783765254353492,0.030434799924670353,false,0.9563492063492064
180,123.36111111111111,185.0,51,18.96848352773445,131,265,114,253,12.354999610445816,-1.2166603058924688,51.79898987322333,259.1388888888889,0.843023706945854,1.0,0.9149673202614382,0.871067340963535,0.043899979297903235,false,0.972972972972973
135,125.94074074074074,139.0,53,15.639863101988816,133,252,119,240,11.285943239202957,0.718724031967535,45.79898987322333,246.14814814814815,0.8087826637756474,1.0,0.9007116920842411,0.7040853464355584,0.19662634564868264,false,0.9712230215827338
158,126.81012658227849,171.0,56,17.924213585324672,133,343,121,326,11.86226259889705,-0.0911093718465828,53.248737341529164,333.3481012658228,0.7002422692922687,1.0,0.9211715065773142,0.8754973003694233,0.045674206207890866,false,0.9239766081871345
668,134.86377245508982,789.0,57,37.572949732525544,149,383,121,343,26.330536445311942,-0.16868817194770558,137.2609306503489,361.4146706586826,0.4455458965537106,1.0,0.9159445814253844,0.8789724188430555,0.03697216258232883,false,0.8466413181242078
1009,147.27651139742318,1099.0,60,51.70060323865409,161,324,133,274,26.403155166723487,-0.04177372418150558,148.91168824543144,297.802775024777,0.5717990843387951,1.0,0.9190462309800027,0.7434353930846788,0.17561083789532395,false,0.9181073703366697
381,148.96062992125985,431.0,61,28.327549768868955,161,395,133,374,19.089292170542425,-1.271992476463116,92.59797974644665,385.49343832021,0.5583825227933756,1.0,0.9179043795996087,0.8673096626037805,0.05059471699582818,false,0.8839907192575406
289,150.41176470588235,304.0,63,25.3147561009148,159,346,141,324,15.145520916205683,0.6324261300588386,70.8700576850888,333.9550173010381,0.7230729821093693,1.0,0.9212836691770132,0.8531852901803295,0.0680983789966837,false,0.9506578947368421
291,154.5189003436426,300.0,65,25.616645808445515,163,124,145,99,14.945507349044654,-0.37276145371228375,70.18376618407358,111.84192439862542,0.7423855567120363,0.15463917525773196,0.910599016238798,0.8124377553427957,0.0981612608960023,true,0.97
169,162.9171597633136,170.0,66,16.449415207684698,171,80,156,65,13.478203472049312,-0.7858454637254215,49.4558441227157,72.38461538461539,0.8682830654616238,0.10059171597633136,0.906880148509108,0.8399198004483601,0.06696034806074791,true,0.9941176470588236
530,173.99622641509433,612.0,67,38.19818302002203,194,24,157,1,21.18717318895859,-1.315578686258611,122.32590180780453,9.349056603773585,0.445091070370316,0.0830188679245283,0.9108916019237887,0.787885796520443,0.12300580540334571,true,0.8660130718954249
1406,181.60881934566146,1712.0,70,79.35451067541776,194,400,164,326,27.251370979978894,-0.1449497342119157,210.74621202458746,370.96657183499286,0.3978099395682696,0.9971550497866287,0.9159735586980163,0.6623058256726359,0.2536677330253805,false,0.8212616822429907
520,190.21153846153845,579.0,71,43.35330380403552,208,40,170,13,16.234528789424196,-1.0501990117225866,121.29646455628166,26.78076923076923,0.44413696697365396,0.0,0.9153167420814482,0.7967294670413195,0.11858727504012867,true,0.8981001727115717
336,208.92261904761904,370.0,73,30.995621785456063,223,87,193,68,14.766834867105793,-1.0953813756206543,84.08326112068522,76.81547619047619,0.5972140921536465,0.0,0.9117530345471524,0.8544537099641897,0.05729932458296272,true,0.9081081081081082
146,213.6986301369863,154.0,75,16.327320874068068,221,50,208,34,12.046694683033866,-0.3446151308387667,51.112698372208094,41.445205479452056,0.7022715932056551,0.0,0.9093204405049692,0.8030662264905964,0.10625421401437274,true,0.948051948051948
411,240.61557177615572,415.0,76,28.92090676784058,255,28,227,9,18.616872187410113,-1.219711044503874,81.94112549695429,17.934306569343065,0.7692151621876319,0.0,0.9164257430466106,0.8465567969055405,0.06986894614107009,true,0.9903614457831326
159,242.1509433962264,168.0,81,18.780557143986666,249,105,237,87,11.391566642217992,-0.21925647734633774,53.698484809834994,95.93081761006289,0.6929197264289536,0.0,0.9345665310149215,0.8685371035089002,0.06602942750602125,true,0.9464285714285714
110,244.16363636363636,130.0,82,17.492847617055308,250,163,239,148,9.738376904074995,-0.11482533902943244,51.8700576850888,154.29090909090908,0.5137704091190951,0.0,0.9272727272727271,0.7481718936439247,0.17910083362880247,true,0.8461538461538461
175,249.61714285714285,194.0,83,17.940316744427033,257,78,243,60,13.197728561811832,0.2739958006625448,59.18376618407357,69.35428571428571,0.6278309429055138,0.44,0.9318319327731092,0.8989584651064728,0.03287346766663635,true,0.9020618556701031
119,254.76470588235293,120.0,84,13.451188551273297,261,64,248,53,11.637132204991136,1.4340710803258414,40.97056274847714,58.45378151260504,0.890867195137014,0.7899159663865546,0.9364639973636514,0.8728263513842265,0.0636376459794249,true,0.9916666666666667
697,273.2553802008608,911.0,85,49.57983950205218,290,103,251,65,25.067417107733124,-0.7679555690419756,166.75230867899737,85.80200860832137,0.3149915701406721,0.0014347202295552368,0.9378738008833372,0.8824329731892756,0.055440827694061556,true,0.7650933040614709
511,265.04696673189824,563.0,87,39.85678547965811,283,44,252,13,18.191597020941565,-0.8160130828475389,106.32590180780451,27.46379647749511,0.5680055959606334,0.11937377690802348,0.9321745136410732,0.8749131652661065,0.05726134837496666,true,0.9076376554174067
149,267.26174496644296,156.0,89,17.072998490153278,276,155,259,142,11.789948288954035,1.44690850970511,49.94112549695428,148.35570469798657,0.7507225845153647,0.0,0.9251217265429662,0.8318613719997804,0.09326035454318582,true,0.9551282051282052
104,280.5192307692308,104.0,93,14.604361869936428,287,131,273,122,9.206516803333034,-1.5487369178882997,38.970562748477136,126.21153846153847,0.8605375959251472,0.0,0.9249622926093513,0.8752062033881561,0.04975608922119512,true,1.0
3147,323.1858913250715,3390.0,95,75.16273832370368,356,204,284,140,57.23349639131902,0.8843124744438945,262.350288425444,166.8125198601843,0.5745707521235276,0.1290117572291071,0.9361907076144722,0.8644257703081233,0.07176493730634892,true,0.9283185840707965
415,302.578313253012,418.0,96,30.3535265304725,315,33,286,14,18.29706207913047,1.4929701157787136,81.94112549695429,22.96144578313253,0.776701441138363,0.0,0.9363949917316325,0.8558291350315755,0.080565856700057,true,0.992822966507177
2763,333.3250090481361,2898.0,100,66.71984240560745,368,113,301,58,54.23478255225422,1.539661167343168,245.03657992645927,83.97864639884183,0.5782676596310324,0.0,0.9361705449461721,0.8611673017965104,0.07500324314966178,true,0.953416149068323
132,313.030303030303,132.0,101,14.509392399844742,319,53,308,39,11.672490972465797,-0.18993178101890626,41.79898987322333,46.15151515151515,0.9494065464848278,0.0,0.932976827094474,0.8617180205415501,0.07125880655292394,true,1.0
146,314.8424657534247,148.0,102,16.571137813912916,321,134,309,119,11.378365360202833,-0.44751399632575717,46.04163056034261,126.36301369863014,0.8654885531940971,0.0,0.9275852806876176,0.878332885665682,0.04925239502193557,true,0.9864864864864865
316,324.50949367088606,326.0,103,23.038636551093916,335,299,312,279,18.009774405697573,1.014189750701548,68.42640687119285,288.0822784810127,0.8481047113656217,1.0,0.8905559692231325,0.6750311235605357,0.21552484566259678,true,0.9693251533742331
1373,359.7705753823744,1404.0,104,84.8334645027056,400,22,315,1,22.186735355616133,1.5683226252297455,195.6335136523794,9.276766205389658,0.45081036325530194,0.0,0.9409279808063064,0.8687312572087655,0.07219672359754081,true,0.9779202279202279
167,337.61077844311376,167.0,106,16.797724373718108,346,34,330,22,12.758202655817588,-1.537495623735454,47.798989873223334,28.592814371257486,0.9185205928937967,0.0,0.9365504285546552,0.8629144231094859,0.07363600544516935,true,1.0
130,338.6923076923077,130.0,107,15.391423576297122,346,125,331,114,10.810456687213973,1.423215834342328,42.627416997969526,119.74615384615385,0.8990320646778742,0.0,0.9343891402714932,0.8676784146494422,0.06671072562205105,true,1.0
3186,374.545197740113,3529.0,108,76.7352142496011,400,400,336,327,59.301654042125,-0.5163065311432297,272.40916292848976,370.81293157564346,0.5395257934449756,1.0,0.9150289871127355,0.5542566680251778,0.3607723190875577,true,0.9028053272881836
151,357.6291390728477,152.0,109,16.05187620023425,364,251,350,238,12.096203887336657,1.040894607863282,45.79898987322333,243.9337748344371,0.9046383868897983,1.0,0.897208154785093,0.8595635499378814,0.03764460484721155,true,0.993421052631579
1105,370.5149321266968,1136.0,110,47.73464078280297,390,325,351,281,30.713503057942297,0.6210911369022787,135.53910524340094,302.75656108597286,0.7558626980678137,1.0,0.902869310620176,0.7508786837124872,0.15199062690768872,true,0.9727112676056338
169,363.9230769230769,171.0,112,16.876252543677605,372,229,356,214,13.466355299788143,1.0397583467916476,51.45584412271572,222.55621301775147,0.8020974846671909,1.0,0.9083652395869594,0.8534259137953625,0.05493932579159688,true,0.9883040935672515
111,365.44144144144144,114.0,113,13.777728660352011,372,209,360,196,10.910784855227984,-0.5888931285949066,42.04163056034262,202.26126126126127,0.789175764631604,1.0,0.9263734322557851,0.8548142579715594,0.07155917428422565,false,0.9736842105263158
483,381.87784679089026,534.0,117,31.97567251651839,396,254,369,224,21.050783596029454,0.5510851572317536,102.5685424949238,239.2753623188406,0.5769373114174886,1.0,0.906840417326351,0.8529496647143711,0.05389075261197995,true,0.9044943820224719
172,376.58720930232556,177.0,119,18.39382854547656,384,141,370,124,12.118073676224832,0.47651139394549796,51.698484809834994,132.0,0.8086911328147338,0.0,0.9321021431828544,0.8983576522933974,0.03374449088945708,true,0.9717514124293786
842,384.8064133016627,902.0,121,49.223193950266584,400,222,370,175,22.729641982236533,0.3925322333950694,134.22539674441617,200.28859857482186,0.5872899416483705,0.9323040380047506,0.9251828047133338,0.8755172478125411,0.04966555690079266,false,0.9334811529933481
292,380.7808219178082,348.0,122,30.640805526974965,392,273,370,250,13.874518646003134,0.8248120687129297,85.01219330881975,262.8493150684931,0.5077270166938194,1.0,0.9031426269137793,0.8281034059419834,0.07503922097179594,true,0.8390804597701149
120,381.6166666666667,121.0,124,15.23842725843246,389,286,374,276,10.105845460288831,1.513441572163672,41.21320343559643,281.5833333333333,0.8878065900104647,1.0,0.8997385620915033,0.8328229922105831,0.06691556988092018,true,0.9917355371900827
111,385.3783783783784,111.0,125,13.93209835040411,392,77,378,67,10.455809617899998,-1.5421065069641142,40.384776310850235,71.97297297297297,0.8552586581514214,0.0,0.9399399399399396,0.8658171580974962,0.07412278184244347,true,1.0
871,390.64179104477614,994.0,126,57.46529440325276,400,128,378,68,21.348547086135007,-0.22307248882345462,162.1543289325507,99.93226176808267,0.41626598536531817,0.0,0.9408072758380044,0.8772880580803749,0.06351921775762948,true,0.8762575452716298
271,393.3579335793358,281.0,127,22.376251267871517,400,53,385,31,16.322369040632697,0.41114065398004174,68.62741699796952,41.39483394833948,0.7230758362015434,0.0,0.9415237681788584,0.9085191538021726,0.03300461437668578,false,0.9644128113879004
135,395.94814814814816,135.0,128,16.193202355539192,400,29,389,13,11.655606983462677,-0.14537771202947655,45.798989873223334,20.881481481481483,0.8087826637756473,0.0,0.9426579520697167,0.8774509803921567,0.06520697167755996,false,1.0
312,8.631410256410257,348.0,2,27.8629775149609,21,230,1,204,16.919603764911226,-0.6934321440974944,83.11269837220809,214.42948717948718,0.5675834101121258,1.0,0.8450477626948213,0.8291579131652661,0.01588984952955519,false,0.896551724137931
397,6.717884130982368,436.0,3,38.18213786965885,15,266,1,231,14.377960031902843,-0.00573413724206561,97.94112549695429,248.70528967254407,0.5200800441699049,1.0,0.8405986072010667,0.8285869511532574,0.012011656047809294,false,0.9105504587155964
2733,23.544456641053788,3292.0,4,75.90964463373294,54,368,1,291,51.30301758552024,0.3931851784308294,288.51576464628795,327.06037321624586,0.41258211638740105,1.0,0.8502227674824049,0.798649125459953,0.05157364202245185,false,0.8301944106925881
700,25.58142857142857,728.0,5,36.88394852091621,45,29,8,3,24.905513008992543,-1.5145694531153202,113.39696961966999,15.857142857142858,0.6840770277713147,1.0,0.8957254901960784,0.7084978960417649,0.18722759415431345,false,0.9615384615384616
293,21.071672354948806,313.0,6,21.460502142758322,31,271,12,251,18.09813280204886,-0.3048046424412526,74.18376618407356,261.10921501706486,0.6690517769368987,1.0,0.8427357291039284,0.8031755632844398,0.03956016581948851,false,0.9361022364217252
422,36.93838862559242,476.0,8,32.54719124456408,49,229,22,202,18.151479037246816,0.693643437799702,99.74011537017762,214.62322274881515,0.5330679629884538,1.0,0.841436669454512,0.8106840958605667,0.030752573593945343,false,0.8865546218487395
179,51.69832402234637,211.0,11,24.829714381886404,60,290,43,270,11.23964032089965,0.5610234372967356,68.76955262170047,278.97206703910615,0.4756313769428572,1.0,0.8483294993975243,0.8074184298225223,0.04091106957500201,false,0.8483412322274881
117,56.17094017094017,118.0,12,18.020156526875322,63,9,46,1,8.999481406827,1.3600729920907733,43.520815280171306,4.222222222222222,0.7762501209688082,1.0,0.8689793866264452,0.7975810885101702,0.07139829811627507,false,0.9915254237288136
1632,68.75367647058823,1859.0,13,62.906941673603484,89,84,48,18,36.5037531351932,0.10327831433542317,200.8944443027283,49.95281862745098,0.5081526155061125,1.0,0.881706555171088,0.7136648289889206,0.1680417261821674,false,0.877891339429801
169,56.07692307692308,180.0,14,22.976029142281114,63,373,49,353,9.65869652669887,0.5258558031311736,58.52691193458118,362.85207100591714,0.6199909479332512,1.0,0.8355725722241559,0.8065652330178507,0.02900733920630527,false,0.9388888888888889
321,77.41121495327103,345.0,16,30.95746233709946,94,14,64,1,14.484601883271951,-1.555600382601631,80.5918830920368,6.327102803738318,0.6210581844475362,1.0,0.8437847413108545,0.7800725061396331,0.06371223517122138,false,0.9304347826086956
168,89.5,171.0,18,18.719657635755535,97,105,84,88,11.712090225740317,0.4255990503487729,50.2842712474619,97.46428571428571,0.8349391489276002,1.0,0.8446778711484593,0.722015116060142,0.12266275508831725,false,0.9824561403508771
536,111.62873134328358,566.0,19,30.577034669464638,125,115,99,87,23.032903736666867,-0.369251131638922,96.91168824543142,100.12873134328358,0.7171703648973824,1.0,0.8353380158033364,0.7318221115606739,0.10351590424266255,false,0.9469964664310954
421,116.35866983372921,480.0,21,30.243538007385098,127,62,103,35,19.692032065651023,0.45078162950119716,100.0477272147525,48.86935866983373,0.5285395680397981,1.0,0.8534395230776398,0.8058823529411766,0.04755717013646321,false,0.8770833333333333
462,114.59740259740259,486.0,22,29.837816252279513,128,86,103,62,20.6888192386094,-0.8727337368575813,91.11269837220809,73.96536796536796,0.6993491026998556,1.0,0.8433324845089554,0.7796756096206192,0.06365687488833616,false,0.9506172839506173
401,116.9925187032419,456.0,23,34.87103898277201,128,370,107,336,16.01398924295156,0.4131020175067365,100.56854249492379,352.7356608478803,0.4982300576189996,1.0,0.8427460759865044,0.7947164372995574,0.048029638686946985,false,0.8793859649122807
527,130.75142314990512,573.0,25,32.28224391811418,142,27,114,1,23.473523567581726,0.6442742628969004,105.35533905932736,11.842504743833016,0.5966331515808875,1.0,0.8920712877181235,0.7882086771360131,0.10386261058211044,false,0.9197207678883071
1452,156.0089531680441,1649.0,26,50.29641052959842,178,47,133,1,40.242561716706085,0.19188926332169573,181.5035713374682,24.457300275482094,0.5538678169596554,1.0,0.9069707772916327,0.7862533848015208,0.12071739249011182,false,0.8805336567616737
277,146.49458483754512,290.0,27,26.314275318870447,159,400,133,386,14.651450956636737,-1.4438207979369497,72.2842712474619,394.64981949458485,0.6661959976642688,1.0,0.8596163375097333,0.8079406141041506,0.051675723405582685,false,0.9551724137931035
151,151.52980132450332,153.0,30,16.729396433514385,159,387,144,373,11.831304136975143,-0.8941406798238367,48.04163056034262,380.682119205298,0.8221505145754826,1.0,0.85687573042462,0.8164997112801584,0.04037601914446154,false,0.9869281045751634
152,169.92105263157896,164.0,31,17.937248675072567,179,58,162,45,11.100877744570894,-0.9994283446347121,49.662950903902264,50.92763157894737,0.7744411294055819,1.0,0.8897058823529412,0.8375782593739252,0.052127622979016075,false,0.926829268292683
185,179.2108108108108,187.0,33,18.48262887621098,186,66,173,48,12.93706845733734,-0.28713783937314485,51.627416997969526,57.902702702702705,0.872209470857249,1.0,0.8861261261261263,0.8486247741417389,0.03750135198438742,false,0.9893048128342246
114,189.80701754385964,114.0,35,13.935680298545627,195,94,185,81,10.493953918747625,0.25843249139673813,38.97056274847714,87.7280701754386,0.9432815955333341,1.0,0.876264189886481,0.8216861804673907,0.0545780094190903,false,1.0
461,206.0238611713666,473.0,36,32.69185068390587,217,131,194,101,18.26300559299078,0.5600826678555796,87.25483399593904,115.78091106290672,0.7609073798071884,1.0,0.8905193313768025,0.7983067575119802,0.09221257386482229,false,0.9746300211416491
550,208.3181818181818,714.0,37,45.473413561062074,220,67,196,19,19.951743052679717,-0.03168132322715991,139.1959594928933,40.21272727272727,0.35671329449885025,1.0,0.9201497326203211,0.7896503585252875,0.13049937409503354,false,0.7703081232492998
182,207.42857142857142,195.0,38,21.2226655607083,216,19,200,1,11.715176867906319,-0.5798724882499362,56.87005768508881,9.021978021978022,0.7071538569907201,1.0,0.9029734970911445,0.8422271862331433,0.060746310858001196,false,0.9333333333333333
529,225.9546313799622,546.0,39,30.43108427270513,239,258,213,230,22.52171349680851,0.6541249781829411,95.32590180780451,243.8922495274102,0.7315494549142814,1.0,0.9030431076022095,0.6165197491100189,0.28652335849219057,true,0.9688644688644689
442,237.55203619909503,463.0,40,34.15132758321196,251,25,220,1,17.526160988390686,0.7996778755978633,93.0477272147525,11.581447963800905,0.6415353535463002,1.0,0.9210096708366604,0.8596768780861981,0.06133279275046233,false,0.9546436285097192
283,231.29681978798587,315.0,41,20.878696329313946,242,88,222,69,19.169034623748853,1.007531245659993,75.59797974644665,78.03886925795052,0.6222657820476926,1.0,0.913683918797201,0.8470680003670735,0.06661591843012749,false,0.8984126984126984
445,238.96404494382023,457.0,42,33.73461335856184,249,233,228,202,17.236650877815652,-0.4089547585506198,88.91168824543142,218.16404494382022,0.7073789982692711,1.0,0.9125005507821107,0.7611417483660134,0.15135880241609723,true,0.973741794310722
103,236.54368932038835,106.0,43,12.820359276713585,243,41,232,29,10.745707464182825,-0.6265616208279371,39.79898987322333,34.77669902912621,0.8171522666505059,1.0,0.9163144869598325,0.8635074216602532,0.05280706529957935,false,0.9716981132075472
257,256.9066147859922,302.0,46,24.00735501363943,266,166,247,143,15.778327876849279,-0.23908097131628492,76.76955262170047,154.1284046692607,0.5479803278557905,1.0,0.9205767910276953,0.8238013146645364,0.09677547636315886,false,0.8509933774834437
374,260.7245989304813,411.0,47,37.52447290118722,268,122,253,85,13.7876211493705,-0.15892861250731888,99.63351365237939,105.58288770053476,0.47344613289663634,1.0,0.9232987312572092,0.8541692622586101,0.06912946899859906,false,0.9099756690997567
3041,304.0864847089773,3371.0,48,112.41816536357362,360,41,254,1,38.92665989551796,-1.5017232935133014,330.1726188957803,15.958566261098323,0.3505453213995355,1.0,0.9184852763861211,0.8915469623318225,0.026938314054298584,false,0.9021061999406704
229,261.14410480349346,231.0,50,22.812543742536796,268,267,254,246,12.921758449804441,0.30647879699022923,58.87005768508881,256.2096069868996,0.8303408869825923,1.0,0.9226646116962071,0.7775684089791908,0.1450962027170163,true,0.9913419913419913
230,265.7130434782609,242.0,52,20.799634256990213,273,58,256,36,15.77591956799642,0.18918763042950318,64.5269119345812,47.04347826086956,0.6941541699374172,1.0,0.9146632566069907,0.8801793085655314,0.03448394804145927,false,0.9504132231404959
163,262.34355828220856,163.0,53,18.136779814465523,268,243,257,226,11.48901263904509,-0.1417358511266779,47.79898987322333,234.34969325153375,0.8965200996508316,1.0,0.8958258149885722,0.8434832756632066,0.05234253932536559,false,1.0
809,273.0321384425216,828.0,55,38.93511773320168,293,307,258,273,27.471497646992404,0.804963104600441,116.8111831820431,291.7354758961681,0.7450570693091741,1.0,0.9031193194212166,0.7440225787284612,0.15909674069275537,true,0.9770531400966184
594,284.32154882154884,640.0,56,31.30281740746986,301,204,270,180,25.76139376519846,1.446667659409109,106.66904755831213,191.8989898989899,0.6560236170145431,1.0,0.9253647586980922,0.8673693021840043,0.057995456514087884,false,0.928125
248,282.4758064516129,255.0,58,23.667562475823793,291,138,274,117,13.838614688045729,-0.5012743160777446,63.11269837220809,127.33064516129032,0.7823985687810421,1.0,0.9162397216951298,0.8710777360589628,0.045161985636167024,false,0.9725490196078431
253,285.6521739130435,267.0,59,22.980664994693743,298,56,275,41,14.576244119821256,1.4492588888244753,66.2842712474619,47.99604743083004,0.7236180867796301,1.0,0.9150585135239867,0.8994411764705881,0.015617337053398628,false,0.947565543071161
394,285.02030456852793,423.0,60,27.446024064688384,298,83,275,58,19.54744764329679,0.7981327340362173,85.94112549695427,71.91370558375634,0.67035370172174,1.0,0.9147108589628746,0.8868390350381999,0.027871823924674688,false,0.9314420803782506
232,291.9655172413793,239.0,62,19.218505724873793,300,99,283,81,15.812510313409243,-0.5778645061617154,59.248737341529164,89.05172413793103,0.8305000252231499,1.0,0.9113083164300203,0.8815799943165672,0.02972832211345311,false,0.9707112970711297
1677,315.2349433512224,1730.0,65,57.713890785097696,333,150,294,92,37.78254145023653,0.10756748667401958,167.88225099390857,120.7531305903399,0.7477102931456601,1.0,0.9195973201445151,0.8746659972666163,0.044931322877898805,true,0.969364161849711
141,311.7730496453901,155.0,70,22.378415569415136,318,210,306,190,8.697281872226776,0.4558642478318919,56.284271247461895,199.46808510638297,0.5593129592122396,1.0,0.9180086218884717,0.8797509173801848,0.038257704508286805,false,0.9096774193548387
102,313.05882352941177,102.0,72,13.587640760129023,318,91,309,78,9.653851910655025,0.14103751539731965,36.97056274847714,84.81372549019608,0.9377734075522061,1.0,0.9156478277585546,0.8797061524334255,0.03594167532512904,false,1.0
379,323.15831134564644,395.0,73,26.291554720418244,333,186,312,161,19.028234023918166,-0.7406108222078428,77.94112549695429,172.68337730870712,0.7839993962875738,1.0,0.9168917171090073,0.8809785596481585,0.03591315746084878,false,0.959493670886076
388,327.03350515463916,399.0,74,30.685948985486473,341,235,313,215,16.302963120048556,-1.1765664350373668,80.76955262170046,225.2422680412371,0.7473881967629542,1.0,0.9109561350313321,0.8807962374138846,0.03015989761744753,true,0.9724310776942355
131,323.1832061068702,134.0,75,19.55792947449082,332,249,315,236,8.794281360527272,-1.0862106196114665,47.698484809834994,242.206106870229,0.7235557393479672,1.0,0.9047447986828321,0.8691455443966207,0.03559925428621136,false,0.9776119402985075
3243,351.02929386370647,3650.0,76,100.15195786197464,388,343,316,258,44.10176265180428,-0.7776619732932222,291.7645019878171,302.34381745297566,0.47873139522833213,1.0,0.9163846111987806,0.8573969040247682,0.05898770717401236,false,0.8884931506849315
559,332.65474060822896,600.0,78,36.56829391244428,347,284,320,251,20.646236673335057,-0.5131911660934899,105.15432893255071,266.0572450805009,0.6352831838311871,1.0,0.9103370865340772,0.8660240963855418,0.0443129901485354,true,0.9316666666666666
675,344.0,699.0,79,36.27789890824772,358,105,329,71,24.337736808715622,0.5979075053036909,108.5685424949238,87.81185185185186,0.7196239714059507,1.0,0.9225214233841684,0.8881702444010777,0.0343511789830907,true,0.9656652360515021
329,341.9817629179331,340.0,80,23.915545315347774,352,185,334,162,18.466640835177433,-0.25654326561515994,74.5269119345812,171.75379939209728,0.744353970402414,1.0,0.9169199594731506,0.8909743278754803,0.025945631597670382,false,0.9676470588235294
1092,357.22435897435895,1236.0,82,49.615714955181375,372,221,338,171,31.579551868063984,-0.35571722125202215,162.4680374315355,199.8543956043956,0.5198722471676559,1.0,0.9166989872872228,0.8799445434739549,0.03675444381326787,false,0.883495145631068
590,351.95254237288134,640.0,83,42.66841878123489,363,72,341,29,19.64040957401751,0.22223037518924377,110.91168824543142,49.63898305084746,0.6027083991893265,1.0,0.9236689930209371,0.8819334950475034,0.04173549797343368,true,0.921875
114,348.780701754386,115.0,84,15.801006753029583,353,242,344,227,9.234209734437696,0.296454232593561,40.970562748477136,234.21052631578948,0.8534358003833582,1.0,0.9070519435844513,0.8827467388629092,0.024305204721542073,false,0.991304347826087
139,353.0719424460432,145.0,85,15.012855606306081,359,271,347,256,12.58079074754756,-0.10376781462058535,47.21320343559642,262.9064748201439,0.7836059541720443,1.0,0.9140358301594019,0.8865658263305319,0.027470003828869993,false,0.9586206896551724
153,360.3529411764706,158.0,87,16.61959653046941,367,251,354,235,12.535124664325942,-0.018549358848027893,50.04163056034262,243.81699346405227,0.7677828201789082,1.0,0.9200051262335001,0.8645089085862658,0.055496217647234225,false,0.9683544303797469
572,366.71853146853147,605.0,88,35.542446849100045,378,162,355,128,21.150156549870673,-0.3396506981203371,101.01219330881976,145.2674825174825,0.7044631663380444,1.0,0.9193267516796929,0.8999123414071506,0.019414410272542315,false,0.9454545454545454
165,363.1090909090909,165.0,89,16.444024234596142,371,110,356,96,13.07804990379163,-1.0766339086644312,48.62741699796952,102.32727272727273,0.8768623150343176,1.0,0.918288770053476,0.8902796777625781,0.028009092290897875,false,1.0
386,371.7098445595855,396.0,90,26.13300368508268,384,400,359,381,19.166990092288682,1.177838207996309,77.11269837220809,391.14248704663214,0.8157279961503059,1.0,0.9099563141318705,0.8221309111880043,0.0878254029438662,false,0.9747474747474747
318,374.7641509433962,335.0,92,23.233817940452873,385,30,366,7,18.593075606943856,-0.2357520599719436,74.2842712474619,19.650943396226417,0.7241745359585299,1.0,0.9236773954864967,0.8893453369460713,0.034332058540425425,false,0.9492537313432836
1427,382.35178696566226,1460.0,93,59.191612860141895,400,86,366,30,31.033416569776257,0.29485698230832413,158.22539674441617,57.45760336370007,0.716277733123197,1.0,0.9274605988155595,0.8769979122274593,0.05046268658810027,false,0.9773972602739726
233,376.81115879828326,243.0,94,20.70213178898069,384,181,369,160,14.822373425394668,-0.3293958200281777,63.35533905932737,170.931330472103,0.7294564119310161,1.0,0.9116048135992597,0.8873189476795744,0.02428586591968529,false,0.9588477366255144
963,388.9854620976116,1159.0,95,53.51922402783599,400,338,372,283,28.377506181894702,-0.2898003386281143,173.81118318204307,314.6479750778816,0.4005721203131245,1.0,0.9134445055280674,0.8799570239054526,0.033487481622614834,false,0.8308886971527178
504,386.65277777777777,533.0,96,31.52279319780919,400,378,372,353,21.023303590078463,-0.9667177702725469,99.53300858899107,366.15277777777777,0.6393021088785142,1.0,0.9176314970432616,0.8637283155337065,0.05390318150955509,false,0.9455909943714822
594,389.8063973063973,628.0,97,33.661516288338824,400,140,375,104,24.90043724677336,-0.3434673612991403,105.49747468305831,123.28956228956228,0.6706750975430551,1.0,0.920030369049977,0.8928065728520236,0.027223796197953454,false,0.945859872611465
160,386.0375,166.0,98,17.376573245446078,394,349,377,336,12.15736720041176,-1.260538900362902,50.2842712474619,342.85625,0.7951801418358098,1.0,0.9131617647058825,0.8730081564306165,0.04015360827526604,false,0.963855421686747
301,394.40531561461796,336.0,99,32.42303347046683,400,216,386,184,13.084955351187428,-0.2764721532939031,87.90559159102153,202.0531561461794,0.4894894744948107,1.0,0.9206045208781187,0.8887148079570814,0.03188971292103737,false,0.8958333333333334
375,394.8826666666667,398.0,100,40.1510949428072,400,280,388,243,12.530217901994387,0.046282420675588486,91.698484809835,261.1173333333333,0.5604241122245114,1.0,0.9127947712418303,0.876759156492786,0.036035614749044265,false,0.9422110552763819
244,396.4836065573771,256.0,101,33.455672188703524,400,246,390,213,10.423118827304787,-0.048451666034986456,80.04163056034261,230.4795081967213,0.4785946459880068,1.0,0.9208614593378336,0.8611073548193224,0.05975410451851115,false,0.953125
108,397.39814814814815,108.0,102,19.043045250722027,400,182,393,163,8.016034146402573,-0.07773569962250741,44.3492424049175,173.32407407407408,0.6900192530922651,1.0,0.9152505446623093,0.8882429834678969,0.02700756119441239,false,1.0
350,5.228571428571429,451.0,1,52.27914788449401,15,49,1,2,11.07279302844579,-0.13108855223485413,117.2193000900063,23.091428571428573,0.3200955676754005,0.0,0.9394733893557424,0.9261088097210711,0.013364579634671303,false,0.7760532150776053
244,9.131147540983607,277.0,2,22.597278070744427,21,68,1,51,15.642495571563371,-1.4027853722330943,69.94112549695429,58.52049180327869,0.6268078934101661,0.0,0.9522500803600128,0.9144397759103644,0.03781030444964839,false,0.8808664259927798
608,10.953947368421053,665.0,5,34.283810861983504,25,185,1,150,24.07764925540217,-0.01463736780087348,113.49747468305833,167.77631578947367,0.593117920610483,1.0,0.9482133642930852,0.9296144700424902,0.01859889425059502,false,0.9142857142857143
412,9.95873786407767,419.0,8,24.252920242846763,23,379,1,356,22.625026319491052,0.17127650074698175,80.87005768508881,367.11893203883494,0.7916470071932189,1.0,0.9521035598705503,0.9290802186132043,0.023023341257345953,false,0.9832935560859188
336,9.104166666666666,340.0,9,23.340973302803963,20,400,1,380,19.174040651159192,0.6656321831336536,71.79898987322333,391.2559523809524,0.8190538816425066,1.0,0.9508870214752564,0.9399399399399399,0.010947081535316538,false,0.9882352941176471
298,18.52013422818792,330.0,10,24.10912024282307,29,147,6,128,17.032641910778903,-1.2807933956769713,76.66904755831214,137.80536912751677,0.6370682945975197,1.0,0.9491512041058033,0.9175139191479056,0.03163728495789775,false,0.9030303030303031
199,15.175879396984925,204.0,12,18.979920328221695,24,89,7,75,13.769826915620659,-1.2178210356703882,54.62741699796952,81.12562814070351,0.837995350047475,0.11557788944723618,0.9658291457286432,0.9027890196078433,0.0630401261207999,false,0.9754901960784313
211,26.322274881516588,220.0,16,19.655432127477184,35,210,18,193,14.394505168183926,-1.0116582874931566,58.8700576850888,201.16587677725119,0.765073917700118,1.0,0.9448935972493263,0.9316153127917831,0.013278284457543199,false,0.9590909090909091
310,30.63225806451613,326.0,18,27.00308508130237,40,76,20,51,15.172081734094881,-0.557272713649806,75.18376618407356,63.49677419354839,0.6891653023397118,0.0,0.9475015812776723,0.9104590988937951,0.037042482383877195,false,0.950920245398773
535,41.23551401869159,569.0,19,27.831995984103525,55,177,28,151,25.236798582332597,-0.9525595193195292,100.42640687119285,165.73084112149533,0.6666038185180289,1.0,0.9532930181418363,0.9193137254901961,0.033979292651640236,false,0.9402460456942003
111,33.68468468468468,117.0,20,16.993783761743583,39,48,29,32,8.791364680257834,0.34064511681505427,43.21320343559643,40.14414414414414,0.7469644248661348,0.0,0.9442501324854263,0.9257133361819299,0.018536796303496472,false,0.9487179487179487
574,43.073170731707314,618.0,22,32.274601118151224,57,209,30,178,24.717581734873743,0.1125143760408624,107.49747468305833,190.88501742160278,0.6242021101063648,1.0,0.9506729521076727,0.9260359587156968,0.024636993391975892,false,0.9288025889967637
438,46.65525114155251,495.0,23,31.178858515222146,59,98,33,74,19.513108811626967,0.7169484710794404,93.25483399593905,85.3013698630137,0.632908994831679,0.0,0.9484644999552334,0.8952251270878723,0.053239372867361134,false,0.8848484848484849
166,42.03012048192771,172.0,24,21.10924101467586,50,388,34,372,10.338172326122079,-0.9169148193036356,52.8700576850888,380.33734939759034,0.746274124383376,1.0,0.9428537680132293,0.9293127006900318,0.013541067323197487,false,0.9651162790697675
117,56.401709401709404,123.0,26,12.95634623587748,63,159,50,146,12.099056361101491,-0.22272195258754993,42.04163056034262,153.18803418803418,0.8318339140711501,1.0,0.9547846489022961,0.9311764705882354,0.0236081783140607,false,0.9512195121951219
111,61.126126126126124,114.0,27,17.21351159007104,68,135,54,122,8.41598807495186,-0.9284576862233302,43.45584412271572,128.59459459459458,0.7386461898054792,0.43243243243243246,0.9505387740681857,0.9041579752468365,0.046380798821349156,false,0.9736842105263158
393,71.31806615776081,407.0,28,25.747100162892178,85,163,60,139,19.947057506837567,0.71718307209683,79.59797974644665,150.88295165394402,0.7794680601787592,1.0,0.9539290525370452,0.9073677956030898,0.04656125693395541,false,0.9656019656019657
224,69.86160714285714,242.0,29,21.38151667658172,78,115,63,94,14.255819335105924,-0.08808377493911271,65.73401871576773,103.82142857142857,0.6514446384872411,0.0,0.9528536414565826,0.9213194925028837,0.03153414895369888,false,0.9256198347107438
101,73.84158415841584,103.0,31,11.852098717644173,79,217,69,206,10.998510022096923,-0.1779923975624027,36.97056274847714,211.34653465346534,0.9285795506154197,1.0,0.9421859833042128,0.9390255825321818,0.003160400772030947,false,0.9805825242718447
1373,103.4136926438456,1587.0,32,50.02154221289979,123,187,76,136,40.07441623838912,-0.6466399867032874,179.75230867899737,163.01966496722505,0.53398793817396,1.0,0.9528554903388885,0.915318899178296,0.03753659116059249,false,0.8651543793320731
874,93.9141876430206,1029.0,33,37.63169027827215,111,139,77,103,34.04964773519717,0.3088027252291868,151.8528137423857,120.80091533180779,0.4762945471878137,0.7048054919908466,0.9527392650424007,0.9143288084464553,0.03841045659594544,false,0.8493683187560739
1005,103.64079601990049,1271.0,34,43.86104688981487,125,100,80,60,38.04337209740311,-0.7690919130722508,189.58073580374355,81.83681592039801,0.35138847785149546,0.136318407960199,0.9440874061067206,0.800593308189417,0.1434940979173036,false,0.7907159716758458
702,108.8960113960114,751.0,36,41.52335349691364,133,307,92,279,23.867329367514543,1.4128405130751274,125.43250352560273,294.5327635327635,0.5606951444065957,0.7649572649572649,0.9564381878107363,0.9161524948962638,0.04028569291447248,false,0.9347536617842876
134,103.21641791044776,141.0,37,23.54575509030639,113,337,93,324,7.511167981706252,-1.108266701724225,54.526911934581186,330.56716417910445,0.5663603703841501,1.0,0.9545507755340942,0.9264052287581699,0.02814554677592429,false,0.950354609929078
414,112.8695652173913,435.0,38,36.52059213757369,128,400,93,381,15.176571159536747,-1.1152676731769997,93.39087296526012,391.6690821256039,0.596487483792708,1.0,0.9520128824476651,0.9170888119953859,0.03492407045227919,false,0.9517241379310345
807,128.7819083023544,880.0,39,35.71284749426444,143,127,111,92,30.176519584966528,-0.1588029478238572,123.98275605729688,109.6084262701363,0.6597217864450589,1.0,0.9422066720120506,0.9039623410800997,0.0382443309319509,false,0.9170454545454545
187,120.11229946524064,196.0,40,16.84420405418393,129,378,111,362,15.493726756783577,1.3283450984143994,58.526911934581186,371.19251336898395,0.6860254867663783,1.0,0.9501100975149419,0.9238305709023936,0.026279526612548287,false,0.9540816326530612
157,135.0063694267516,158.0,41,18.731097181467977,144,141,126,130,10.763403483990583,1.3677603403890628,49.21320343559643,135.56687898089172,0.8146034507101014,1.0,0.9333333333333333,0.9106747230614298,0.022658610271903523,false,0.9936708860759493
117,146.05128205128204,122.0,43,14.225170692024173,153,358,140,345,11.120429418113032,-0.6975053699403414,43.62741699796952,351.88034188034186,0.7724612879604429,1.0,0.9495223730517847,0.926303011110231,0.023219361941553718,false,0.9590163934426229
7556,208.59939121228163,12904.0,44,173.88261999943245,263,376,148,209,101.97835876185479,-0.06890277002260693,733.2518754031088,298.64465325569086,0.1766019311981995,0.7822922181048174,0.9498058937709541,0.8672864548118094,0.08251943895914471,false,0.5855548667079975
639,184.4866979655712,678.0,46,34.297797362673116,200,179,166,149,24.919655250752655,-0.9848467158859119,110.5685424949238,163.5305164319249,0.6568217908426032,0.7699530516431925,0.9533523581576601,0.7900635564570656,0.16328880170059445,false,0.9424778761061947
102,183.49019607843138,105.0,47,17.84554303035659,193,400,175,393,8.114915730427358,1.5497381957182932,43.520815280171306,397.4019607843137,0.6767308746907559,1.0,0.940945790080738,0.9305405248152676,0.010405265265470365,false,0.9714285714285714
999,206.4204204204204,1183.0,48,45.65004179083611,230,400,185,363,30.801231667389473,0.994273184050416,153.08935777509512,384.26626626626626,0.5356552304241204,1.0,0.9436730848495546,0.9072317568452767,0.036441328004277906,false,0.8444632290786137
372,201.57258064516128,408.0,49,33.04251020381184,215,224,186,202,15.270252471383358,-1.0929668999124567,87.84062043356595,214.01344086021504,0.6058456788673361,0.08333333333333333,0.9475964579380141,0.861946573279873,0.08564988465814105,false,0.9117647058823529
404,242.94554455445544,423.0,50,28.03156370907964,257,398,229,380,18.760510575961572,-1.5577851608179019,83.59797974644667,388.88613861386136,0.7264398575376332,1.0,0.9344690351388082,0.8894042232277529,0.04506481191105527,false,0.9550827423167849
121,236.65289256198346,122.0,51,15.141634874568734,243,24,230,11,10.69207832188207,0.7511174193754938,43.21320343559642,17.776859504132233,0.8142585171964175,1.0,0.9347917679468479,0.8575567121673379,0.07723505577951006,false,0.9918032786885246
603,253.7330016583748,665.0,52,34.0879550123154,271,313,239,287,23.631199733715686,-1.4098101772518186,113.39696961966999,299.03150912106133,0.5892834967801469,1.0,0.9327935485968847,0.8891084760649977,0.043685072531887026,false,0.9067669172932331
110,254.51818181818183,113.0,53,12.79657005844405,261,330,250,317,11.43735476390986,-0.023372424247435478,40.62741699796952,323.1454545454545,0.8374601021280332,1.0,0.9319786096256683,0.9036961911201264,0.028282418505541806,false,0.9734513274336283
125,272.976,126.0,57,18.485575542030368,281,9,265,1,8.821354594385644,-1.4703490490305486,44.72792206135785,4.432,0.7851677119916693,1.0,0.9281568627450979,0.8704136662614174,0.05774319648368054,false,0.9920634920634921
205,277.2390243902439,216.0,58,19.425491491081402,285,348,267,332,14.419966023804067,-1.1902167959998744,58.52691193458119,341.1756097560976,0.7520600255995054,1.0,0.9409469153515065,0.830272812461324,0.11067410289018254,false,0.9490740740740741
542,309.71033210332104,577.0,62,33.05909293708952,321,31,297,1,22.193287210190256,0.40331964270742676,104.42640687119285,14.05350553505535,0.6245805857687866,1.0,0.9385789740250344,0.8870278900364215,0.05155108398861297,false,0.9393414211438474
4328,355.845887245841,5604.0,65,101.13316006458984,400,108,314,21,71.85364794967548,1.029366205012528,404.19090885900994,68.54251386321627,0.33290784849067645,1.0,0.9527110289587185,0.8692374439868418,0.08347358497187674,false,0.7723054960742327
141,327.73758865248226,145.0,66,17.33705674034666,337,11,321,1,11.034060519518665,-1.3413555364178298,47.935028842544405,5.134751773049645,0.771121817064709,1.0,0.9246836323181754,0.9027286439051148,0.02195498841306065,false,0.9724137931034482
178,337.9269662921348,188.0,67,19.456714587542074,346,127,330,110,12.415951979983937,0.7101294533605186,57.112698372208094,117.78089887640449,0.6857479331124009,1.0,0.9423220973782772,0.8737519019320761,0.06857019544620113,false,0.9468085106382979
1045,360.711004784689,1295.0,68,48.17254751720022,384,171,341,127,34.63532008505495,0.7698550548831513,176.26702730475878,150.6775119617225,0.42265303686978,1.0,0.9359939956843982,0.8519366367236546,0.08405735896074362,false,0.806949806949807
207,376.22705314009664,227.0,69,24.328632159940316,386,191,367,172,11.845270245374032,-0.9294445330867436,63.597979746446654,181.16425120772948,0.6431223007658698,1.0,0.9120772946859905,0.873561401527982,0.03851589315800852,false,0.9118942731277533
225,378.58666666666664,241.0,70,19.760383481153248,387,118,370,100,14.972011261716835,0.5929380242832851,60.07716446627535,109.13777777777777,0.7833818928385992,1.0,0.9560435729847495,0.8696895424836603,0.08635403050108925,false,0.9336099585062241
1015,386.41477832512317,1050.0,72,42.83606645547578,400,41,371,1,31.50634745376819,0.06942884639725458,131.698484809835,18.425615763546798,0.7353842926970797,1.0,0.9249261083743834,0.873065015479876,0.051861092894507355,false,0.9666666666666667
118,386.4830508474576,118.0,73,14.141754397014125,394,213,380,202,10.917642834528085,-1.2120449445431427,41.21320343559642,207.8050847457627,0.8730098135102906,1.0,0.9318045862412764,0.8827298522000588,0.04907473404121754,false,1.0
433,18.27713625866051,547.0,5,41.475559580765484,29,185,10,147,15.774132837883238,-0.17411039888912896,120.46803743153546,165.25635103926098,0.37493336525351545,1.0,0.8769732373318843,0.8973104072398188,-0.02033716990793455,false,0.7915904936014625
131,21.14503816793893,137.0,7,15.669509536483794,26,300,15,284,10.987019232937026,0.13271132938969135,46.62741699796952,292.36641221374043,0.7571787974698627,1.0,0.8594222421793142,0.8558512622808104,0.0035709798985037455,false,0.9562043795620438
187,22.90374331550802,201.0,9,20.86916228162167,29,322,16,301,12.029829233694134,0.10990583416690515,57.8700576850888,311.3636363636364,0.7016873384765289,1.0,0.8621369403376323,0.842260926717056,0.019876013620576338,false,0.9303482587064676
186,26.06451612903226,197.0,11,22.797698171906294,31,346,20,324,10.749223217445325,0.001119047603131732,59.698484809834994,334.97849462365593,0.6558374178942571,1.0,0.8599620493358633,0.8503151260504198,0.009646923285443476,false,0.9441624365482234
342,35.98830409356725,358.0,14,28.71649148163441,44,136,27,109,16.045569771239137,-0.03242151835568821,78.5269119345812,123.80409356725146,0.6969456819765796,1.0,0.8791079004701297,0.8531582329901657,0.025949667479963967,false,0.9553072625698324
195,32.266666666666666,214.0,15,26.318394636012645,38,386,27,361,10.364582762511832,0.07198546349184187,65.5269119345812,373.64102564102564,0.5706963201364968,1.0,0.8526897938662645,0.8247001910646777,0.0279896028015868,false,0.9112149532710281
108,33.7962962962963,110.0,16,14.58616762955586,40,19,28,7,9.708202761116333,0.834701521487645,40.384776310850235,12.546296296296296,0.8321435592824641,1.0,0.8798111837327522,0.8811100599180071,-0.0012988761852548159,false,0.9818181818181818
125,37.2,129.0,17,15.545448078548198,44,82,31,69,10.656671339455023,-0.9634034496420042,46.8700576850888,75.12,0.7150376351577373,1.0,0.8859921568627452,0.903632041051714,-0.01763988418896878,false,0.9689922480620154
106,39.24528301886792,119.0,19,18.337901789408853,44,198,33,182,8.575617918408952,-0.36208971447088173,48.87005768508881,190.79245283018867,0.557737731548833,1.0,0.8719940806511283,0.8277510476486114,0.04424303300251686,false,0.8907563025210085
193,43.59585492227979,203.0,20,17.55100241920517,52,71,36,53,15.12310197346514,-0.4428092329914154,58.31980515339464,61.16062176165803,0.7130747270534271,1.0,0.888489281723052,0.8977548834976554,-0.00926560177460345,false,0.9507389162561576
613,87.63621533442088,688.0,24,41.20425786080004,108,161,68,137,20.312085432436685,-1.1977977705289264,120.81118318204308,148.7194127243067,0.5277838091210194,1.0,0.8804913156127053,0.8131576852662583,0.06733363034644702,false,0.8909883720930233
728,86.79807692307692,880.0,26,56.889494853465784,100,324,75,271,20.5231835208084,-0.24620071981749453,144.71067811865476,294.5892857142857,0.43685779164797683,1.0,0.8653684550743372,0.8581085311956198,0.007259923878717434,false,0.8272727272727273
132,86.97727272727273,132.0,28,14.384437648504248,93,175,81,162,11.756590922555553,-0.5214677447157476,41.79898987322333,168.0681818181818,0.9494065464848278,1.0,0.8816399286987522,0.8441855023632369,0.03745442633551532,false,1.0
106,87.59433962264151,108.0,29,12.099163732166272,93,197,82,186,11.292782354913557,-0.7550316817471632,38.38477631085023,191.38679245283018,0.9040609300033281,1.0,0.8652238253792083,0.8368493115296185,0.028374513849589778,false,0.9814814814814815
470,104.92765957446808,492.0,32,31.061725388431427,115,130,92,99,21.68741927431774,-0.23003625802050565,92.18376618407356,116.2127659574468,0.6950224408580088,1.0,0.8896120150187736,0.8804702040032177,0.00914181101555589,false,0.9552845528455285
137,105.11678832116789,142.0,33,18.048747368593002,114,190,97,178,10.299675073936086,-1.2643626157114145,48.2842712474619,183.68613138686132,0.7384465557001266,1.0,0.8762559038213824,0.8732617539995715,0.0029941498218108986,false,0.9647887323943662
749,132.5340453938585,944.0,34,43.075380657621096,150,221,117,176,27.054834184767508,-0.3707802230027434,146.95331880577402,200.68090787716955,0.4358458191757998,1.0,0.8772009738474826,0.9320065604269168,-0.05480558657943413,false,0.7934322033898306
213,149.55868544600938,227.0,38,20.921983841384627,160,175,141,159,13.942582667036174,-1.1384334300414634,60.2842712474619,165.67605633802816,0.7365147299091818,1.0,0.87964650648992,0.924337584219635,-0.04469107772971492,false,0.9383259911894273
127,147.63779527559055,146.0,39,20.01101540104861,153,333,141,315,9.05415724714327,-0.40510768580040285,53.94112549695428,324.37795275590554,0.5484961420106285,1.0,0.8639184807781379,0.9268827186541759,-0.062964237876038,false,0.8698630136986302
109,148.74311926605503,109.0,40,14.132333370794306,155,202,144,189,9.99670369329201,0.5338216520940302,39.21320343559643,195.70642201834863,0.8907825832086316,1.0,0.879366792588595,0.9346773850538047,-0.05531059246520975,false,1.0
206,152.2378640776699,243.0,41,25.73458774631568,162,285,146,263,12.398495823412535,-0.4087098504462155,69.1126983722081,272.56796116504853,0.5419527014106584,1.0,0.8749857224443175,0.9084230115705152,-0.0334372891261977,false,0.8477366255144033
105,157.72380952380954,116.0,42,18.282411375443417,162,380,154,363,8.078276983095495,-0.03934470651881004,46.04163056034262,370.95238095238096,0.6224403978450697,1.0,0.8681979458450046,0.943221478493432,-0.07502353264842732,false,0.9051724137931034
622,191.28938906752413,725.0,44,38.93224964744248,206,294,178,259,22.33249594521774,0.43811816909981904,119.39696961966999,275.45498392282957,0.5482941853900912,1.0,0.860185360317761,0.9054605626034193,-0.04527520228565829,false,0.8579310344827586
608,193.9621710526316,638.0,45,36.74128619173392,210,28,179,1,21.857812348288736,0.7991617275805684,106.18376618407356,13.509868421052632,0.677637128017676,1.0,0.86702786377709,0.9014834336101305,-0.034455569833040545,false,0.9529780564263323
129,189.25581395348837,137.0,46,17.330934792674913,197,330,181,318,9.712876977662477,-1.1019795684870297,46.8700576850888,324.04651162790697,0.737918839482785,1.0,0.8630794953640372,0.8862985316638141,-0.02321903629977695,false,0.9416058394160584
268,192.38432835820896,279.0,47,24.038803243369053,199,248,185,225,14.856364560103374,0.06659969250482958,67.4558441227157,236.15298507462686,0.7401257181116612,1.0,0.8709101551068189,0.8944736773213956,-0.023563522214576693,false,0.9605734767025089
137,196.43065693430657,137.0,50,15.781413095287416,204,227,190,214,11.368477243593963,0.9522540919650453,44.04163056034262,220.75182481751824,0.8875721203192319,1.0,0.8655503077143265,0.9288173679823134,-0.0632670602679869,false,1.0
146,196.8972602739726,150.0,51,14.783894462411247,204,87,191,73,13.13231393369532,1.0049381928672898,47.21320343559642,79.76027397260275,0.8230681245260321,1.0,0.881009938221864,0.9070802877363963,-0.026070349514532243,false,0.9733333333333334
111,213.93693693693695,113.0,54,13.145126021819287,220,128,208,117,10.86996190148881,1.1830046505376832,39.79898987322333,122.09909909909909,0.8806204038660792,1.0,0.8615792262851084,0.8983594206174307,-0.03678019433232227,false,0.9823008849557522
102,212.61764705882354,102.0,55,15.956328463869273,217,234,208,219,8.18899000776008,0.3175783400311686,39.798989873223334,226.40196078431373,0.809218749498559,1.0,0.8649365628604383,0.8684718331777158,-0.003535270317277517,false,1.0
314,221.2484076433121,346.0,57,23.630828343842413,232,400,209,382,18.752893487121526,1.4193994059471886,78.52691193458118,391.859872611465,0.6398858015808365,1.0,0.8524416135881107,0.8845008682750833,-0.03205925468697268,false,0.9075144508670521
4981,258.8851636217627,6279.0,58,136.38747438045954,301,145,214,20,54.62887879722412,0.49762584731089715,437.7594513539338,87.90283075687613,0.3266294525182985,1.0,0.8452850242686921,0.8751421200342975,-0.029857095765605357,false,0.7932791845835324
105,220.59047619047618,111.0,59,13.010801246650617,226,251,216,239,10.566251569754877,-0.5946773968452619,39.55634918610404,244.47619047619048,0.8432702113854035,1.0,0.8601307189542482,0.8887895300638068,-0.02865881110955859,false,0.9459459459459459
598,243.3829431438127,638.0,62,34.628217960380184,260,340,229,311,22.691092815401564,0.7731553827261255,102.5685424949238,325.67391304347825,0.7143033379454621,1.0,0.8472883467768382,0.8899314029017177,-0.04264305612487951,false,0.9373040752351097
192,262.90625,195.0,66,18.468906028496153,273,347,254,333,13.510982404223798,-1.5491256351917315,53.112698372208094,340.265625,0.8552919026025476,1.0,0.8464256535947708,0.8821020351268473,-0.03567638153207642,false,0.9846153846153847
384,267.7421875,429.0,67,26.091065428405262,282,380,257,359,20.864011540299035,-1.4214714525330647,85.59797974644667,368.9739583333333,0.6585883725488462,1.0,0.8559334150326801,0.884296625626995,-0.028363210594314903,false,0.8951048951048951
641,277.6365054602184,663.0,68,36.742121152736914,295,400,259,377,22.874326076902783,1.301210761510851,107.25483399593904,388.9516380655226,0.7002194072364274,1.0,0.8470771772047359,0.8848875472519103,-0.03781037004717447,false,0.9668174962292609
502,287.86653386454185,550.0,70,34.00367971191582,304,32,274,1,20.126114264886414,0.6811593062841063,99.15432893255071,16.882470119521912,0.641638214953974,1.0,0.8431450667916572,0.8703531650528912,-0.027208098261233937,false,0.9127272727272727
320,285.334375,337.0,71,27.364204022957104,298,314,275,293,16.14121841559608,0.7289390919005658,77.59797974644665,304.4625,0.6678193724415286,1.0,0.8564460784313729,0.8695304235846022,-0.013084345153229315,false,0.9495548961424333
548,292.992700729927,595.0,72,35.8805546402322,308,372,276,343,21.449631181409185,0.8763858580247527,106.32590180780451,355.0109489051095,0.6091332027131646,1.0,0.8602690711321028,0.8805263772175538,-0.020257306085450955,false,0.9210084033613445
1618,314.51174289245984,2049.0,75,70.86329326898377,349,192,289,134,35.06913361354319,0.7577849390841777,232.45079348883235,167.59579728059333,0.3762931523544728,1.0,0.8346372912576653,0.8325484204376943,0.0020888708199710004,false,0.7896534895070766
196,301.7091836734694,209.0,77,23.220012384804566,313,306,291,294,11.44179793425067,-1.5135062421327838,59.45584412271571,298.8265306122449,0.696749774179254,1.0,0.8522208883553422,0.8492460374813315,0.002974850874010615,false,0.937799043062201
738,313.4430894308943,762.0,78,47.14116552157993,332,60,293,23,20.603207552778976,0.828415053744193,121.95331880577405,40.794037940379404,0.6235610485576728,1.0,0.8423667570009035,0.8625535494725944,-0.020186792471690973,false,0.968503937007874
2475,338.0117171717172,2981.0,81,84.93287017853075,362,292,310,204,42.45127679191259,0.06741504333310536,271.14927829866735,251.74020202020202,0.4230270722755767,1.0,0.8471206179441478,0.8409434086134453,0.006177209330702538,false,0.8302583025830258
164,324.530487804878,169.0,83,18.332219943447505,332,207,317,192,11.788737347353495,0.7775987006761197,50.62741699796952,198.7012195121951,0.8040483617996347,1.0,0.8340267814442849,0.7716458011776144,0.062380980266670494,false,0.9704142011834319
5283,373.5682377437062,6090.0,85,122.87447531678697,400,122,339,1,59.31463759711842,-0.06935805777736292,381.8233764908628,52.573537762634864,0.4553710814401672,1.0,0.8195469745725285,0.8587779528183176,-0.03923097824578914,false,0.867487684729064
2413,387.3008702859511,2975.0,86,103.4375909357127,400,198,359,90,37.16247715657774,0.052460401638828084,291.953318805774,141.35930377123913,0.3557462681441495,1.0,0.8222715194656399,0.8555018608009777,-0.033230341335337754,false,0.8110924369747899
183,368.1803278688525,185.0,87,20.865826325383697,375,331,360,314,11.400636540704145,0.6384082731769205,53.45584412271571,322.2841530054645,0.8047677605281109,1.0,0.856723454409086,0.8711992704058366,-0.014475815996750518,false,0.9891891891891892
426,372.47417840375584,469.0,88,25.932032507301148,385,358,360,331,22.328396897612453,0.09322668242985938,94.7401153701776,343.38028169014086,0.5964192394759543,1.0,0.8529964098315385,0.8763028695148355,-0.02330645968329703,false,0.908315565031983
345,382.3565217391304,359.0,89,33.878299726494525,393,400,374,371,13.305308490328711,0.4264914753850839,83.35533905932738,386.5768115942029,0.6239677079128428,1.0,0.854481386757602,0.8781415653258501,-0.02366017856824809,false,0.9610027855153204
546,393.5274725274725,584.0,90,47.57497280586375,400,242,385,199,15.65836264741523,-0.09663757493623365,112.42031021678298,220.24358974358975,0.5428913824837431,1.0,0.8384256266609211,0.8669298891342655,-0.028504262473344366,false,0.934931506849315
317,394.8107255520505,333.0,91,33.27809463939801,400,286,386,256,13.52336889114856,0.16686244360499625,82.59188309203678,269.9684542586751,0.5839751810562382,1.0,0.8502381394198061,0.8702847083105693,-0.020046568890763172,false,0.9519519519519519
193,396.9740932642487,194.0,92,30.654653277014123,400,315,393,287,8.324477796159252,0.05607217058864262,66.27817459305203,299.4974093264249,0.55211061305974,1.0,0.8506349690135118,0.8714737507906392,-0.02083878177712739,false,0.9948453608247423
2502,26.4828137490008,2612.0,2,68.50971398984484,59,221,1,158,48.08800625141248,-0.6085584220351679,215.82337649086284,189.77058353317346,0.6749944532778951,0.6354916067146283,0.8556104136298809,0.6348394192335791,0.22077099439630177,true,0.9578866768759571
889,25.92238470191226,940.0,4,60.17943055470065,63,400,1,378,21.53491584992275,1.455364510482086,154.04772721475248,392.11248593925757,0.470761604682103,1.0,0.7777542513068222,0.6343226381461681,0.14343161316065411,false,0.9457446808510638
256,28.4453125,286.0,6,21.782344556581844,37,120,16,102,16.69045276992881,-0.9967478453285469,71.35533905932738,111.66015625,0.6318251091983197,1.0,0.8473192401960785,0.7744776208355686,0.07284161936050992,true,0.8951048951048951
104,38.91346153846154,107.0,9,18.677605211071008,46,21,32,7,7.3591724133192375,0.8148785067397751,43.698484809835,13.788461538461538,0.6844007016209103,0.9519230769230769,0.8463046757164403,0.7141850784502084,0.1321195972662319,true,0.9719626168224299
143,43.04195804195804,144.0,11,16.281878514904133,48,261,37,245,11.494910253410305,-0.09551954855435843,45.79898987322333,252.8041958041958,0.856710525332723,0.0,0.8155491567256272,0.19734193591746896,0.6182072208081583,true,0.9930555555555556
253,47.49802371541502,266.0,12,24.134330738239377,55,231,41,208,13.699626932090377,0.10107857535457473,66.2842712474619,220.399209486166,0.7236180867796301,0.391304347826087,0.8280399906998371,0.31000332336324354,0.5180366673365936,true,0.9511278195488722
3315,110.9076923076923,3893.0,15,105.8731300631968,161,400,55,352,45.23109624352295,1.4204321423417545,328.97770542341357,378.50377073906486,0.3849111240340768,1.0,0.8093467009729985,0.716123571730851,0.0932231292421476,false,0.851528384279476
198,72.84848484848484,201.0,18,18.16814789171465,79,24,65,6,14.200433334528428,0.0021354829620390935,54.834523779156065,15.146464646464647,0.8274979033453091,0.0,0.8595563477916419,0.6812440510184659,0.17831229677317606,true,0.9850746268656716
124,73.58064516129032,128.0,19,15.970040534526005,80,97,67,85,10.020398078225023,0.9022990564909261,43.79898987322333,91.20967741935483,0.8122755109675945,1.0,0.8265338393421885,0.7790913129005651,0.04744252644162339,true,0.96875
483,101.5031055900621,580.0,23,44.335591086467396,115,44,88,5,16.51169548471111,0.6065403879458363,112.9116882454314,22.15527950310559,0.4760791839226614,0.0,0.8539926115373688,0.5423041153220185,0.31168849621535033,true,0.8327586206896552
273,101.35164835164835,291.0,24,21.29123496500532,111,76,90,57,17.585888196894018,-1.1894339043136393,69.73401871576773,66.28205128205128,0.705477428350554,0.5860805860805861,0.8539682539682542,0.6328723770209841,0.22109587694727006,true,0.9381443298969072
1223,129.48323793949305,1467.0,25,44.38376662239173,151,82,107,38,40.35321854264964,-0.5806456925297121,179.6812408671319,63.49550286181521,0.4760261871498495,0.29517579721995096,0.8479919195805881,0.7052090517949225,0.1427828677856655,true,0.8336741649625086
403,123.6377171215881,420.0,26,29.854518642888387,136,116,109,96,18.04656477671768,1.1954788309685134,82.2842712474619,105.77915632754342,0.7479649650962448,1.0,0.8510777015520852,0.7809030125460149,0.07017468900607027,true,0.9595238095238096
1064,133.22086466165413,1154.0,28,48.48300484480698,156,351,113,309,30.440139332610922,0.7947345731446878,142.12489168102786,332.20112781954884,0.6619286799969778,1.0,0.7845090667846091,0.708108493170202,0.07640057361440711,false,0.9220103986135182
365,132.72054794520548,370.0,29,26.94225393150888,146,19,119,1,17.92945970826005,1.2988253563342438,75.35533905932738,8.394520547945206,0.8077457319567365,0.0,0.8482621541767393,0.2839136233364547,0.5643485308402847,true,0.9864864864864865
370,135.96486486486486,386.0,30,28.10164131981503,147,179,123,157,17.815386911137534,-0.9057456670277749,80.76955262170047,168.94594594594594,0.7127155484595178,1.0,0.8304398516163225,0.7387406732604546,0.09169917835586794,true,0.9585492227979274
448,147.99553571428572,472.0,32,29.494501213339117,162,124,135,102,20.039534130084647,1.3332895603744201,89.01219330881976,112.87723214285714,0.7105405587665433,1.0,0.8466999299719892,0.7723241590214072,0.07437577095058201,true,0.9491525423728814
108,153.85185185185185,109.0,34,14.032223700522804,159,54,149,40,10.142570301064664,-0.2309104443472346,40.21320343559643,47.03703703703704,0.839259522582393,0.0,0.8423747276688451,0.78764469643279,0.05473003123605513,true,0.9908256880733946
1840,187.9701086956522,2052.0,35,63.33909259039222,217,56,153,11,41.47463578083302,1.518202636851314,210.58073580374355,31.422826086956523,0.521423270526459,0.0,0.8536018755328217,0.41676342356205265,0.4368384519707691,true,0.8966861598440545
317,169.78233438485805,326.0,36,23.663069795259812,180,78,157,58,18.107569244029307,-1.3423239323295966,72.76955262170047,67.5615141955836,0.7522630255606496,0.0,0.8600482464279087,0.7670423309510721,0.09300591547683656,true,0.9723926380368099
146,166.24657534246575,152.0,37,17.508769278421507,174,381,158,371,10.959227206143069,-1.47303333182221,47.21320343559643,376.45205479452056,0.8230681245260317,1.0,0.8143432715551973,0.7519869832602527,0.06235628829494455,false,0.9605263157894737
501,187.77245508982037,572.0,39,31.02197421235059,205,90,174,63,23.940630801062223,1.034110733319049,102.74011537017762,78.74650698602794,0.5964410028370474,0.500998003992016,0.8802003835466323,0.7402227745558321,0.13997760899080025,true,0.8758741258741258
597,205.04857621440536,677.0,40,40.13651806158385,228,267,186,241,21.521413118126535,-1.1298002536903473,121.39696961966999,252.38023450586266,0.5090594496116427,1.0,0.7721680296909387,0.6231285493030462,0.1490394803878925,true,0.8818316100443131
1214,217.39703459637562,1343.0,41,57.26421336403861,245,400,191,368,29.259731554746725,1.255714219042292,161.1543289325507,386.60955518945633,0.5874144135044729,1.0,0.8480666731272414,0.7408562902626764,0.10721038286456497,false,0.9039463886820551
1534,211.8754889178618,1569.0,42,54.0046704098087,230,340,194,288,36.581929413094706,0.0508999301065486,157.88225099390857,314.40677966101697,0.7733366704667646,1.0,0.816964491141959,0.7475505890723421,0.06941390206961695,false,0.9776927979604844
910,221.48461538461538,1029.0,43,40.371796480145036,246,77,201,38,31.89013753962603,-1.3010082805191199,142.8528137423857,58.26923076923077,0.5603684277688991,0.0,0.8507649213531563,0.4161858008210605,0.4345791205320958,true,0.8843537414965986
1201,228.17235636969193,1284.0,44,57.151505303311765,258,219,203,184,28.5634560173262,1.2214208995603104,164.36753236814712,203.19733555370524,0.5586255574508304,1.0,0.8278656674993065,0.6828788833228345,0.14498678417647193,true,0.9353582554517134
154,236.92857142857142,158.0,46,17.08178141527089,245,238,229,224,11.722326820043609,0.9937426770148149,48.2842712474619,231.03246753246754,0.8300786100570767,0.9805194805194806,0.8164502164502163,0.5484174194022177,0.26803279704799865,true,0.9746835443037974
228,247.74561403508773,249.0,47,33.290003750139086,262,12,231,1,9.498393505543307,1.3846365126473652,77.24873734152916,5.078947368421052,0.4801334152909771,0.0,0.8652390780873753,0.7659808751086644,0.09925820297871091,true,0.9156626506024096
134,242.47014925373134,136.0,48,18.19792822180759,251,19,234,11,9.47202971650281,-1.5630015580491454,44.97056274847714,15.059701492537313,0.8326414328756186,0.0,0.8730172666081358,0.5626583376713519,0.31035892893678396,true,0.9852941176470589
214,252.16822429906543,219.0,50,20.673814361272672,262,186,242,173,13.44600272996109,1.5196548802301915,56.87005768508881,179.32242990654206,0.8314886010770005,0.9018691588785047,0.8409932197177937,0.7848755710677907,0.056117648650003016,true,0.9771689497716894
720,265.86805555555554,808.0,51,37.33434691017287,287,51,246,19,26.642930942107842,-1.4970844761453974,125.675144212722,32.666666666666664,0.5728535066864803,0.0,0.8549945533769067,0.5730597137301757,0.28193483964673094,true,0.8910891089108911
548,265.8138686131387,555.0,53,38.13921893187031,284,400,246,382,19.451484079024418,-1.4782165931379698,98.18376618407356,392.59671532846716,0.7143499991532902,1.0,0.8360956061256622,0.7244491826581381,0.11164642346752418,false,0.9873873873873874
4754,301.20424905342867,5687.0,55,94.63607389255588,337,208,257,123,74.8062481830833,0.27942383962228146,400.91883092036784,160.2763988220446,0.37166882171712345,0.18573832562053008,0.8558563686307509,0.4477614080367065,0.4080949605940444,true,0.8359416212414278
275,268.2909090909091,277.0,56,22.16287438065248,279,237,258,221,16.02293616928367,-1.3003367995298845,63.698484809834994,228.15636363636364,0.851695502669785,1.0,0.8446060606060608,0.529107101007734,0.31549895959832686,true,0.9927797833935018
566,277.25088339222617,631.0,61,31.2801169778249,292,73,263,43,26.047364903894643,0.33143996253315544,107.15432893255071,56.10424028268551,0.6194508505250531,0.0,0.8523938197187005,0.44704567493384617,0.40534814478485437,true,0.8969889064976229
128,274.5,139.0,64,17.372712689367752,279,186,269,170,9.946604825903195,0.08794453657378767,47.79898987322333,177.984375,0.7040157837748862,0.3125,0.843658088235294,0.7935772734290566,0.050080814806237384,true,0.920863309352518
111,289.92792792792795,111.0,65,13.43215875617947,296,43,283,33,10.654186706674132,1.4369996460590693,38.384776310850235,38.171171171171174,0.9467053134940507,0.0,0.8579402932344107,0.7762078994277135,0.08173239380669717,true,1.0
2995,340.881469115192,3285.0,66,79.94148070059602,377,49,296,1,51.24973194293792,1.3299563319105976,268.81727983645294,22.391652754590986,0.5208256043184092,0.0,0.8611961111656683,0.5605994905515077,0.3005966206141606,true,0.9117199391171994
176,309.40340909090907,194.0,67,18.358823656409946,319,249,300,235,14.48004037147184,-1.4814604268240659,64.52691193458118,240.17613636363637,0.5311788430825455,0.0,0.8278520499108732,0.26208800276040023,0.565764047150473,true,0.9072164948453608
2615,356.41606118546844,2845.0,69,91.52228887458338,397,344,308,301,40.310019225595276,1.4670987152155033,244.65180361560903,320.2791586998088,0.549015636329423,0.8684512428298279,0.8058291155850488,0.60003938447689,0.2057897311081588,true,0.9191564147627417
170,327.6588235294118,171.0,71,17.54121886565842,335,279,320,265,12.462862502055117,0.7498094079428013,48.627416997969526,271.8176470588235,0.9034339003383878,0.9411764705882353,0.7962860438292962,0.6074526538922825,0.1888333899370137,true,0.9941520467836257
364,331.3159340659341,418.0,72,27.079686296780924,344,374,322,347,19.386732635714598,-0.34307062984654696,98.66904755831213,361.6098901098901,0.46983933767977243,1.0,0.810795087265676,0.7155159291073179,0.09527915815835808,true,0.8708133971291866
115,341.6,116.0,73,14.44615350623402,348,284,335,273,10.311008235875677,1.043415999625383,40.384776310850235,278.82608695652175,0.886078789976698,0.9652173913043478,0.7776982097186701,0.7264821222606687,0.051216087458001436,true,0.9913793103448276
234,346.85470085470087,245.0,74,24.89843858480946,359,269,336,253,12.53065934637144,1.1886568040884735,67.35533905932738,261.1623931623932,0.6481591676007593,0.0,0.8478129713423832,0.20888690076791167,0.6389260705744715,true,0.9551020408163265
1372,365.6727405247813,1487.0,75,61.30688047765249,391,228,343,177,31.226047279555864,-0.8501712119173436,166.36753236814715,203.26020408163265,0.6229121835689309,0.0,0.8485994397759105,0.1693322490286437,0.6792671907472667,true,0.9226630800268998
564,371.33156028368796,602.0,76,36.11961235841658,387,295,356,267,20.715437474756392,0.8639271530810574,109.74011537017762,281.04432624113474,0.5885158219640968,0.03368794326241135,0.828862466972605,0.5455097341427673,0.28335273282983775,true,0.9368770764119602
1326,389.48265460030166,1398.0,77,73.13683355329411,400,71,371,1,26.73203445166464,-0.1997137804324368,184.08326112068522,43.55429864253394,0.49172783080109517,0.09502262443438914,0.876719013397214,0.24506634977223202,0.631652663624982,true,0.9484978540772532
205,381.09268292682924,205.0,78,22.603320812675225,390,20,375,1,11.983739283549292,-0.45885700571740184,58.42031021678297,9.2,0.7548071536351095,0.0,0.873342898134864,0.7209889173060527,0.15235398082881124,true,1.0
436,393.25688073394497,502.0,79,44.61244883986549,400,310,382,268,16.347808087514778,0.3105577586186157,117.35533905932736,284.24311926605503,0.3978236962946918,0.0,0.8619535887749596,0.16784121961743134,0.6941123691575283,true,0.8685258964143426
379,71.53034300791556,494.0,10,33.27694184877954,87,33,59,4,19.238060455404785,0.7169144413664402,102.32590180780451,19.691292875989447,0.45486017317193195,0.1741424802110818,0.039039784779347095,0.41681108920575244,-0.37777130442640533,false,0.7672064777327935
307,67.09771986970684,328.0,12,33.77860659396369,73,192,61,161,12.056785637807923,0.05693382946069145,80.18376618407356,175.9902280130293,0.6000332786451247,0.14006514657980457,0.05759724085073768,0.6774416594641315,-0.6198444186133938,false,0.9359756097560976
460,84.32391304347826,519.0,15,26.262637859817197,96,170,70,143,24.884991720845598,-0.6443419063093065,102.32590180780451,157.2608695652174,0.5520730334012894,0.1282608695652174,0.0501705029838022,0.46638195004029004,-0.4162114470564878,false,0.8863198458574181
2173,91.92130694891854,2609.0,16,79.41625995366329,118,139,72,57,39.07998226164838,-0.037830598091386614,245.6223663640862,94.53198343304187,0.45262002900698944,0.031293143120110445,0.04205444718154174,0.48353106263554024,-0.4414766154539985,false,0.8328861632809506
122,77.68852459016394,125.0,17,15.875921308295707,82,143,72,128,10.22153182144128,-0.1626525468278709,43.79898987322333,135.9262295081967,0.7991742930487624,0.12295081967213115,0.055609128897460613,0.6139124598494654,-0.5583033309520048,false,0.976
214,87.69158878504673,241.0,18,21.201558325659168,96,216,79,196,14.851831578726523,0.3435684578928471,69.35533905932736,207.35046728971963,0.5590669755153741,1.0,0.06305662451896646,0.5536600837315515,-0.4906034592125851,false,0.8879668049792531
456,99.03947368421052,505.0,20,42.81875149598611,114,59,87,22,15.042674359074399,0.5626212371963708,111.98275605729688,38.655701754385966,0.4569539153530768,0.12938596491228072,0.032843137254901955,0.44590026131608285,-0.4130571240611809,false,0.902970297029703
119,110.57142857142857,132.0,21,18.0331526880576,116,16,104,1,9.007930377154139,0.5209607102627762,48.04163056034261,7.579831932773109,0.6479199419502151,1.0,0.04531224254407645,0.34741683190129974,-0.3021045893572233,false,0.9015151515151515
169,114.59763313609467,177.0,22,18.846480652750724,123,160,105,147,11.991008821668023,-1.2360173680631896,52.8700576850888,153.66272189349112,0.7597610061493406,1.0,0.03777700429284139,0.5668832649338806,-0.5291062606410393,false,0.9548022598870056
126,114.37301587301587,127.0,25,14.269611741644589,122,350,108,338,11.639034325154915,1.229721612458722,43.21320343559643,343.76190476190476,0.8479055633615584,1.0,0.12732648615001554,0.5659853436324025,-0.438658857482387,false,0.9921259842519685
168,123.85119047619048,182.0,28,18.756980056138442,130,294,117,276,12.364020779310469,0.332179079718933,54.87005768508881,285.0,0.7012103410636048,0.20833333333333334,0.03790849673202614,0.44111321948134086,-0.40320472274931474,false,0.9230769230769231
932,137.543991416309,1071.0,29,44.675465467541116,160,334,118,297,29.022342434480677,-0.9240614053336774,152.19595949289334,315.77682403433477,0.5056145121213359,0.09656652360515021,0.07172010435075316,0.5379224030037548,-0.46620229865300167,false,0.8702147525676938
543,135.27255985267035,611.0,30,40.39919396757328,151,276,120,243,19.090846883823385,0.6684025709560457,117.05382386916237,259.91896869244937,0.4980104803665019,0.1731123388581952,0.06819773950095694,0.35191044215771605,-0.28371270265675913,false,0.8887070376432079
157,127.68152866242038,161.0,32,15.949639798086142,135,244,121,230,12.887760277547695,0.7380867998388202,50.04163056034262,236.88535031847132,0.7878555736476378,0.25477707006369427,0.05103034844511053,0.48075359175928434,-0.42972324331417383,false,0.9751552795031055
220,134.50454545454545,231.0,34,20.688037877774754,142,99,126,81,13.996344192367806,-0.6977559176478711,60.52691193458118,90.21818181818182,0.7546325102122199,0.08181818181818182,0.036310160427807485,0.4015647874817,-0.3652546270538925,false,0.9523809523809523
312,136.17307692307693,328.0,35,27.999966495491613,145,235,128,207,14.55592614873864,0.3168560801560099,77.59797974644667,220.62820512820514,0.6511238881304902,0.11538461538461539,0.08315736551030668,0.37655643693554475,-0.2933990714252381,false,0.9512195121951219
380,146.21052631578948,450.0,36,29.356760315515814,160,82,134,56,20.012893709708273,-0.8467908023016911,100.91168824543142,67.28421052631579,0.468932698233128,0.10526315789473684,0.04760577915376676,0.407130443941229,-0.35952466478746226,false,0.8444444444444444
142,155.40845070422534,142.0,37,15.398398494220306,163,303,148,292,11.790752189889929,1.2107683415827761,43.79898987322333,297.8098591549296,0.9301864722370841,0.1619718309859155,0.040955537144435235,0.5107185155941572,-0.4697629784497219,false,1.0
1121,175.22301516503123,1341.0,38,47.47730059015703,200,53,149,15,34.10183226767904,1.4399600392638683,198.89444430272832,35.96164139161463,0.3560985229095861,0.07136485280999108,0.028874779171258146,0.4698323980036202,-0.44095761883236206,false,0.8359433258762118
154,169.23376623376623,160.0,41,19.820868197624232,177,257,162,240,10.373921980649289,-0.5652822565776091,53.112698372208094,248.05194805194805,0.68601538021246,0.16883116883116883,0.03600713012477718,0.45152714932126703,-0.41552001919648984,false,0.9625
634,180.51104100946372,764.0,42,39.705376389257104,198,242,163,210,24.679627574837095,0.933212183828361,133.05382386916236,226.96056782334384,0.4500330417520247,0.09936908517350158,0.043421785117832616,0.4005086834733893,-0.3570868983555567,false,0.8298429319371727
588,191.68197278911563,634.0,45,32.486965880443414,206,112,180,82,24.20554672360282,0.3974805369089543,104.66904755831213,98.38095238095238,0.6744513767067503,0.06802721088435375,0.03619447779111644,0.4493038851228222,-0.41310940733170576,false,0.9274447949526814
121,187.39669421487602,123.0,46,13.35223578357953,194,276,181,263,11.825872500956399,-0.6814860230861102,42.04163056034262,270.02479338842977,0.860272680364181,0.17355371900826447,0.04077134986225895,0.5485181428893398,-0.5077467930270808,false,0.983739837398374
180,193.38888888888889,188.0,49,17.608680739260375,200,187,187,170,13.398306218936067,-0.12054438724485331,52.2842712474619,178.83333333333334,0.8274471243107702,1.0,0.04041394335511982,0.4479358339230951,-0.4075218905679753,false,0.9574468085106383
137,200.37226277372264,157.0,51,19.15958362254383,208,273,193,257,10.92871730278492,0.6137250363458501,57.11269837220809,264.6788321167883,0.5277947575078593,0.06569343065693431,0.0910261914984972,0.40750819900914087,-0.3164820075106437,false,0.8726114649681529
200,204.66,211.0,52,17.076540989533285,214,124,195,107,15.644697115405894,-1.4258202612181128,58.49137802864845,115.46,0.7346088450881667,0.0,0.027941176470588226,0.33225438323477535,-0.3043132067641871,false,0.9478672985781991
263,217.2281368821293,278.0,58,19.153659103138963,226,116,208,97,17.878349992323862,0.7469160496137344,64.94112549695427,106.0,0.7836569512478967,0.057034220532319393,0.04482218743010511,0.5819046075730567,-0.5370824201429516,false,0.9460431654676259
551,227.7912885662432,591.0,60,40.78472749859295,242,105,214,69,17.69145507402751,0.5266309921077724,111.39696961966999,88.08892921960073,0.5579749596805311,0.11070780399274047,0.050916337496886226,0.4493198643375515,-0.39840352684066527,false,0.9323181049069373
508,232.44094488188978,549.0,62,36.08235063672337,251,343,216,319,19.43291264007509,1.1082592901101183,107.1543289325507,331.25,0.5559735548882103,0.08267716535433071,0.06809479697390768,0.40053368912608395,-0.33243889215217626,false,0.9253187613843351
107,228.6728971962617,109.0,64,14.61272023182157,233,297,224,283,9.444621387014012,0.035041897368219735,39.79898987322333,289.8317757009346,0.8488863352582925,0.1588785046728972,0.07077148616455928,0.449038779956427,-0.37826729379186774,false,0.981651376146789
189,244.53439153439155,207.0,68,23.194837914432128,252,368,236,349,10.910791790568984,0.6032450254901486,62.11269837220809,358.37566137566137,0.6156173833651964,0.10582010582010581,0.04651934848013279,0.4707425827473847,-0.4242232342672519,false,0.9130434782608695
432,252.05787037037038,471.0,69,32.222266015070694,262,33,242,2,17.894881199057135,0.1354321759749702,91.29036790187178,17.493055555555557,0.6513939134420572,0.125,0.06060275962236745,0.5054529563763489,-0.44485019675398146,false,0.9171974522292994
434,261.463133640553,463.0,70,29.89275653429729,274,60,250,29,19.799548515385247,0.2231539708986157,92.08326112068524,43.00921658986175,0.6431884111065719,0.1497695852534562,0.04301978856058552,0.4916998588458904,-0.4486800702853049,false,0.937365010799136
641,267.73634945397816,842.0,73,42.988917610341,283,398,252,358,26.15592609052837,0.22536180430578248,142.95331880577405,378.0015600624025,0.39416622562482556,0.0078003120124804995,0.057269584901043134,0.45227958316193617,-0.39500999826089306,false,0.7612826603325415
268,264.1641791044776,274.0,74,22.857827010887448,272,267,256,245,15.223135278388694,-0.423125628418386,64.8700576850888,255.59701492537314,0.800306031209471,0.022388059701492536,0.06673983026046237,0.44242059396858174,-0.37568076370811937,false,0.9781021897810219
209,270.0574162679426,227.0,76,20.62565760602847,278,246,260,228,14.032988887159439,-0.7768998396114645,63.35533905932738,237.76076555023923,0.654319270787907,0.09090909090909091,0.06743596960315225,0.47593683976426115,-0.4085008701611089,false,0.920704845814978
1513,293.00991407799074,1947.0,77,63.196777667712446,326,371,261,326,33.79265449279619,1.3022765718803369,232.45079348883237,346.7428949107733,0.3518736338147819,0.00991407799074686,0.05067195417492839,0.39265779304422505,-0.3419858388692967,false,0.7770929635336415
146,272.6986301369863,153.0,78,16.786268957262827,281,280,264,267,11.984638936619703,-1.175989903542584,49.698484809834994,272.6917808219178,0.7428077447352274,0.03424657534246575,0.07096427612140746,0.5183272452449931,-0.44736296912358564,false,0.954248366013072
144,294.7708333333333,151.0,79,16.80336111198971,302,328,287,317,11.494684215610938,1.4496717063425202,49.21320343559642,322.27777777777777,0.7471522095685009,0.16666666666666666,0.05324074074074074,0.5189027665860866,-0.46566202584534583,false,0.9536423841059603
242,307.35537190082647,272.0,82,22.17612131082202,316,390,298,370,15.101088693384224,0.39907888683809156,69.35533905932738,380.3347107438017,0.632215925582806,0.008264462809917356,0.07269486306919462,0.2842408037595203,-0.2115459406903257,false,0.8897058823529411
124,309.18548387096774,129.0,83,16.125387846052753,316,284,303,270,10.187624044487226,-0.6178936789713512,44.8700576850888,276.9032258064516,0.7739596035042184,0.08064516129032258,0.038994307400379506,0.3964284607998018,-0.3574341533994223,false,0.9612403100775194
117,322.44444444444446,123.0,86,14.70637261676703,328,185,315,172,10.833840688094982,-0.8926599645620354,44.8700576850888,179.02564102564102,0.7302683355644642,0.10256410256410256,0.07544829897771073,0.38769476338176345,-0.31224646440405274,false,0.9512195121951219
315,325.52698412698413,354.0,87,27.162989511041076,336,338,316,313,16.74969997638045,0.4002985040578181,87.25483399593904,324.4222222222222,0.519925866896452,0.05714285714285714,0.09191409897292249,0.4330414856129883,-0.3411273866400658,false,0.8898305084745762
353,325.8328611898017,385.0,88,27.100692167357987,336,400,317,376,18.09986410368934,0.15479012783621424,81.35533905932738,388.8186968838527,0.6702123874963736,0.0169971671388102,0.048680775426317824,0.32466407882950127,-0.27598330340318344,false,0.9168831168831169
329,341.41033434650456,364.0,89,31.901213475055982,356,378,326,360,14.476731039018654,-1.213681116425704,88.66904755831213,369.7355623100304,0.5258497538611252,0.0,0.04139698432564515,0.3681123945026644,-0.32671541017701927,false,0.9038461538461539
113,335.6814159292035,121.0,91,17.579651261071504,342,314,330,299,8.829816015787033,-0.5690946703231307,45.45584412271571,305.8938053097345,0.6872406711858088,0.10619469026548672,0.05677598473017523,0.48310435285225206,-0.42632836812207686,false,0.9338842975206612
1765,359.15184135977336,2237.0,92,64.52959350523486,387,196,339,124,42.0188330639695,0.19183026170993167,246.5512985522207,160.5671388101983,0.364871536275591,0.031161473087818695,0.050782647336555006,0.4189647468998806,-0.3681820995633256,false,0.7890031291908807
229,361.7772925764192,245.0,98,21.09684820023212,370,69,352,50,14.555997343956136,-0.7567140892007318,64.76955262170047,60.17467248908297,0.6859675185356415,0.017467248908296942,0.051459885264149324,0.47190113308787845,-0.42044124782372916,false,0.9346938775510204
189,363.7883597883598,194.0,99,17.76351546576297,374,383,355,369,13.813211827981597,1.2968872650553516,53.2842712474619,376.86772486772486,0.8365147580264285,0.0,0.040170142130926435,0.2935637254901961,-0.25339358335926965,false,0.9742268041237113
110,364.4727272727273,111.0,101,13.752689097423582,371,97,358,88,10.347838299163717,-1.499100320514193,38.72792206135785,92.56363636363636,0.9216248111480032,0.0,0.07557932263814615,0.504230632821604,-0.4286513101834578,false,0.990990990990991
289,368.74048442906576,326.0,102,22.29645383977536,381,117,359,98,18.987473787362124,1.4855018207506117,77.59797974644667,106.97923875432527,0.6031243707362552,0.0,0.06859352737634845,0.30180457927405757,-0.23321105189770913,false,0.8865030674846626
141,372.9503546099291,151.0,105,14.890056209245504,380,324,365,310,13.42808580161967,-0.8492152362186174,51.112698372208094,316.72340425531917,0.6782211961780642,0.0,0.05039632874426367,0.3475240206947524,-0.2971276919504887,false,0.9337748344370861
192,380.6145833333333,198.0,109,20.478156134742008,390,92,371,79,12.25663014177386,-1.3213767782663537,57.45584412271572,85.61458333333333,0.7308742709481014,0.0,0.05120506535947711,0.5076033674339301,-0.456398302074453,false,0.9696969696969697
159,383.9685534591195,168.0,110,23.75977886319702,394,122,373,109,8.963812282821682,-1.1779456621683153,58.52691193458118,115.47169811320755,0.5833050930259582,0.0,0.046491552595881114,0.42150398620986834,-0.37501243361398723,false,0.9464285714285714
531,386.1186440677966,583.0,113,33.54724194755969,398,155,375,123,21.507670178102064,-0.05381926321361095,103.66904755831213,139.07344632768363,0.6208778521015312,0.05273069679849341,0.07217606439939439,0.4100794696697416,-0.33790340527034723,false,0.9108061749571184
135,388.837037037037,139.0,114,17.208686009379104,396,398,382,383,10.566995797246364,0.7918276518422087,47.698484809834994,390.6,0.7456490443662257,0.022222222222222223,0.09013798111837328,0.23620365793376172,-0.14606567681538846,false,0.9712230215827338
185,7.410810810810811,197.0,1,25.15793646606749,15,171,1,148,9.983449439856923,-0.4691406776171273,63.834523779156065,160.03243243243244,0.5705193081042886,0.0,0.7743720190779017,0.6623434580090931,0.11202856106880854,false,0.9390862944162437
467,9.890792291220556,529.0,2,41.841862198536035,19,356,1,315,15.258560310294055,0.210476985173139,110.91168824543142,335.19700214132763,0.4770590210532465,0.0,0.8687911995633374,0.8220888355342141,0.04670236402912331,false,0.8827977315689981
193,5.217616580310881,209.0,3,26.127760960234255,12,374,1,350,10.411472830379264,0.21151103292831372,65.45584412271572,362.8134715025907,0.5660702319932777,0.0,0.8727014121710859,0.7729231166150672,0.09977829555601869,false,0.9234449760765551
120,22.433333333333334,122.0,5,20.188725658748798,32,400,13,392,7.71065789441257,1.3571102706305453,47.79898987322333,396.575,0.6600147972889557,0.0,0.863986928104575,0.8207394957983198,0.04324743230625516,false,0.9836065573770492
916,29.782751091703055,1084.0,6,46.26418554448946,49,151,16,104,28.07581660236042,-0.07143740610873761,156.8528137423857,127.82860262008734,0.4678651641164601,0.0,0.74369380940149,0.553947617694421,0.18974619170706897,false,0.8450184501845018
168,26.636904761904763,174.0,9,20.536664451074504,34,363,19,346,10.697338685267882,0.7050579096398087,53.45584412271571,353.79761904761904,0.73880318999302,0.0,0.8715919701213816,0.8432371096586786,0.02835486046270297,true,0.9655172413793104
133,27.466165413533833,144.0,10,18.753614042563473,33,384,21,368,9.9052820390509,0.34082261470086395,49.45584412271571,376.01503759398497,0.6833233592094434,0.0,0.8709420610349402,0.8331355596993841,0.037806501335556075,false,0.9236111111111112
135,35.48148148148148,135.0,14,15.622674027341542,42,341,28,329,11.081456042976034,1.0033181307563366,43.21320343559643,334.5111111111111,0.9084702464588125,0.0,0.8662890341321712,0.8347675465946097,0.031521487537561454,false,1.0
543,43.38305709023941,586.0,15,34.23277370483542,56,98,31,64,20.982611233979828,0.32653640186325844,101.74011537017762,81.353591160221,0.6592122088667213,1.0,0.7425847687141158,0.6447853903969193,0.09779937831719654,false,0.9266211604095563
233,43.20600858369099,251.0,16,19.02307168625123,53,166,34,147,16.679079946647164,-0.9750398886565628,65.11269837220809,156.0214592274678,0.6906124414185774,0.0,0.7583101910292012,0.5718207282913166,0.18648946273788458,false,0.9282868525896414
107,40.7196261682243,110.0,18,14.78105121897807,46,63,35,50,9.515783437785638,0.3737310206695401,40.384776310850235,56.626168224299064,0.824438526326145,1.0,0.7365218984790178,0.7020226537216832,0.03449924475733468,false,0.9727272727272728
1228,65.00895765472313,1302.0,19,54.77556470896069,92,400,35,369,29.632012192153837,-1.4982859705089686,160.36753236814712,387.1490228013029,0.6000332786451247,0.2695439739413681,0.8632273104681616,0.8363205376047131,0.026906772863448447,false,0.9431643625192012
661,52.27987897125567,727.0,20,36.29926122022681,65,339,37,304,24.614090220239337,-0.33715634245396037,123.05382386916237,322.15582450832073,0.5485561593523591,0.0,0.85907270623832,0.835942459647464,0.02313024659085594,false,0.9092159559834938
137,43.75182481751825,140.0,21,15.93626081423718,50,302,38,288,11.22702249093471,0.25982351337909537,45.21320343559642,295.2043795620438,0.8421702075956845,0.0,0.8526406182911118,0.8048659463785517,0.04777467191256013,false,0.9785714285714285
6040,102.70811258278145,7972.0,22,116.75237995597001,165,313,39,216,81.9998759047492,-1.300785624720922,521.2569260369921,256.62135761589406,0.2793464299866287,0.15033112582781458,0.8484547461368652,0.7606167994767685,0.0878379466600967,false,0.7576517812343201
190,55.42631578947368,190.0,25,19.48114568538853,62,234,50,215,12.534878935653204,-0.1389081072102263,52.21320343559643,224.66842105263157,0.8757956553215459,0.0,0.8392363261093909,0.6051027015826148,0.2341336245267761,false,1.0
109,58.678899082568805,110.0,27,14.168856407183615,65,304,52,292,10.160814998051215,0.9514049370618681,40.62741699796952,297.48623853211006,0.8298468284723238,0.0,0.8562691131498469,0.7815333540823736,0.07473575906747332,false,0.990909090909091
1210,79.07355371900826,1451.0,28,44.73529440454761,104,117,53,72,38.128683355693404,1.2733647057146613,169.095454429505,95.46694214876032,0.5317792264729829,1.0,0.744935990925296,0.6490237850572698,0.09591220586802629,false,0.833907649896623
249,70.70682730923694,275.0,30,21.68330548397016,78,320,63,299,15.45393536582732,-0.06437217209249273,68.73401871576773,309.2449799196787,0.6623167484292102,0.0,0.8593117568312464,0.8307064651763043,0.028605291654942078,false,0.9054545454545454
863,110.6268829663963,942.0,32,51.14958883038003,141,400,85,375,25.164726316571887,1.4928956803960858,155.53300858899104,391.15063731170335,0.4483069934988359,0.8551564310544612,0.8722831890577782,0.8326852079744036,0.039597981083374645,false,0.916135881104034
206,95.75242718446601,208.0,34,17.92465526576054,104,380,88,363,14.781979003871786,-0.302033773048762,54.284271247461895,371.66990291262135,0.878474299908894,0.07766990291262135,0.8510946126023224,0.8317228007630488,0.01937181183927361,false,0.9903846153846154
310,149.17741935483872,365.0,39,27.69231272124552,161,387,135,371,15.757216252103333,1.4102510662002539,83.01219330881976,378.9548387096774,0.5653114480432301,0.08709677419354839,0.8664389626818472,0.831825366312102,0.03461359636974515,false,0.8493150684931506
103,155.49514563106797,103.0,41,15.150534399619035,162,400,148,392,8.864200013351045,-1.3032764544896187,38.72792206135785,396.4854368932039,0.8629759595294938,1.0,0.8715400723396152,0.8339162692103866,0.03762380312922853,false,1.0
115,173.22608695652173,120.0,43,17.82374785426594,180,90,166,76,8.633564493765252,0.7352836100288803,44.87005768508881,82.79130434782608,0.7177851161531056,1.0,0.8196419437340151,0.7287381970701876,0.0909037466638275,false,0.9583333333333334
210,177.03333333333333,224.0,44,23.057391524208324,184,398,170,377,12.224181731382279,0.4838253969904189,65.11269837220809,387.3285714285714,0.6224403978450698,0.9333333333333333,0.8668347338935576,0.820182072829132,0.04665266106442556,false,0.9375
157,187.72611464968153,175.0,45,20.973133526171786,197,99,178,88,10.772195785536333,1.4294936393948816,56.2842712474619,94.28025477707007,0.6227810964278127,1.0,0.82670163606844,0.7440100805212371,0.08269155554720298,false,0.8971428571428571
240,189.62916666666666,253.0,46,22.599387093807724,200,199,179,183,14.191955181479603,-1.1794694811381,63.112698372208094,190.7875,0.757159905271976,1.0,0.8370098039215687,0.7773498189084551,0.05965998501311354,false,0.9486166007905138
239,200.79497907949792,276.0,47,26.247831986087633,213,116,188,102,13.51690216703285,-1.5536731155746206,73.84062043356595,109.94979079497908,0.5508293726890776,1.0,0.8398884239888426,0.7771555914509211,0.0627328325379215,false,0.8659420289855072
122,197.54098360655738,134.0,48,16.197869080343878,205,390,189,378,10.697894510497514,1.5091321550790204,50.526911934581186,384.0245901639344,0.6005154458407738,0.06557377049180328,0.8555126968820312,0.7932477547373866,0.06226494214464462,false,0.9104477611940298
2516,234.7452305246423,2857.0,50,82.74796557966852,267,65,195,1,44.261726212984115,0.8136680541527126,272.5512985522207,25.539348171701114,0.4256219231509822,1.0,0.8441706412294652,0.7655886654357998,0.07858197579366533,false,0.88064403220161
193,229.61139896373058,209.0,54,21.626449435326887,238,381,220,363,12.248256671127967,0.7953706047762286,65.94112549695427,371.3419689119171,0.557769114166731,1.0,0.8710962105049274,0.8357421976762365,0.035354012828690884,false,0.9234449760765551
201,236.4278606965174,201.0,56,18.776944925718873,245,353,228,341,13.761355488689476,-1.5696630701437917,52.14213562373095,346.7363184079602,0.9290269051957527,1.0,0.8764803433811332,0.820566327089495,0.05591401629163828,false,1.0
17907,329.0891271569777,20792.0,58,184.37754561444262,400,303,235,136,135.14551190327387,0.856826552044986,893.4062043356594,218.4168202378958,0.28192576616460047,1.0,0.8735808211708208,0.826957117011393,0.04662370415942785,false,0.8612447095036553
169,245.47337278106508,175.0,59,17.879148437589574,254,161,237,148,12.496948903636975,-1.2178605629040313,52.04163056034262,154.97633136094674,0.7841421117511733,1.0,0.8570831883049074,0.8239311002178652,0.033152088087042175,false,0.9657142857142857
378,255.67195767195767,430.0,63,35.32027525955238,269,359,244,331,14.290377639614844,-0.7634292861332347,89.84062043356595,345.4179894179894,0.5885131602375899,1.0,0.8751219006120972,0.8126814737694491,0.062440426842648056,false,0.8790697674418605
601,13.643926788685524,640.0,1,35.5103530940991,33,31,1,2,23.873293436895363,-1.1145854875230132,106.5685424949238,15.336106489184692,0.6650071026109571,1.0,0.7258556001435518,0.6935258610486449,0.032329739094906884,false,0.9390625
390,8.671794871794871,405.0,2,26.998203233951944,21,74,1,47,20.533248973164945,0.3750575888993764,85.94112549695429,61.94615384615385,0.6635480803844633,1.0,0.7332931121166413,0.7037296300477965,0.029563482068844738,false,0.9629629629629629
169,10.384615384615385,171.0,3,17.018766326336955,19,91,2,78,12.82069989994523,-1.2258337801301828,50.2842712474619,84.4319526627219,0.839909024814074,1.0,0.7302703329852651,0.658060534657354,0.07220979832791108,false,0.9883040935672515
229,32.45414847161572,235.0,6,22.581362141232372,43,51,23,31,13.228857141012675,-0.8111331775932493,62.76955262170047,40.80349344978166,0.7303773215364272,1.0,0.7318263549961469,0.6976344086021508,0.03419194639399614,false,0.9744680851063829
421,46.63657957244656,441.0,8,26.47486942119376,61,22,33,1,21.805060412492036,-1.4248147361845642,87.39087296526012,9.413301662707838,0.6927233144705223,1.0,0.7194168878953003,0.6932032005627363,0.026213687332564017,false,0.9546485260770975
643,53.396578538102645,849.0,9,53.1158168537982,72,229,34,186,18.846830076372417,0.6892545853394669,152.0243866176395,208.66407465007777,0.3496184292668926,1.0,0.7258561278321596,0.6053375951607638,0.12051853267139578,false,0.7573616018845701
1296,68.50925925925925,1515.0,11,48.86269334112981,89,50,39,6,38.662485121475875,-1.223120905508906,182.99494936611663,30.03395061728395,0.48633626898265686,1.0,0.7324285887194387,0.6529157530110913,0.07951283570834744,false,0.8554455445544554
917,59.528898582333696,1046.0,12,44.53284016691059,78,277,39,233,29.8877041188689,-0.679071234537379,148.95331880577405,254.99563794983644,0.5193723574753449,1.0,0.7366989543909167,0.6540853361660695,0.08261361822484725,false,0.8766730401529637
1990,103.84974874371859,2216.0,15,72.24679074790265,143,392,72,350,37.931099353530044,1.3858886687990788,220.0660171779821,370.7547738693467,0.5163652091651512,0.928643216080402,0.7469642329293527,0.574992632891307,0.17197160003804568,true,0.898014440433213
156,82.50641025641026,156.0,16,16.51151860589154,89,259,76,244,12.059009928438893,-0.5805723021007533,46.04163056034262,251.3397435897436,0.9247685910841034,0.4230769230769231,0.7078431372549019,0.6385898503545568,0.06925328690034505,false,1.0
297,90.36026936026936,307.0,17,25.016221381577992,101,58,78,38,15.709033477713438,-0.9633481356004964,71.59797974644667,49.06060606060606,0.7280559861417423,1.0,0.7288307915758895,0.6412943319404265,0.08753645963546297,false,0.9674267100977199
284,104.23239436619718,325.0,18,24.863020295287452,117,351,91,332,16.194036118498463,1.4997316172467332,77.59797974644665,342.6901408450704,0.5926896930418566,0.8204225352112676,0.7344794255730459,0.654835654068391,0.07964377150465496,false,0.8738461538461538
305,132.94098360655738,329.0,22,21.805870117345613,143,363,121,344,19.462324699581387,-1.474044016202248,74.76955262170047,353.5409836065574,0.6855831564365351,0.5934426229508196,0.7544198007071683,0.6742502883506344,0.08016951235653391,true,0.9270516717325228
999,153.6966966966967,1095.0,23,54.77298159549992,184,400,122,375,26.81756130023433,-1.523646533121277,164.53300858899107,390.53853853853855,0.4637343581134236,0.9479479479479479,0.7694989106753812,0.6943909685086158,0.07510794216676542,false,0.9123287671232877
206,132.0728155339806,235.0,24,21.7959875979462,140,324,123,304,14.630647958491698,0.7692345522319189,69.94112549695429,313.70873786407765,0.5291902706659598,0.0,0.7168094422234913,0.6150388616323573,0.10177058059113397,true,0.8765957446808511
3087,162.04697116942015,3437.0,25,82.18957981570695,203,287,125,219,50.78382594108699,-1.0836883287297123,288.4629867976521,252.89407191448007,0.4661935940244254,0.5105280207321024,0.7348209124919812,0.6301009453993336,0.10471996709264764,true,0.8981670061099797
742,150.20619946091645,837.0,27,38.16155424903179,166,187,132,150,27.31511099970636,-0.6448210911774472,136.36753236814712,169.54851752021563,0.5014086312879746,0.7574123989218329,0.706733259341473,0.5290040175091444,0.17772924183232863,false,0.8864994026284349
116,141.73275862068965,116.0,28,13.265423933859191,148,230,136,220,11.141453052939632,1.2889279321188178,38.14213562373095,225.20689655172413,1.00197720430288,0.0,0.699290060851927,0.6077195348053265,0.09157052604660054,true,1.0
366,164.89890710382514,393.0,31,25.85192860281776,176,350,151,329,19.428317139818176,1.4591364025518265,86.01219330881975,337.6693989071038,0.6216857385828733,0.0,0.7425265188042427,0.6622446895424839,0.08028182926175875,true,0.9312977099236641
243,164.5679012345679,265.0,32,23.077922320839903,174,330,155,310,14.696993562066144,-0.8670822582542073,70.18376618407356,320.73251028806584,0.6199302071512883,0.0,0.7388848543532639,0.6520024047354794,0.08688244961778446,true,0.9169811320754717
344,187.0,354.0,37,22.203537775307275,198,381,175,359,20.83381060155683,-0.3487172288227135,76.42640687119285,368.8168604651163,0.7400846940503492,0.0,0.7773483812129504,0.6837632213768791,0.0935851598360713,true,0.9717514124293786
250,194.156,264.0,39,20.46464517044253,203,184,187,165,16.187927169587937,-0.40282571049979865,65.11269837220809,174.136,0.7410004736250829,0.0,0.6879843137254901,0.6025502919264318,0.08543402179905824,false,0.946969696969697
862,211.70069605568446,995.0,42,41.80098764056639,227,365,195,323,28.680709287531457,0.13361160940188227,150.95331880577405,345.77378190255223,0.47537003059437427,0.37935034802784223,0.7906237204858743,0.7006957621758384,0.08992795831003586,true,0.8663316582914573
119,206.7310924369748,122.0,46,14.944279876328235,213,265,200,253,10.40778138148905,0.8417010044320448,41.79898987322333,259.43697478991595,0.8559043866037462,0.0,0.7495139232163455,0.6709125755565385,0.07860134765980697,true,0.9754098360655737
1140,222.2561403508772,1272.0,47,44.02693678191922,247,400,202,366,35.66693113253273,-1.4248663221655538,158.67514421272202,382.8675438596491,0.5689798834274373,1.0,0.8071585827313387,0.718225210084034,0.08893337264730472,true,0.8962264150943396
114,226.8859649122807,115.0,52,16.40948835536023,232,189,221,175,9.079612994208086,0.4578960777842443,41.798989873223334,181.52631578947367,0.8199420174187146,0.0,0.7060887512899897,0.6107496675843213,0.09533908370566846,true,0.991304347826087
148,233.91216216216216,149.0,55,15.741841808034211,241,282,227,268,12.147623627982366,0.8516710402937067,46.04163056034261,275.19594594594594,0.8773445607720984,0.0,0.7492050874403814,0.6726894769369066,0.07651561050347477,true,0.9932885906040269
527,244.14990512333966,546.0,57,36.24751650117618,262,328,229,306,19.162757514397732,1.210340574630027,96.18376618407358,318.20493358633775,0.7158415825080298,0.4629981024667932,0.7806600439037099,0.7063310509388944,0.07432899296481554,true,0.9652014652014652
141,237.39007092198582,144.0,59,17.13804009721638,243,112,231,97,10.65352907358741,0.5002357416887245,45.45584412271571,103.99290780141844,0.8575303950194605,0.0,0.7028507857043528,0.4011902177845309,0.3016605679198219,true,0.9791666666666666
124,236.83064516129033,126.0,60,14.116098238775956,242,220,231,207,11.426554840757344,0.2900732567854806,42.384776310850235,212.75806451612902,0.8673847019497959,0.0,0.7403225806451613,0.6147603485838783,0.12556223206128303,true,0.9841269841269841
291,242.87972508591065,318.0,61,27.82365448443261,251,374,234,348,14.21768596941085,-0.2442324817934485,77.97665940288702,360.65635738831617,0.6014140943349102,1.0,0.8142712755205177,0.7340812360075777,0.08019003951294001,false,0.9150943396226415
213,255.24413145539907,249.0,67,26.64622626522496,265,98,247,77,11.796058693646895,0.4641339102461017,70.76955262170047,88.49765258215963,0.5344370611049263,0.023474178403755867,0.6685261898186505,0.33317076648841354,0.335355423330237,false,0.8554216867469879
244,264.9344262295082,251.0,71,20.15773152014861,274,210,255,192,15.944463755811862,-0.7526890181447129,62.526911934581186,200.54098360655738,0.7842702293135422,0.0,0.744535519125683,0.6518059855521156,0.0927295335735675,true,0.9721115537848606
1191,274.7649034424853,1288.0,72,48.47959411916866,294,274,259,226,34.07417834918972,-0.21589908993502754,160.71067811865473,249.93366918555836,0.5794716031025122,0.0,0.7638893004724985,0.6377723970944311,0.12611690337806736,true,0.9246894409937888
107,264.66355140186914,107.0,73,12.819410872401686,271,191,260,179,10.904769287182267,0.5487448541878434,37.798989873223334,185.5607476635514,0.9410945396339657,0.0,0.7453179402602162,0.5615257352941174,0.18379220496609883,true,1.0
352,272.48295454545456,378.0,74,23.66227558899901,284,296,262,273,19.972478975570382,0.28609695914831523,79.52691193458118,283.32954545454544,0.699397844708065,0.20454545454545456,0.7663435828877007,0.6194148352853446,0.14692874760235608,true,0.9312169312169312
2161,306.84359093012495,2311.0,77,73.7135911183472,341,314,273,256,38.77735591439178,-0.8768868713774496,219.1370849898476,284.4141601110597,0.5655003399870101,0.997686256362795,0.8177332571158963,0.7538206019763176,0.06391265513957867,true,0.9350930333189096
2356,304.3000848896435,2533.0,78,69.1740383827055,326,251,278,180,46.072811625718586,0.274898803097814,220.16652224137044,210.80517826825127,0.6107768747885033,0.5725806451612904,0.7644745164619332,0.548283783898341,0.21619073256359223,true,0.9301223845242795
617,297.3095623987034,681.0,79,35.13685041414296,309,398,282,362,24.13243461495753,0.05048933603176606,109.05382386916237,378.7763371150729,0.6519484114310086,1.0,0.8134553659389209,0.7291193249916106,0.08433604094731029,true,0.9060205580029369
163,297.3496932515337,171.0,81,18.412391559034713,306,327,289,314,11.58855200260801,1.1110322342329724,51.45584412271572,320.1165644171779,0.7736206508920243,1.0,0.8162877420907012,0.7739512083903333,0.04233653370036794,true,0.9532163742690059
329,319.44072948328267,373.0,84,34.238645284563354,336,103,303,87,13.934381729084716,1.4176544007904914,91.25483399593904,94.57142857142857,0.49647113458567455,0.0,0.6781333810119791,0.4384495451682517,0.23968383584372738,false,0.8820375335120644
475,326.5515789473684,509.0,88,27.517685849053947,339,353,314,326,24.5729317866857,0.3506378341205875,99.01219330881976,340.97684210526313,0.6088721524732638,1.0,0.8013292053663574,0.7288368582486233,0.07249234711773411,true,0.9332023575638507
183,336.879781420765,207.0,92,20.111716484909305,347,374,327,360,12.259152241776423,-1.4304418520484572,57.76955262170047,367.9672131147541,0.6890693696070546,1.0,0.8311796849887494,0.738172602374283,0.09300708261446644,false,0.8840579710144928
396,354.6161616161616,426.0,96,32.60280498174201,367,366,341,341,16.330970978089947,-0.9318650374447464,88.66904755831213,354.42929292929296,0.632937697656552,1.0,0.8473856209150331,0.730988221059749,0.11639739985528408,false,0.9295774647887324
354,353.43220338983053,366.0,97,23.942146723449895,365,262,342,242,19.23253335320428,-1.3026654626543244,74.42640687119285,251.55084745762713,0.8030803885616403,1.0,0.8200398803589234,0.6821238358772953,0.1379160444816281,true,0.9672131147540983
116,373.12068965517244,116.0,103,14.810217731705803,379,223,367,211,10.020247995101883,-0.6793320004935743,39.79898987322333,217.0344827586207,0.9202879896258125,1.0,0.798918187964841,0.5958979407662648,0.20302024719857625,true,1.0
175,394.64,192.0,106,17.353350397280725,400,342,386,324,14.938390119987893,-0.5240335294030469,56.83452377915607,332.81714285714287,0.6808061370461397,1.0,0.8335910364145658,0.7485039854301191,0.08508705098444669,false,0.9114583333333334
10835,45.06229810798339,15650.0,1,209.9114632776403,102,182,1,1,98.7313857863958,0.10950567856130221,842.6122650963194,83.952468850946,0.19177112976994132,1.0,0.8521244695386233,0.8349928957090086,0.01713157382961472,false,0.692332268370607
180,8.994444444444444,234.0,2,19.120812351064423,19,166,1,147,17.675370790063962,-0.6275426891079617,73.35533905932738,157.61111111111111,0.42035760746107775,1.0,0.852701525054466,0.8384739322085427,0.014227592845923231,false,0.7692307692307693
23351,118.21857736285384,28191.0,5,300.49430919880837,304,400,1,279,116.39602780040583,1.4292853394262368,1079.0031380615796,353.92509956747034,0.2520402677904593,1.0,0.8673276787911002,0.8226324693166207,0.04469520947447947,true,0.8283140009222801
331,24.83987915407855,336.0,6,30.817469034021606,33,241,15,214,13.99353823147363,-0.3682900091586505,75.94112549695427,227.59516616314198,0.7212466334842254,1.0,0.8613589242343463,0.8334086408389819,0.027950283395364428,true,0.9851190476190477
151,32.47019867549669,151.0,7,14.47000794658381,39,210,27,196,13.53574481432536,0.1010173265128219,44.970562748477136,203.17218543046357,0.9382750474941676,1.0,0.8641734839631215,0.8408342700137383,0.02333921394938321,false,1.0
399,62.58897243107769,477.0,10,37.61872592891849,74,69,49,38,16.40881533444395,-0.6231326100032699,101.7401153701776,54.96741854636591,0.48439350154295,1.0,0.8416728094746669,0.8341223576517699,0.007550451822897042,false,0.8364779874213837
652,98.31441717791411,759.0,14,45.06030501781951,107,65,84,19,21.204998901980044,0.010591767469846794,130.08326112068522,42.91104294478528,0.4841886757459549,1.0,0.8459100204498983,0.8346314198845743,0.011278600565323926,false,0.8590250329380764
411,111.53041362530413,466.0,15,50.93748848904334,123,105,101,61,11.18543977184827,-0.381665229355414,111.49747468305831,82.00243309002433,0.4154527362516854,1.0,0.8420495205381423,0.8331859395238733,0.008863581014268984,false,0.8819742489270386
245,121.44897959183673,285.0,17,36.05245421684638,130,106,111,76,10.236098514029969,-0.4064581843474711,82.76955262170047,91.63673469387756,0.44940172261433875,1.0,0.8395678271308524,0.8272244355909695,0.012343391539882953,false,0.8596491228070176
115,127.47826086956522,116.0,18,17.64804740934854,131,33,124,16,8.336525137660518,-0.0643047877240676,42.970562748477136,24.391304347826086,0.7826464537868032,1.0,0.8408184143222506,0.8292160296693112,0.01160238465293939,false,0.9913793103448276
249,187.39357429718876,252.0,19,21.48094553413181,194,303,180,282,15.168980001923986,-0.17932122840354286,60.04163056034262,293.2329317269076,0.8679690816632134,1.0,0.8667139144814552,0.8316029584571784,0.03511095602427683,true,0.9880952380952381
624,297.3685897435897,734.0,22,47.307383100883214,311,301,284,258,19.660534351432972,-0.4338638892076254,126.22539674441617,279.94711538461536,0.4921539384267845,1.0,0.8377388134741083,0.8089296395532727,0.028809173920835596,false,0.8501362397820164
225,346.7422222222222,225.0,27,18.58873289847344,355,367,339,350,15.479521696268929,0.8708489090827846,54.87005768508881,358.96444444444444,0.9391209924958992,1.0,0.8510675381263613,0.7790489008524006,0.07201863727396063,true,1.0
126,46.69047619047619,130.0,6,16.375180809621867,53,251,39,238,10.397035703092278,0.7976689419198826,45.21320343559642,244.66666666666666,0.7745507018763229,1.0,0.7236850295673826,0.6561380274436229,0.06754700212375964,false,0.9692307692307692
699,70.66666666666667,747.0,7,35.57167833057005,84,290,58,253,25.793530014607626,0.15107551932848282,114.8111831820431,270.53361945636624,0.6663749372307368,1.0,0.7323515386125843,0.7037550073792959,0.028596531233288425,false,0.9357429718875502
116,67.6896551724138,118.0,8,17.100234841805026,72,323,64,307,8.816833118449587,-0.11140589429207871,42.970562748477136,314.36206896551727,0.7894520751240797,1.0,0.5698782961460447,0.22931871053506145,0.3405595856109832,false,0.9830508474576272
100,116.84,107.0,14,11.696929704685871,123,306,111,295,11.452625702590533,-0.7286948999381113,39.62741699796952,299.84,0.8002364589456707,1.0,0.6489411764705882,0.5248320307143838,0.12410914575620446,false,0.9345794392523364
104,138.5,114.0,18,15.325022640421718,143,310,133,296,9.37240128903115,0.175183278342549,42.62741699796952,302.65384615384613,0.7192256517422998,1.0,0.6798642533936652,0.6574637517842387,0.022400501609426526,false,0.9122807017543859
292,205.1541095890411,318.0,26,23.6794488789575,215,244,193,225,17.009114384185512,1.5157243394086184,71.84062043356596,234.01712328767124,0.710972113600923,1.0,0.7123959172710178,0.7404913585987759,-0.028095441327758097,false,0.9182389937106918
362,206.70441988950276,429.0,27,33.50181217761711,217,277,195,249,15.555544615621015,0.4408397844829703,92.66904755831213,262.3066298342541,0.5297232509984922,1.0,0.6614234644133895,0.6720498643321561,-0.010626399918766571,false,0.8438228438228438
272,247.79779411764707,288.0,34,21.64768166663347,257,254,239,233,17.319267614689597,-0.6595511551501104,69.94112549695429,243.8639705882353,0.6987366680637918,1.0,0.6804930795847749,0.698176377069111,-0.017683297484336058,false,0.9444444444444444
272,259.4117647058824,284.0,36,25.95475760507365,267,391,252,366,13.722290249932566,0.30218035837008583,71.59797974644667,379.0514705882353,0.6667718122240872,1.0,0.5991205305651672,0.44775147091009737,0.15136905965506986,false,0.9577464788732394
159,264.8490566037736,163.0,38,15.618219308942017,273,237,258,222,13.707790147689549,-1.1200393904915091,49.45584412271571,229.86163522012578,0.8169053692804625,1.0,0.693871007522506,0.69748946307495,-0.003618455552444,false,0.9754601226993865
197,269.1015228426396,208.0,40,24.584358726962023,280,301,259,285,10.772383981265314,-1.1263398507246825,61.94112549695428,293.0558375634518,0.6452349825024843,1.0,0.6218174579476461,0.6902450260574131,-0.06842756810976702,false,0.9471153846153846
104,274.49038461538464,106.0,42,14.067811519806472,281,227,268,216,9.52413277305095,0.895358311452925,38.62741699796952,221.4903846153846,0.8758946372355518,1.0,0.6880467571644042,0.6779821526133673,0.01006460455103697,false,0.9811320754716981
271,280.619926199262,280.0,44,22.589020439743702,290,351,271,330,15.579145697362403,0.6066488833612891,66.18376618407356,340.520295202952,0.7774566825201145,1.0,0.5890890673612618,0.4871914935128281,0.10189757384843368,false,0.9678571428571429
901,292.97891231964485,998.0,46,50.099716426405735,307,156,278,106,24.460304161334513,-0.15946853166189734,139.29646455628165,132.82019977802443,0.583518281951342,1.0,0.8471415203151181,0.8930870461392106,-0.045945525824092504,false,0.9028056112224448
278,290.60791366906477,291.0,47,22.866690186506524,298,231,281,209,16.32419736517664,0.15203247909514975,67.94112549695429,218.8525179856115,0.7568140498410072,1.0,0.6909296092537734,0.5766350576928015,0.1142945515609719,false,0.9553264604810997
191,290.81151832460733,206.0,48,25.857950229973707,301,330,281,312,9.960215258150036,-0.8378918241959855,61.94112549695428,321.0261780104712,0.6255831556242362,1.0,0.5735756082537726,0.5571191091349715,0.016456499118801093,false,0.9271844660194175
175,292.48571428571427,177.0,50,18.495679663772744,298,209,285,192,12.517662505093744,0.32755572697138835,52.62741699796952,200.88571428571427,0.7940060338886273,1.0,0.72309243697479,0.7100374946216732,0.013054942353116772,false,0.9887005649717514
211,304.3981042654028,222.0,52,18.24498560113993,312,293,296,275,15.256294301784271,-0.5086084606268424,59.94112549695428,284.50710900473933,0.7379765004492216,1.0,0.6237524393643715,0.5298865458132941,0.09386589355107744,false,0.9504504504504504
2845,336.7813708260106,3376.0,54,94.09129970046304,383,73,299,1,44.91378195905637,-0.8438338065858696,316.5929291125633,27.25799648506151,0.3566889971846815,1.0,0.8690830145766568,0.8285532341073423,0.04052978046931455,false,0.8427132701421801
155,321.01290322580644,158.0,56,17.223969908285966,327,123,315,107,11.769574040102393,0.3354631854199982,48.62741699796952,114.88387096774194,0.8237191444261772,1.0,0.8678557874762809,0.7928123410747588,0.07504344640152205,false,0.9810126582278481
252,327.28968253968253,268.0,57,21.54534299584704,337,169,318,147,17.17654711818039,-0.220159975798691,70.42640687119285,159.10714285714286,0.6384683038084837,1.0,0.7640211640211638,0.7332914194401877,0.030729744580976104,false,0.9402985074626866
218,354.04587155963304,223.0,60,24.706032898639094,365,277,343,261,11.426992912032842,-1.0460260934933892,61.59797974644666,269.26146788990826,0.7219937204266771,1.0,0.6284043892786474,0.5319297804591924,0.09647460881945502,false,0.9775784753363229
128,355.5,128.0,61,14.083071205125087,362,306,350,293,11.809983030528732,-0.4254087705422336,42.38477631085023,299.109375,0.895364853625596,1.0,0.5898897058823528,0.4133581197716106,0.1765315861107422,false,1.0
130,359.03076923076924,135.0,62,14.69826042659954,365,318,353,304,11.73118857585505,-0.12375282766759435,45.45584412271571,310.76153846153846,0.7906308606562401,1.0,0.5802714932126697,0.49442565244891784,0.08584584076375185,false,0.9629629629629629
205,371.33658536585364,215.0,64,20.85444069044966,380,301,362,285,13.211323225579287,-1.0588777912858038,61.35533905932738,293.96585365853656,0.684319639641776,1.0,0.5925777140124341,0.5505974867011025,0.04198022731133155,false,0.9534883720930233
309,375.2459546925566,337.0,66,27.499536718790917,386,265,363,244,15.391323997276295,-0.9584842128238087,82.08326112068522,254.95145631067962,0.576313958809232,1.0,0.6393933625230026,0.5314008172076171,0.10799254531538549,false,0.9169139465875371
200,379.28,207.0,67,24.617812089112036,386,174,372,151,10.731566891426862,0.4112941038952866,60.526911934581186,162.58,0.6860295547383816,1.0,0.7238823529411765,0.6158080308449386,0.10807432209623791,false,0.966183574879227
128,383.9296875,134.0,71,15.072398882273038,391,371,378,357,11.244119076595306,-0.6548047506421842,45.45584412271571,363.7421875,0.7784673089538365,1.0,0.5823529411764706,0.5628956811482763,0.019457260028194368,false,0.9552238805970149
102,393.7352941176471,108.0,74,14.937848722709557,399,272,388,258,9.404707670313288,-0.4669336700593924,41.4558441227157,265.0686274509804,0.7458277025074794,1.0,0.620645905420992,0.5912967798085289,0.029349125612463056,false,0.9444444444444444
109,395.6697247706422,110.0,75,14.072870576123082,400,250,391,237,9.970764442107463,-0.34026414983465564,38.72792206135786,243.1559633027523,0.9132464037739298,1.0,0.6469868681417518,0.5671484593837534,0.07983840875799841,false,0.990909090909091
5236,44.979182582123755,6080.0,1,137.24767224942119,129,80,1,1,62.1432953684523,-1.1961514969649087,406.27922061357856,26.92818945760122,0.3986210975632884,1.0,0.7893542443715459,0.6690101664053413,0.12034407796620461,false,0.8611842105263158
168,5.898809523809524,175.0,3,20.00445814673845,12,375,1,355,11.558080634410484,-0.4458823286056568,54.7634559672906,363.8154761904762,0.7039429290424325,1.0,0.7318627450980392,0.6598914565826334,0.0719712885154058,false,0.96
113,17.309734513274336,113.0,4,12.98696204450548,22,258,12,246,11.0952890517971,0.1654504948245038,37.55634918610404,251.8495575221239,1.0067498436884155,1.0,0.7548499045635952,0.530442539273502,0.2244073652900932,false,1.0
386,46.64766839378238,420.0,7,24.704586083691666,58,326,34,302,21.76388956682056,0.5635942451285628,86.91168824543142,312.38082901554407,0.6421563722182773,1.0,0.7163974398049373,0.614342938078166,0.10205450172677133,true,0.919047619047619
196,44.37755102040816,206.0,8,23.218381133811356,54,186,35,167,11.286824553972735,-0.7782274112636569,61.18376618407357,176.31632653061226,0.6579509558599635,1.0,0.6898959583833534,0.634259303077627,0.05563665530572637,false,0.9514563106796117
699,66.92274678111588,784.0,10,31.855037962768893,82,400,52,372,30.424170550092686,0.4053362489381478,118.08326112068524,387.3662374821173,0.6299562115285265,1.0,0.7786080955987552,0.6753798349941073,0.10322826060464796,false,0.8915816326530612
557,69.54937163375224,605.0,11,28.31860243386158,84,209,53,180,27.399797390157957,1.01148687428957,106.91168824543144,194.12567324955117,0.6123710964674286,0.8402154398563735,0.7213151687964237,0.6268552162100234,0.09445995258640028,false,0.9206611570247933
206,69.37864077669903,207.0,13,16.59959489106219,77,124,61,108,15.94809259998821,-0.44135742228295877,53.698484809834994,116.2621359223301,0.8977450543670719,0.0,0.6852655625356937,0.5967277190942277,0.08853784344146598,true,0.9951690821256038
233,79.92274678111588,248.0,16,22.855376951513453,91,369,69,354,13.553448133489551,-1.311439360270307,63.35533905932738,362.0815450643777,0.7294564119310158,1.0,0.7745855423714549,0.6707214033154247,0.1038641390560302,false,0.9395161290322581
139,82.9136690647482,140.0,17,15.256311621429951,90,381,75,368,12.461785256510522,-1.4679302993643737,45.45584412271571,373.43884892086334,0.8453668433170568,1.0,0.7781633516716039,0.6949891067538125,0.08317424491779135,false,0.9928571428571429
120,83.375,120.0,18,14.726290634917168,91,40,76,29,10.529415290422026,-1.3435457227215628,41.45584412271571,34.63333333333333,0.8774443558911519,1.0,0.7436601307189541,0.661791202967674,0.08186892775128007,false,1.0
648,94.81635802469135,737.0,19,41.24741639885229,116,193,78,163,21.690495854032054,-1.0168807464954133,118.88225099390856,176.48456790123456,0.576170250440883,0.9845679012345679,0.7096707818930045,0.6125747462105412,0.09709603568246328,false,0.8792401628222524
258,87.7984496124031,266.0,20,21.960987841644602,99,324,79,304,16.10754884266552,-0.7651474640758316,66.76955262170047,312.72868217054264,0.7272314250949186,1.0,0.7329685362517101,0.6428366863737545,0.09013184987795564,false,0.9699248120300752
172,98.03488372093024,174.0,22,18.077873005837983,107,124,89,112,12.322097983506502,1.3891094445017123,50.62741699796952,117.95348837209302,0.843270233106934,0.7558139534883721,0.6686730506155952,0.6189292255952921,0.04974382502030317,false,0.9885057471264368
239,97.76569037656904,256.0,23,23.77051466696015,107,150,89,129,13.348109606323002,-0.5169257121167965,69.76955262170047,139.61087866108787,0.6169868225575034,0.0,0.6749856427926818,0.6289302909776012,0.04605535181508058,true,0.93359375
496,108.71774193548387,543.0,24,37.20726036179052,125,388,92,359,18.146302260658423,-0.9167383409789913,105.63961030678927,373.80040322580646,0.5585190100335238,1.0,0.7800363693864645,0.6915799199260858,0.08845644946037867,false,0.9134438305709024
800,121.46375,957.0,26,41.26187117789115,137,299,105,254,30.048443169307713,0.18546076081805915,159.53910524340097,278.29875,0.3949713068554464,1.0,0.7561274509803921,0.671247538316637,0.08487991266375516,false,0.8359456635318704
598,118.07357859531773,682.0,27,41.269861847025595,133,154,106,117,20.558143751462996,-0.4412869486551194,124.71067811865476,135.07692307692307,0.48317423371695145,0.7993311036789298,0.6876975539379634,0.5976793713740177,0.09001818256394567,false,0.8768328445747801
461,133.6355748373102,536.0,31,29.837880595999877,145,371,119,341,21.857272688998282,-0.5562455728106473,102.39696961966999,357.01735357917573,0.5525054688582423,1.0,0.7935094211220285,0.7264290614956851,0.0670803596263434,false,0.8600746268656716
185,127.88648648648649,194.0,32,18.302831169038175,137,331,120,316,13.491193517788812,-1.1427726656335975,55.112698372208094,322.572972972973,0.7653819963757316,1.0,0.7584737678855324,0.704266863978296,0.05420690390723648,false,0.9536082474226805
203,134.98522167487684,220.0,35,21.917996663011586,143,182,126,164,12.93444760092533,-0.7360076772439293,62.2842712474619,174.48768472906403,0.6575808044700879,1.0,0.6966676325702694,0.587321042849249,0.1093465897210204,false,0.9227272727272727
349,139.31805157593124,376.0,36,28.96430003240754,152,317,126,295,15.949599986244609,-0.9600346625724447,84.2193000900063,306.9570200573066,0.6183182074615259,1.0,0.785055340187651,0.6720337599962699,0.11302158019138109,false,0.9281914893617021
480,152.125,566.0,39,42.53711041283429,171,225,134,198,16.511839235789783,-1.047199156322777,105.98275605729688,212.78541666666666,0.5370079106037025,1.0,0.7345098039215688,0.5325655483131392,0.20194425560842966,true,0.8480565371024735
295,142.87118644067797,307.0,40,27.54453132942412,152,390,134,365,13.98798168188291,-0.44772359574499065,74.18376618407358,376.99661016949153,0.6736186832641129,1.0,0.7665669657693586,0.6971677559912857,0.0693992097780729,false,0.9609120521172638
119,150.94117647058823,128.0,42,16.533058175702717,159,341,143,332,9.434739960721268,1.4370074343072936,44.8700576850888,336.60504201680675,0.7427515549758226,1.0,0.7729774262646234,0.7035969016028839,0.0693805246617395,false,0.9296875
714,164.18627450980392,858.0,43,57.06085495742825,186,272,146,228,18.71054317968568,-0.617009167633285,145.2670273047588,249.66666666666666,0.42518112534763475,1.0,0.7516504641072119,0.6901039146563446,0.06154654945086735,false,0.8321678321678322
110,167.8272727272727,114.0,46,14.613510504952055,173,185,163,171,9.756660194947473,-0.5119332085096642,41.21320343559643,177.97272727272727,0.8138227075095928,1.0,0.7210695187165775,0.6037760172998153,0.1172935014167622,true,0.9649122807017544
491,189.010183299389,563.0,50,31.710721102908632,203,224,175,193,21.73336189697862,-0.7590031436474616,105.63961030678928,210.4725050916497,0.5528887780775406,1.0,0.7441076634319721,0.6560134214113454,0.08809424202062666,false,0.872113676731794
1654,207.3881499395405,1895.0,52,62.455935984967674,239,301,179,259,35.89307252517593,-1.271652171626128,211.96551211459376,280.2333736396614,0.46260993965548125,1.0,0.7538611091353108,0.700083590074276,0.053777519061034784,false,0.8728232189973615
2138,237.744153414406,2164.0,58,62.27104828437413,266,400,208,347,44.154035982117946,-0.9375680812340752,180.99494936611666,374.600561272217,0.8201336902771894,1.0,0.7700031181789838,0.6418594965598816,0.1281436216191022,true,0.987985212569316
195,223.84102564102565,213.0,60,26.347553953920205,234,216,213,197,10.029186053731348,-0.9264382826906336,64.18376618407356,207.1179487179487,0.5948316673054411,1.0,0.749039718451483,0.6718144659676563,0.07722525248382672,false,0.9154929577464789
332,225.40060240963857,360.0,62,27.243420769078266,234,170,216,144,17.033242262448418,-0.11021836832336664,78.76955262170047,155.75602409638554,0.6724053960578452,1.0,0.7244861800141741,0.6390374331550805,0.08544874685909354,false,0.9222222222222223
413,238.03389830508473,463.0,64,27.270261739994176,251,334,226,311,21.094897012115467,-0.9295978647419482,91.63351365237939,322.7530266343826,0.6180893153561736,1.0,0.7415277975597016,0.6921881616496367,0.04933963591006485,false,0.8920086393088553
153,234.00653594771242,157.0,65,15.350491804468566,242,46,227,32,12.964986766668783,1.007292795701796,48.2842712474619,39.326797385620914,0.8246884892125502,1.0,0.6973728053312829,0.6351559125852987,0.06221689274598419,false,0.9745222929936306
828,244.09661835748793,917.0,66,37.26565463580009,263,313,228,275,30.041606665696797,-0.04182522303708066,130.22539674441617,293.7149758454106,0.6135483921615686,1.0,0.736828644501279,0.682143286762558,0.054685357738721074,false,0.9029443838604144
281,270.729537366548,302.0,73,21.773634345454173,281,231,261,210,17.21410563443188,-0.5972017828549474,71.39087296526012,220.0035587188612,0.6928365634322144,1.0,0.7260484264880327,0.6891575602573045,0.036890866230728236,false,0.9304635761589404
242,277.3595041322314,271.0,74,23.38564766774434,290,213,267,197,13.728328072407098,1.161653219797625,69.94112549695427,205.37190082644628,0.6216701237920502,1.0,0.7264462809917354,0.6569087336427107,0.06953754734902462,false,0.8929889298892989
5146,325.98153905946367,6326.0,77,95.05083351670875,369,271,277,176,78.15114578366226,0.311512415440866,400.3746750430835,218.42421298095607,0.4034098030125314,1.0,0.752573862813684,0.6508416197436206,0.10173224307006334,false,0.8134682263673727
540,292.8425925925926,615.0,78,30.017657113304203,308,287,278,255,25.261563123484972,-0.09399975277619195,106.7401153701776,269.7037037037037,0.5955912216263624,1.0,0.7608496732026149,0.6948613435162544,0.06598832968636048,false,0.8780487804878049
4634,373.51316357358655,5091.0,80,106.03234690008777,400,200,333,94,59.32613423638895,0.28817083967462875,335.66399692442883,144.44130340958137,0.5168403003646431,1.0,0.7138058848917213,0.6188614245112396,0.09494446038048165,false,0.9102337458259674
109,351.6238532110092,111.0,82,12.249533168781769,358,67,346,56,11.660587712579172,1.304473655967706,38.970562748477136,61.862385321100916,0.9019095957292408,0.981651376146789,0.6681777298075191,0.5451514777818889,0.12302625202563022,false,0.9819819819819819
160,372.38125,172.0,84,19.003876262985063,380,66,365,49,11.727619621268117,-0.5987789690082745,54.87005768508881,57.575,0.6678193724415283,1.0,0.6935294117647058,0.542679163552029,0.15085024821267679,false,0.9302325581395349
106,389.0943396226415,108.0,86,13.70205950980275,396,108,383,98,10.077666791803196,1.3885112879393533,39.21320343559643,102.82075471698113,0.8662656313772014,1.0,0.6897891231964485,0.6432225063938619,0.04656661680258656,false,0.9814814814814815
223,395.2286995515695,240.0,88,24.415167646787268,400,98,388,75,12.541293895489188,0.1777410203157861,67.04163056034261,85.01345291479821,0.6234843978145955,1.0,0.6788358392684427,0.5930901797044493,0.08574565956399338,false,0.9291666666666667
1101,16.959128065395095,1305.0,2,52.70538028898693,46,171,1,129,32.441967113168936,-0.7916444158498709,179.05382386916236,145.33151680290644,0.431548868784433,1.0,0.7601859272319287,0.6479543788841705,0.11223154834775817,false,0.8436781609195402
116,3.8620689655172415,116.0,3,19.1757204384306,8,193,1,174,8.182836225134228,-0.11013596493948281,44.935028842544405,182.61206896551724,0.7219345119382545,1.0,0.7607505070993915,0.6799925065567627,0.08075800054262883,false,1.0
115,5.443478260869565,119.0,4,18.12246360499004,11,219,1,203,8.320629329090753,-0.47044681791520687,44.384776310850235,210.66086956521738,0.7335667421544904,1.0,0.7430179028132993,0.6476812947401186,0.09533660807318067,false,0.9663865546218487
106,21.20754716981132,107.0,5,14.115332217238276,28,316,15,305,9.703462412863235,-0.9545784384979659,39.21320343559643,310.6981132075472,0.8662656313772014,1.0,0.7403625601183872,0.6612686321531014,0.0790939279652858,false,0.9906542056074766
124,29.620967741935484,126.0,7,14.335909697001526,36,388,24,374,11.5850879754429,-0.2759575152297314,43.21320343559643,381.258064516129,0.8344467448955019,1.0,0.7405123339658444,0.6134228848377498,0.1270894491280946,false,0.9841269841269841
1697,61.97348261638185,1968.0,9,71.50325970267596,88,381,33,320,34.25032571535781,-0.6932212174525134,239.69343417595164,353.6146140247496,0.3711756099261169,1.0,0.757958103689325,0.6520022742639379,0.10595582942538717,false,0.8622967479674797
471,63.560509554140125,555.0,12,31.310237433474658,79,255,48,231,22.414008384443623,-1.3520643738980556,103.1543289325507,242.56900212314224,0.5562318523652037,1.0,0.7412430789725658,0.6578122275587682,0.08343085141379758,false,0.8486486486486486
123,61.68292682926829,127.0,13,14.43079323847681,69,268,55,256,11.304015257430335,-1.0591850288997033,44.04163056034261,261.5365853658537,0.7968713197026683,1.0,0.7509963334927467,0.6842942151985171,0.06670211829422967,false,0.968503937007874
128,70.25,134.0,15,14.431393871495926,77,278,64,263,12.108095006058956,0.23682448776156279,45.4558441227157,270.265625,0.7784673089538369,1.0,0.7561580882352941,0.6985490196078434,0.05760906862745063,false,0.9552238805970149
213,80.84037558685446,234.0,17,21.471378773695918,91,268,71,254,13.445729721732192,1.3501107759687794,65.11269837220809,260.7887323943662,0.6313324035285707,1.0,0.7458528951486696,0.6608891477383034,0.08496374741036616,false,0.9102564102564102
427,89.16627634660422,477.0,20,26.11259585488198,102,326,77,302,22.22085618697087,-0.34551146578676706,90.9116882454314,312.9672131147541,0.6492295721157976,1.0,0.7453184552509529,0.6783858787134346,0.06693257653751827,false,0.8951781970649895
6961,141.04166068093664,9209.0,22,120.046119870642,194,272,86,146,91.53984513665358,0.32036831146314687,655.5117600329312,205.74227840827467,0.20357316225002844,1.0,0.7518336051558966,0.6540424763655466,0.09779112879035001,false,0.7558909762189163
112,91.89285714285714,113.0,23,12.805888338079537,97,249,87,237,11.175218091063929,-0.2154908441168621,38.384776310850235,242.65178571428572,0.9552341901921952,1.0,0.7496148459383754,0.7032375740994071,0.046377271838968226,false,0.9911504424778761
178,102.03370786516854,191.0,25,20.342955101012066,108,307,96,288,11.572610726549511,0.2024354699811414,55.87005768508881,297.44943820224717,0.7165914577892087,1.0,0.7465080414188147,0.6394984559288611,0.10700958548995354,false,0.9319371727748691
124,111.85483870967742,130.0,27,14.3672155701766,119,295,105,282,11.461076290023373,-1.2846544650137868,45.07716446627535,288.69354838709677,0.7668640351318727,1.0,0.7370967741935484,0.6898027979099953,0.04729397628355303,false,0.9538461538461539
397,119.29974811083123,436.0,29,34.22208908090409,137,20,107,1,17.325036271006024,-1.2102400539695417,97.35533905932738,8.035264483627204,0.5263575096976072,1.0,0.7320096804464858,0.6579854780411353,0.07402420240535057,false,0.9105504587155964
9427,254.17948445953112,13293.0,32,191.03068122585202,327,400,171,265,80.88537733409122,-0.8940989467820227,823.7371567773473,347.1222021852127,0.17458465069528292,0.5014320568579612,0.6766500893345566,0.5684322843124936,0.10821780502206302,false,0.7091702399759272
230,185.6782608695652,237.0,34,27.7419582671502,192,99,180,72,10.872295704475176,-0.17658491048951316,66.8700576850888,85.14347826086957,0.6463597500843198,1.0,0.7067689684569479,0.6608112198567251,0.045957748600222836,false,0.9704641350210971
1669,218.01437986818453,1847.0,38,57.88295811883631,239,119,199,59,38.98112597933295,0.03283783206685961,204.95331880577405,92.57998801677651,0.4992939345285399,1.0,0.6782058059892624,0.5638369729162569,0.1143688330730055,false,0.9036275040606389
223,250.55605381165918,255.0,40,24.61632538143394,260,117,237,101,13.214651153895792,-1.1303890103143863,73.18376618407356,110.74439461883408,0.5232210599605063,1.0,0.6255693308713619,0.3169799878714373,0.30858934299992463,false,0.8745098039215686
1465,293.8382252559727,1739.0,42,61.538842937102835,315,251,265,197,35.17427067911659,0.6708746699973258,196.50966799187808,219.74402730375428,0.4767378624671451,0.0,0.6112480760222182,0.3796198823969872,0.23162819362523102,false,0.8424381828637147
118,278.3728813559322,122.0,43,14.465707680119714,284,251,272,237,10.98364499166755,0.3973524771461969,44.2842712474619,244.3135593220339,0.7561237279519508,0.0,0.6060152874709206,0.5909349246945161,0.015080362776404455,false,0.9672131147540983
190,351.87368421052633,233.0,49,22.279935799141246,359,400,343,379,14.700037720549924,-0.051692443127969716,73.76955262170047,391.9684210526316,0.43874195453067255,0.0,0.6621259029927761,0.4323166958397425,0.22980920715303355,false,0.8154506437768241
329,388.0364741641337,360.0,51,27.195965480532003,399,197,378,173,16.610167002509023,0.42042175302051055,79.01219330881975,184.7598784194529,0.6622432292490161,0.0,0.6124679659097679,0.38832820393705353,0.2241397619727144,false,0.9138888888888889
124,392.75,124.0,53,14.94811565920684,398,211,387,197,10.677479706858735,-0.04456808632424546,41.79898987322333,203.58870967741936,0.8918667557887776,0.0,0.6334282099936749,0.460515467613005,0.1729127423806699,false,1.0
171,37.30994152046784,174.0,5,17.560431769924573,45,232,30,215,12.876567503771273,-0.7845460943064863,51.73401871576773,224.12865497076024,0.8028853669061761,1.0,0.8192867790391012,0.8356489695646241,-0.0163621905255229,false,0.9827586206896551
121,45.892561983471076,131.0,11,17.5168835718148,55,67,38,56,9.51911805743643,-1.3671499310703012,48.2842712474619,61.47107438016529,0.6522046221877031,1.0,0.8630691946199964,0.8835669679898688,-0.020497773369872352,false,0.9236641221374046
190,52.3421052631579,190.0,13,23.98614999079601,63,400,40,390,10.349879723025117,-1.3318941584638913,57.79898987322333,395.60526315789474,0.714698660166289,1.0,0.76328173374613,0.6673714123330495,0.09591032141308042,false,1.0
279,51.587813620071685,302.0,14,22.197341939258873,62,228,41,207,17.035918699410242,0.7608352253681739,72.42640687119285,217.00358422939067,0.6683749847212824,1.0,0.824204090238246,0.8548466074812118,-0.03064251724296574,false,0.9238410596026491
139,50.280575539568346,146.0,15,16.224691255344446,57,319,42,307,11.713344309769193,1.195862398753924,48.04163056034262,312.38129496402877,0.7568140498410072,1.0,0.7599379320073354,0.8090950226244346,-0.049157090617099164,false,0.952054794520548
667,86.63568215892055,769.0,27,42.195675354733034,102,244,67,210,22.96400156802427,-0.8122265749385087,133.67514421272202,227.2743628185907,0.46906645454612034,1.0,0.8125055119499078,0.8544204622942153,-0.04191495034430748,false,0.8673602080624188
779,95.61617458279846,848.0,29,51.62471885390364,120,400,68,378,21.153241758803677,-1.3732895903645952,139.25483399593904,391.3581514762516,0.504808619614056,1.0,0.7691509980115283,0.708872729018168,0.06027826899336031,false,0.9186320754716981
139,86.35251798561151,146.0,31,17.48943581758139,95,311,78,298,10.608145945325095,1.0883091872436872,49.2842712474619,304.6043165467626,0.7191309593257315,1.0,0.7475525461983354,0.8038160259898749,-0.05626347979153945,false,0.952054794520548
417,96.29976019184652,485.0,33,31.266808879320674,109,276,81,251,19.645353591665632,-0.927961279018395,101.39696961966999,263.4796163069544,0.509678093462027,1.0,0.7971034936756479,0.8171816201227969,-0.020078126447149014,false,0.8597938144329897
119,85.6890756302521,125.0,34,16.460355444273738,92,362,81,347,9.739680357140518,-0.3841776436745714,44.04163056034262,353.6470588235294,0.7709568052407927,1.0,0.7514582303509638,0.7202417173766059,0.0312165129743579,false,0.952
165,90.0909090909091,214.0,35,26.286691015079242,97,98,82,76,10.332538598927243,0.33270483642463633,71.59797974644667,86.81212121212121,0.4044755478565234,1.0,0.8650980392156863,0.8508225108225108,0.014275528393175474,false,0.7710280373831776
169,93.97633136094674,196.0,36,22.958385489939836,105,78,83,65,11.324347686742716,-1.4714338686623818,63.59797974644666,70.53846153846153,0.5250612020745506,1.0,0.8639749390880612,0.8638326456194229,0.0001422934686383659,false,0.8622448979591837
115,97.19130434782609,116.0,37,15.362749591123828,104,64,90,52,9.91942532228719,-1.0181616021031132,41.45584412271571,57.86086956521739,0.8408841743956874,1.0,0.8532310315430519,0.8983746130030956,-0.045143581460043714,false,0.9913793103448276
378,112.84920634920636,411.0,39,34.70112442940923,128,366,94,348,15.401488014057351,-1.330105821306929,93.25483399593904,358.53439153439155,0.5462091325259697,1.0,0.7613756613756616,0.7142828955481567,0.04709276582750488,false,0.9197080291970803
215,108.64186046511628,230.0,42,21.655882501537317,118,109,100,90,13.436595702786873,-0.6531722396057822,62.52691193458119,99.08372093023256,0.6910577840262767,1.0,0.8621796625626994,0.8935459792087682,-0.031366316646068815,false,0.9347826086956522
195,108.02051282051282,209.0,43,17.82575870835144,116,237,100,221,14.593643266026403,-0.9511104467848664,58.526911934581186,228.94358974358974,0.7153741706922127,1.0,0.8115635997988939,0.8156164542968523,-0.004052854497958336,false,0.9330143540669856
142,112.44366197183099,148.0,45,17.19026162454659,120,335,104,322,10.979113256279005,-0.9927623524417103,48.2842712474619,328.73943661971833,0.765397159922759,1.0,0.7568903617785143,0.7726669024323156,-0.015776540653801296,false,0.9594594594594594
154,122.33116883116882,156.0,51,15.605024442245563,130,238,115,226,12.821102345472209,-1.417591185838975,46.62741699796952,232.37012987012986,0.8901185863386172,1.0,0.8104660045836517,0.8031316123571731,0.007334392226478581,false,0.9871794871794872
159,134.77358490566039,161.0,53,17.05581667895174,144,234,127,221,12.40790891985527,-1.2706282903430695,49.24873734152916,226.23899371069183,0.8237905156960125,1.0,0.8153903070662226,0.8126409538174247,0.002749353248797881,false,0.9875776397515528
330,145.56363636363636,441.0,55,43.39678598371364,166,85,129,60,13.344631380050568,-1.121102793497057,111.39696961966999,70.88181818181818,0.334177380570917,1.0,0.8587046939988118,0.860777213109765,-0.002072519110953186,false,0.7482993197278912
142,138.7394366197183,155.0,56,21.85345407319978,146,28,130,11,9.175623563785468,-0.7050021827164152,54.526911934581186,20.591549295774648,0.6001729298100695,1.0,0.8531897265948634,0.8272668026748273,0.025922923920036034,false,0.9161290322580645
232,142.3405172413793,250.0,57,27.744929678473067,154,388,131,370,11.185540695746631,-0.9494456516445172,66.80508652763321,378.9051724137931,0.6532490506214734,1.0,0.7744590939824207,0.7669901763522309,0.007468917630189864,false,0.928
480,149.98541666666668,567.0,58,35.27729179469955,164,357,135,327,19.745471780989327,-0.6810996472166432,108.81118318204308,343.11875,0.5094528967177173,1.0,0.7523529411764707,0.7150823335114395,0.03727060766503121,false,0.8465608465608465
483,150.1014492753623,507.0,59,27.146939794198893,165,258,137,233,24.045733726221176,-1.4181258951525513,95.84062043356593,247.08902691511386,0.66078132699865,1.0,0.7793529005805225,0.7551019679274262,0.024250932653096302,false,0.9526627218934911
331,165.36555891238672,353.0,66,24.44731843613487,179,242,155,220,18.568351891684767,-1.317885824660702,77.76955262170046,230.38368580060424,0.687731088034006,1.0,0.7925359872045497,0.826830109581045,-0.03429412237649532,false,0.9376770538243626
130,176.24615384615385,137.0,68,20.5649395852838,185,334,167,322,8.451809412122026,-1.0894709112945264,50.2842712474619,327.7153846153846,0.6460838652415953,1.0,0.7512518853695324,0.7829846032372683,-0.031732717867735905,false,0.948905109489051
349,188.16332378223495,408.0,70,32.133647669438055,204,369,172,349,16.906956748626897,-1.255603512440158,93.74011537017762,359.55300859598856,0.4990962693401005,1.0,0.7569975841339399,0.7563256447044111,0.0006719394295288117,false,0.8553921568627451
155,182.4258064516129,157.0,71,23.47011243930916,193,392,172,380,8.542443644422324,-1.1391102900665628,54.2842712474619,386.06451612903226,0.6609879441062065,1.0,0.7655913978494623,0.8137184622953129,-0.048127064445850576,false,0.9872611464968153
147,187.49659863945578,158.0,72,26.181330418746317,202,400,175,393,8.43943914434431,1.515989411717351,61.142135623730944,397.3469387755102,0.4941354257979019,1.0,0.7608643457382954,0.7957781310722487,-0.034913785333953284,false,0.930379746835443
160,185.79375,170.0,73,19.84597228856873,194,249,176,235,10.99757968470163,1.0262299099235181,54.87005768508881,241.525,0.6678193724415283,1.0,0.784485294117647,0.7631514577662051,0.021333836351441926,false,0.9411764705882353
122,187.54098360655738,126.0,74,15.909272061606265,194,50,180,38,10.129456692820396,-1.1498285712295215,44.04163056034261,44.0,0.7903926910871996,1.0,0.8544519447123111,0.8720659278204035,-0.017613983108092368,false,0.9682539682539683
163,196.30061349693253,170.0,76,19.333777333159695,205,320,187,309,11.031872568799441,-1.3764713459325624,52.2842712474619,314.9509202453988,0.7492993403480863,1.0,0.7467580897389632,0.7628819796277533,-0.0161238898887901,false,0.9588235294117647
181,197.5303867403315,204.0,77,23.494522611333593,204,144,189,122,10.618932092940742,0.2530607756709098,59.31980515339463,133.01657458563537,0.6463816326892848,1.0,0.838154046148846,0.8600814625367058,-0.021927416387859777,false,0.8872549019607843
224,203.17857142857142,236.0,79,27.348969330662047,215,41,191,24,10.721518940301396,-1.0564837497274469,67.25483399593904,32.49107142857143,0.6223158641681642,1.0,0.8519782913165267,0.882156362969997,-0.030178071653470306,false,0.9491525423728814
184,203.92391304347825,184.0,81,22.90761927861593,215,264,194,251,10.448313499241026,-1.2247617325618374,56.284271247461895,256.9347826086956,0.7298835779790926,1.0,0.7780690537084396,0.8233100233100233,-0.04524096960158375,false,1.0
189,205.86243386243387,196.0,82,19.44709670407704,215,156,197,140,13.11298819707763,-0.892595794522792,57.94112549695428,149.06878306878306,0.7074533608440996,1.0,0.8361655773420479,0.7849011878075804,0.051264389534467436,false,0.9642857142857143
254,215.62992125984252,273.0,83,32.41764205837641,229,220,200,208,10.727615175120395,-1.4778838270818282,74.8700576850888,214.31496062992127,0.5694128257094447,1.0,0.7967886367145285,0.8278371954842544,-0.031048558769725898,false,0.9304029304029304
100,211.86,103.0,85,13.155688910257712,218,242,205,233,9.873188405805,1.3877086126668092,38.384776310850235,236.97,0.8528876698144601,1.0,0.7798431372549018,0.744261119081779,0.03558201817312279,false,0.970873786407767
195,220.73333333333332,196.0,86,24.934149420825143,233,368,209,358,10.323738659284174,-1.4770792107946231,59.79898987322333,362.7128205128205,0.6852622052394415,1.0,0.777536450477627,0.7214344292850223,0.056102021192604656,false,0.9948979591836735
311,220.85530546623795,387.0,87,28.380045531203756,236,393,210,372,18.533014707194795,-1.165648032231526,104.22539674441617,381.540192926045,0.35976850299915764,1.0,0.7725238005169917,0.8025234775594862,-0.02999967704249451,false,0.8036175710594315
108,218.3148148148148,114.0,89,13.535746808208742,225,200,211,188,10.736602908757302,1.3331575710097576,43.4558441227157,193.7962962962963,0.7186827792701964,1.0,0.821278140885984,0.839576408750097,-0.018298267864112927,false,0.9473684210526315
262,229.45419847328245,285.0,91,22.098948515895923,240,154,218,134,16.257989279611724,1.1370479344297348,69.01219330881976,143.79770992366412,0.691288759242314,1.0,0.8294117647058826,0.7995286093977234,0.029883155308159215,false,0.9192982456140351
211,240.70142180094786,249.0,94,29.28139952739365,254,227,228,211,10.588656360183563,-1.1227092162034247,81.01219330881975,218.6872037914692,0.40400946398307686,1.0,0.7910974816466871,0.7836524639181192,0.007445017728567982,false,0.8473895582329317
352,246.09375,412.0,95,36.63597988204065,262,115,229,96,13.507763637846788,-1.2557049229693802,97.9827560572969,105.7471590909091,0.46073714332914906,1.0,0.838792335115865,0.8463998714239795,-0.007607536308114504,false,0.8543689320388349
296,240.72297297297297,329.0,97,23.472364708889152,252,137,231,115,18.17927909659234,-0.7790187227801701,77.01219330881976,126.88851351351352,0.6271661216316603,1.0,0.8352278749337574,0.8161414565826329,0.019086418351124457,false,0.8996960486322189
141,243.43262411347519,145.0,99,16.454657663675682,251,200,235,188,11.238878800690715,-1.385027285828836,47.21320343559642,193.36170212765958,0.7948808599874693,1.0,0.8065637602558753,0.8532146664812497,-0.04665090622537438,false,0.9724137931034482
136,247.02205882352942,157.0,101,18.800858069858087,255,16,240,1,10.898083329930909,-0.5866782967257412,55.112698372208094,7.580882352941177,0.562659197335673,1.0,0.8316897347174163,0.8523069885430309,-0.020617253825614634,false,0.8662420382165605
149,253.90604026845637,153.0,103,16.485087560672046,261,245,249,228,11.901935080054617,-0.053869643922993274,48.04163056034261,236.48993288590603,0.8112611037864037,1.0,0.7763916304776943,0.777485123402595,-0.0010934929249006853,false,0.9738562091503268
490,261.8734693877551,588.0,105,28.465428360386635,279,194,250,165,27.020805928476246,0.2341170423572421,114.39696961966999,179.91836734693877,0.4705187166355171,1.0,0.8151740696278517,0.8124904667011096,0.002683602926742079,false,0.8333333333333334
407,287.029484029484,474.0,109,36.38051467230339,307,229,271,209,16.825146749722848,-1.1368932088121135,108.32590180780451,217.98771498771498,0.4358526058300935,1.0,0.8008575420340128,0.8096884320071072,-0.008830889973094336,false,0.8586497890295358
125,281.136,127.0,111,17.873552717360564,289,64,273,53,9.03452141841132,-1.0746217951241606,44.62741699796952,58.76,0.7887082346583084,1.0,0.8428549019607842,0.9003518153672949,-0.05749691340651075,false,0.984251968503937
100,283.82,100.0,114,15.904309112753465,291,247,276,240,8.05531822127388,-1.4983443874960138,38.72792206135785,243.73,0.8378407374072756,1.0,0.7830980392156863,0.8065031935325382,-0.02340515431685186,false,1.0
250,289.948,276.0,117,27.79309681692938,299,84,282,59,12.975781491871313,-0.3862511498431297,74.18376618407356,69.86,0.5708632909017907,1.0,0.8351215686274511,0.8367076423837421,-0.00158607375629094,false,0.9057971014492754
881,305.3995459704881,1067.0,118,41.81961300021498,330,114,285,77,30.99815340593823,1.368804885208429,163.4386001800126,95.86152099886493,0.41445416125265555,1.0,0.8288219714673613,0.839305249016409,-0.010483277549047765,false,0.8256794751640113
212,298.64622641509436,216.0,119,22.28957274902318,309,151,287,138,12.451006515761554,1.3709580862362636,60.04163056034261,144.72169811320754,0.7389937562755072,1.0,0.8203292637809843,0.8039247439866638,0.01640451979432045,false,0.9814814814814815
147,301.5170068027211,148.0,121,15.347339216345514,309,325,294,314,12.33608975682498,-1.4288708492719429,45.21320343559643,319.8979591836735,0.9036424855223765,1.0,0.7657996531946111,0.7342737863785027,0.03152586681610836,false,0.9932432432432432
171,314.2163742690058,182.0,124,21.305738937683483,323,135,306,118,10.834281424122562,-0.8277136718781041,56.284271247461895,126.64912280701755,0.6783157164914394,1.0,0.8293773649810797,0.8092884710026682,0.020088893978411515,false,0.9395604395604396
151,335.21854304635764,151.0,130,22.505967039502735,346,278,325,270,8.63378701857639,-1.4570917781235568,51.55634918610404,273.9867549668874,0.7138755345828165,1.0,0.7586547201662122,0.846006221185358,-0.0873515010191458,false,1.0
400,342.8,512.0,131,35.78892433209226,362,346,325,326,19.30170964323562,-1.3098721324079718,104.32590180780451,335.7175,0.46183363634807645,1.0,0.7542058823529413,0.7865706748945333,-0.03236479254159197,false,0.78125
127,346.6692913385827,128.0,136,15.217621517322799,354,222,339,211,10.9051411889866,-1.5655832288642368,43.21320343559643,216.98425196850394,0.8546349725945867,1.0,0.7935155164427975,0.7671845532105976,0.026330963232199855,false,0.9921875
101,363.76237623762376,102.0,143,16.072730715030623,371,303,356,295,8.102158762464773,-1.374159663681949,40.384776310850235,299.2475247524753,0.7782083285882303,1.0,0.7540283440108715,0.7886906809507432,-0.03466233693987175,false,0.9901960784313726
110,364.8909090909091,111.0,144,12.900494507412224,371,158,359,146,10.949186247422958,0.8496761332585788,39.79898987322333,152.05454545454546,0.8726868867141325,1.0,0.8219964349376113,0.8394489807254351,-0.017452545787823737,false,0.990990990990991
248,379.14112903225805,266.0,149,23.451284777703563,389,135,369,116,14.092659760758062,-0.7192265379728672,68.76955262170047,125.80645161290323,0.6589753155409418,1.0,0.8237033523086655,0.8520102700919433,-0.028306917783277763,false,0.9323308270676691
387,387.43152454780363,404.0,151,32.39253404905696,400,393,370,375,16.376640354142268,1.3587991574472666,85.35533905932738,383.0645994832041,0.6675125653861583,1.0,0.7697015757207281,0.8162905818064936,-0.04658900608576555,false,0.9579207920792079
2864,20.981145251396647,3112.0,1,88.4348062854265,54,183,1,93,47.311196830022894,0.3747567784285694,287.8589103967956,146.41969273743015,0.4343336956932097,1.0,0.8935055865921785,0.8539639181806632,0.039541668411515296,false,0.9203084832904884
426,7.943661971830986,469.0,2,32.344213566348415,19,237,1,203,19.684787359306494,0.16927270819295004,99.11269837220809,222.67136150234742,0.5449552777147689,1.0,0.90636104206941,0.8804267182783804,0.025934323791029668,false,0.908315565031983
184,4.728260869565218,192.0,3,24.99720330338208,11,261,1,238,10.348165731360952,-0.1476915464951613,61.21320343559643,247.7663043478261,0.6170743173949421,1.0,0.9020034100596759,0.8881776239907728,0.013825786068903057,false,0.9583333333333334
5635,64.58402839396628,6400.0,4,143.19588371433028,143,400,1,344,55.56627484723288,1.5119227019193775,441.5218613006978,378.57941437444543,0.36324476211766177,1.0,0.915202950745515,0.8903558319545081,0.024847118791006984,false,0.88046875
167,16.676646706586826,169.0,5,19.840624600031372,26,94,7,83,10.905617709260754,1.380876641117877,51.45584412271571,88.65868263473054,0.7926052067421356,1.0,0.8631677820828929,0.8203127968087127,0.04285498527418019,false,0.9881656804733728
457,21.37636761487965,508.0,6,29.60315245301888,33,274,8,247,20.510418389000822,-0.6901749151375105,95.1543289325507,259.99343544857766,0.6342623941277064,1.0,0.9094520959368431,0.8900836320191157,0.019368463917727397,false,0.8996062992125984
324,34.583333333333336,334.0,7,21.752301349373266,46,284,24,263,19.6958239820738,0.7959623771156537,70.18376618407356,274.15432098765433,0.8265736095350511,1.0,0.9132897603485838,0.8940307768677093,0.019258983480874514,false,0.9700598802395209
292,37.83904109589041,323.0,8,24.845784878931113,48,305,26,284,16.258657541108686,0.6974393776548864,77.11269837220809,293.61986301369865,0.6170792095230293,1.0,0.9105157131345689,0.8888744105237031,0.02164130261086583,false,0.9040247678018576
309,50.922330097087375,317.0,11,25.135369093582803,61,322,39,302,16.125350280988194,1.0552213942904156,71.35533905932738,312.5275080906149,0.7626326513370343,1.0,0.9070626308775939,0.8779993353273511,0.029063295550242785,false,0.9747634069400631
725,65.17793103448275,809.0,13,41.47680068267118,88,157,46,130,24.02121989262764,1.4839025651142344,127.9827560572969,145.22482758620689,0.5562178909737722,1.0,0.8789776876267749,0.8400573888091821,0.038920298817592736,false,0.896168108776267
204,61.51470588235294,235.0,15,21.002812935215236,72,282,53,264,14.759610202498349,-0.724142708516807,74.52691193458118,272.3970588235294,0.4615447111309803,1.0,0.9108035371011153,0.8900576701268743,0.020745866974240967,false,0.8680851063829788
148,68.10810810810811,149.0,18,17.004223940605314,76,325,61,313,11.323949166053497,-1.2132507026474404,46.384776310850235,318.56081081081084,0.8644117194307485,1.0,0.9022257551669316,0.8817942819585937,0.020431473208337936,false,0.9932885906040269
887,96.3957158962796,1117.0,22,50.24474329098935,126,302,70,269,27.41247216934318,1.3590004408783227,193.23759005323592,284.6335963923337,0.2985040711905955,1.0,0.9126732541945745,0.8840975535430299,0.028575700651544578,false,0.7940913160250671
499,111.05410821643287,515.0,26,33.96523703066583,126,100,94,78,19.296364152006657,-1.2363399343547308,93.01219330881975,89.85971943887776,0.7248207847796275,1.0,0.8585877637628201,0.8051255117431589,0.05346225201966115,false,0.9689320388349515
239,121.00418410041841,248.0,27,25.655798307520108,133,115,110,98,12.381357713958694,-1.079737497570847,65.35533905932738,106.35983263598327,0.7031461785254189,1.0,0.8565756009516778,0.7840400439330925,0.07253555701858538,false,0.9637096774193549
3676,200.56447225244833,4005.0,29,132.20459783099344,255,43,128,1,38.81565918220914,1.4673415667958012,318.47413408594537,16.755168661588684,0.45544615061189614,0.49374319912948855,0.9118255136657487,0.2776384799859619,0.6341870336797868,false,0.917852684144819
605,154.45950413223142,651.0,31,36.36925474886196,173,297,135,271,22.360715392687542,-1.5578747671558886,116.12489168102785,284.55371900826447,0.5637863993873541,1.0,0.9147885269810403,0.8835948192649583,0.031193707716081986,false,0.9293394777265745
1285,163.28949416342414,1497.0,32,49.759064664504216,187,345,139,298,37.76477902867484,0.710068397803814,200.58073580374355,318.1291828793774,0.4013604282663007,1.0,0.9146166170748453,0.889496703853955,0.025119913220890355,false,0.8583834335337341
7821,246.5393172228615,9863.0,33,135.29453447365637,314,400,175,304,84.12358357228342,1.1863590454084558,600.2924599429248,357.247027234369,0.2727384532218316,1.0,0.9215876812302718,0.8910961915630443,0.030491489667227478,false,0.7929636013383352
328,237.33841463414635,351.0,34,34.39063732182914,255,303,223,288,13.14989346534299,-1.4046438520574798,87.25483399593904,294.9237804878049,0.5413831248953531,1.0,0.9113462458153999,0.8894612917630814,0.021884954052318495,false,0.9344729344729344
373,266.38605898123325,395.0,36,27.44708258564823,281,308,253,289,18.128344807163,1.311706739677969,82.18376618407356,299.4932975871314,0.6939794602136878,1.0,0.9163013194553963,0.8923018503175921,0.023999469137804152,false,0.9443037974683545
218,279.0045871559633,239.0,37,26.149398033809195,291,288,266,277,11.391166914456933,1.5389416896018568,67.698484809835,282.70183486238534,0.5977346888071987,1.0,0.9264076272710919,0.8734739178690347,0.052933709402057216,false,0.9121338912133892
234,290.56410256410254,248.0,38,18.721322397359604,301,335,282,316,17.339323145436023,-0.7305124431375589,66.35533905932738,325.94871794871796,0.667842381596305,1.0,0.9164236634824872,0.8942561572090209,0.02216750627346631,false,0.9435483870967742
124,309.11290322580646,126.0,39,15.722603284503583,317,316,301,306,10.242001821768934,1.5153857517094054,43.21320343559642,310.5725806451613,0.8344467448955021,1.0,0.914010120177103,0.878423081706255,0.03558703847084799,false,0.9841269841269841
2499,348.3741496598639,2693.0,40,90.09524336487871,394,400,302,360,36.87578180372015,-1.3408454056662082,247.13708498984758,382.38215286114445,0.5141623602366565,1.0,0.9360544217687076,0.8846360677390442,0.05141835402966333,false,0.9279613813590791
155,331.6967741935484,160.0,42,17.0802129467428,340,357,324,346,11.768581030491099,-1.4157031169192216,49.45584412271571,351.69032258064516,0.796354290807998,1.0,0.9335863377609105,0.8766631200283731,0.05692321773253739,false,0.96875
465,367.10537634408604,539.0,44,35.77822940594339,379,79,354,48,19.04016390588816,0.519399928124349,108.5685424949238,61.438709677419354,0.4957409580796549,1.0,0.796238667510015,0.6722782735385179,0.12396039397149716,false,0.862708719851577
321,381.6386292834891,364.0,45,40.250572786577536,399,356,364,337,11.244483773080347,-1.2015529962995903,91.59797974644665,347.7383177570093,0.4807763612444127,0.9190031152647975,0.9401869158878502,0.8669231484062823,0.07326376748156793,false,0.8818681318681318
156,388.30128205128204,160.0,48,17.383598586797838,397,77,380,65,11.727028148404077,-1.5401451840995053,49.45584412271571,70.8974358974359,0.8014920604261141,1.0,0.7933132227249873,0.6783256698905975,0.11498755283438977,false,0.975
102,387.29411764705884,104.0,49,15.308642406985436,392,93,382,79,8.617103004771355,0.48969847144226697,39.62741699796952,85.91176470588235,0.8162411881245841,1.0,0.7988465974625143,0.6642622950819674,0.13458430238054686,false,0.9807692307692307
121,69.14049586776859,131.0,7,16.99247152079316,75,101,65,85,9.63493816610329,-0.041655388479700704,45.79898987322333,92.74380165289256,0.7249089060507655,1.0,0.7249392318911037,0.7501207089442389,-0.025181477053135226,false,0.9236641221374046
156,183.76282051282053,180.0,18,26.925355487556327,194,11,168,1,9.19420742349059,1.3430649773638557,65.62741699796952,4.4423076923076925,0.4551597388996028,1.0,0.6924082453494219,0.6959116908334916,-0.003503445484069667,false,0.8666666666666667
176,251.94886363636363,182.0,31,21.52060233875069,260,267,243,251,10.71125235644619,0.8572097747781166,55.11269837220809,258.5,0.7281471965520475,1.0,0.7153297682709447,0.7305091233890523,-0.01517935511810753,false,0.967032967032967
255,281.49411764705883,271.0,42,22.386471707875078,290,298,274,275,15.718573432557681,-0.2831194263815945,71.59797974644665,285.2156862745098,0.6250985739600821,1.0,0.7076970396001537,0.7168000214439847,-0.00910298184383096,false,0.940959409594096
234,304.0982905982906,239.0,48,22.566169665357915,315,324,293,308,13.710059688146618,-1.1742901182114336,63.94112549695428,315.55555555555554,0.7192256517422997,1.0,0.7108764873470753,0.7057424250578549,0.00513406228922042,false,0.9790794979079498
271,314.99630996309963,293.0,51,20.462151323911048,325,343,305,325,18.014918864435995,-0.865183633668218,71.35533905932738,333.6937269372694,0.6688461116904088,1.0,0.7113957021923158,0.6860348051200922,0.025360897072223665,false,0.9249146757679181
143,349.1888111888112,162.0,62,19.56207665510918,359,400,341,389,10.149862764130999,-1.363123308608339,53.11269837220809,394.0839160839161,0.6370142816258558,1.0,0.6748663101604278,0.6739384223290995,0.0009278878313282446,false,0.8827160493827161
229,5.379912663755459,253.0,1,26.23815914018366,13,102,1,75,12.828093289959229,-0.018917152178134472,71.21320343559643,87.60698689956332,0.5674456898276606,1.0,0.8083226303621887,0.7714734437464307,0.03684918661575798,false,0.9051383399209486
111,6.504504504504505,112.0,5,13.382942609508012,13,398,1,386,11.11063974296355,1.005534294370264,40.384776310850235,392.7027027027027,0.8552586581514214,1.0,0.7911676382264619,0.7318402590393955,0.05932737918706632,false,0.9910714285714286
104,13.913461538461538,104.0,6,13.946859291269977,19,73,8,61,9.601677796157935,-0.6583750411496124,38.384776310850235,67.125,0.8870031766070385,1.0,0.8128582202111614,0.8070310952663898,0.005827124944771556,false,1.0
218,22.701834862385322,236.0,7,23.093670439563375,31,400,15,380,13.03959068813315,0.42053010297223914,64.8700576850888,391.348623853211,0.650995204491286,1.0,0.7883612160460516,0.7556722689075632,0.032688947138488356,false,0.923728813559322
555,41.37837837837838,636.0,8,37.21540679101656,58,125,21,102,20.851094160382566,1.401547960518412,114.5685424949238,111.46846846846847,0.5313394609256104,1.0,0.7902208090443389,0.7522345875287053,0.03798622151563358,false,0.8726415094339622
358,38.089385474860336,381.0,9,26.465880637421105,51,100,25,82,18.19284617701556,1.4289277635623034,79.59797974644665,90.71508379888269,0.710049785099226,1.0,0.8019717384160372,0.7889940125234245,0.012977725892612701,false,0.9396325459317585
247,38.23481781376518,279.0,11,25.92757331491003,46,378,31,353,13.592018284505636,0.21937677662745017,73.11269837220809,366.80161943319837,0.5806590401315094,1.0,0.7778201159006113,0.7459405940594059,0.03187952184120535,false,0.8853046594982079
502,50.24701195219124,561.0,12,36.08908761610458,67,69,32,42,19.021469210694068,1.090833868371633,108.88225099390856,55.603585657370516,0.5321075237451999,1.0,0.8108897742363882,0.8048269125390132,0.0060628616973750216,false,0.8948306595365418
129,38.883720930232556,140.0,14,17.89616536337006,44,146,34,130,9.929858635491946,0.03569699645598458,48.87005768508881,138.4496124031008,0.6787562959415042,1.0,0.7946496428028575,0.7371168757358015,0.05753276706705601,false,0.9214285714285714
531,51.18079096045198,579.0,15,33.61580693058648,63,31,40,1,21.43130320468598,0.1393736652684443,105.25483399593904,17.193973634651602,0.6023102914212303,1.0,0.7976958014844361,0.8161728925146701,-0.018477091030233983,false,0.917098445595855
179,51.60335195530726,185.0,18,16.567325408636783,60,84,45,68,14.330629075626323,-0.6662052678229328,53.04163056034262,76.41340782122904,0.7995196875558923,1.0,0.7929236499068901,0.8034660328777977,-0.010542382970907593,false,0.9675675675675676
165,51.8969696969697,170.0,19,16.406848271498042,59,182,45,167,13.041465766427672,-0.8861660455598421,51.698484809835,174.66666666666666,0.7757792843862269,1.0,0.7789661319073083,0.7322291235334712,0.0467370083738371,false,0.9705882352941176
182,52.065934065934066,197.0,20,24.879005290181993,57,364,46,341,10.445271012329238,-0.11177231407286879,60.8700576850888,353.57142857142856,0.617268088429699,1.0,0.7780866192630899,0.7271457197969925,0.05094089946609737,false,0.9238578680203046
405,65.92098765432098,438.0,22,28.27740363541234,80,51,51,30,20.15614015846701,1.3926369980163107,87.25483399593904,41.45432098765432,0.6684761145811524,1.0,0.8021399176954737,0.7970154433454798,0.005124474349993857,false,0.9246575342465754
580,67.58103448275862,673.0,24,37.329684790540036,82,113,55,79,22.36491718022141,0.2228194906466452,115.63961030678928,98.14827586206897,0.5450352846103903,1.0,0.7896281271129146,0.7379926227916912,0.051635504321223435,false,0.861812778603269
144,67.50694444444444,148.0,27,16.916953789837272,74,188,61,174,11.049566011405679,0.6558045486550294,48.04163056034261,180.75694444444446,0.7840375768137056,1.0,0.768818082788671,0.7275953711260386,0.04122271166263247,false,0.972972972972973
515,84.07378640776699,638.0,29,34.465526844170114,98,36,68,7,23.365007911630624,1.0303820558687662,121.05382386916237,21.056310679611652,0.4416315258628331,1.0,0.802802208261946,0.7611253196930949,0.0416768885688511,false,0.8072100313479624
817,111.92533659730722,1063.0,34,52.298409297942115,133,59,86,23,26.11599867783945,-0.9204022551610457,165.68124086713186,42.434516523867806,0.3740117475980201,1.0,0.803455972352221,0.7757631337612997,0.02769283859092131,false,0.768579492003763
127,109.76377952755905,128.0,39,14.459899244263704,116,396,104,383,11.576400824488859,-0.5619421740736779,42.970562748477136,389.1102362204724,0.8643139098341217,1.0,0.7728578045391385,0.8125618648230007,-0.0397040602838622,false,0.9921875
285,115.69473684210526,308.0,40,25.310603558520064,127,83,106,60,15.21020706314882,0.6267022401968314,74.35533905932738,70.70175438596492,0.64778428404969,1.0,0.8103474372205024,0.7792150249644547,0.03113241225604768,false,0.9253246753246753
2118,151.62322946175638,2894.0,43,82.21593915630183,177,142,115,71,45.099195984426544,0.6719162688053504,274.31475451951127,101.94145420207744,0.35370197487971966,1.0,0.8027958303245759,0.7970865111127894,0.005709319211786523,false,0.7318590186592951
116,142.07758620689654,123.0,53,15.64852365378376,148,45,136,31,10.343967663759797,0.41509256458034743,47.45584412271571,37.456896551724135,0.6472744249996291,1.0,0.8106490872210952,0.8148958469802174,-0.004246759759122254,false,0.943089430894309
340,154.1,377.0,55,28.023115828944047,166,268,143,246,16.336561729255624,-0.8180282302280947,84.01219330881976,255.89411764705883,0.6053466384484393,1.0,0.8006113033448675,0.7521726278451082,0.04843867549975933,false,0.9018567639257294
135,155.5185185185185,146.0,58,15.72046292813139,163,280,148,268,11.712668627079426,1.187910979387266,48.04163056034262,273.0074074074074,0.7350352282628487,1.0,0.8090631808278865,0.7919225335125266,0.017140647315359914,false,0.9246575342465754
253,163.03557312252966,294.0,60,24.654929910468372,174,237,152,220,16.039942956463538,1.4726819145230337,81.25483399593904,227.95256916996047,0.48153955872361914,1.0,0.799751995659924,0.7626635159085157,0.03708847975140839,false,0.8605442176870748
107,157.22429906542055,116.0,61,16.09351828201674,161,171,153,156,8.822775243166461,-0.057869807912316364,42.62741699796952,163.28971962616822,0.7399725455425583,1.0,0.7848634781015209,0.7288443723946271,0.056019105706893835,false,0.9224137931034483
422,176.10900473933648,542.0,63,34.82040851297397,195,215,158,191,18.459054640325302,-1.3184139341670837,123.46803743153545,203.03080568720378,0.3478669945986066,1.0,0.7977976024533039,0.7676509751703614,0.030146627282942484,false,0.7785977859778598
290,180.63793103448276,388.0,65,26.28027240467801,196,258,169,235,21.792626152687674,-1.4938629390042795,95.74011537017762,248.20344827586206,0.39757582512405415,1.0,0.8112373225152133,0.8198674591787938,-0.008630136663580479,false,0.7474226804123711
304,185.20394736842104,348.0,66,26.590547090437642,197,282,171,265,15.644425012223163,-1.1796512526542293,81.18376618407358,273.91776315789474,0.5796222629989813,1.0,0.8251418988648092,0.8308526107072044,-0.005710711842395244,false,0.8735632183908046
219,179.62100456621005,231.0,67,19.876940449358067,188,298,171,281,14.640141076200315,0.7582160633728959,64.698484809835,288.9908675799087,0.657454585846925,1.0,0.82395917271018,0.8435332618320823,-0.019574089121902283,false,0.948051948051948
132,179.0,132.0,68,17.015159868937996,187,151,172,138,10.08528555729698,-0.9927826431402993,44.8700576850888,144.1818181818182,0.823892481149652,1.0,0.7983957219251336,0.7859472829867821,0.01244843893835157,false,1.0
261,189.09195402298852,354.0,69,32.231153903666,200,241,180,213,14.323319248022244,0.4311449821417015,100.8111831820431,226.86206896551724,0.3227252512034063,1.0,0.8027045300878974,0.8034490317866279,-0.0007445016987304154,false,0.7372881355932204
131,201.5801526717557,145.0,70,21.706238777368068,211,289,192,278,8.456118642858515,-1.2829451464373545,52.8700576850888,284.25954198473283,0.5889271704471221,1.0,0.8261338123035472,0.8503859245409654,-0.02425211223741819,false,0.903448275862069
146,204.8013698630137,156.0,71,16.590976141923157,211,85,199,70,11.747330957742673,-0.28644942301153153,49.248737341529164,77.36301369863014,0.756436574161118,1.0,0.8017190437818963,0.8129181084198389,-0.011199064637942624,false,0.9358974358974359
191,207.63350785340313,206.0,72,18.88471386103751,215,99,199,83,14.058765219616687,-0.6488061470850718,57.04163056034262,92.30366492146597,0.7376653231538665,1.0,0.8037573144441025,0.8044198474734223,-0.000662533029319845,false,0.9271844660194175
428,212.59112149532712,496.0,73,38.026115307200705,228,70,200,39,16.715683220191426,-0.711042879007096,98.70458146424487,52.504672897196265,0.5520507578375731,1.0,0.8007421660252889,0.7867868168544017,0.013955349170887255,false,0.8629032258064516
105,228.14285714285714,106.0,78,13.861460118386802,233,202,223,189,9.761117995401909,0.6545323667966912,38.97056274847714,195.33333333333334,0.8688119958859657,1.0,0.8172549019607842,0.798870454164572,0.018384447796212178,false,0.9905660377358491
276,237.09420289855072,308.0,81,22.215474276943244,248,256,226,235,17.42438603194964,0.9069325873947683,77.01219330881976,245.6195652173913,0.5847900323322238,1.0,0.8211565785734586,0.8099527310924376,0.01120384748102099,false,0.8961038961038961
133,233.5187969924812,133.0,82,14.67703016797089,240,57,227,45,11.711226326965427,1.1734144025674023,42.384776310850235,50.93984962406015,0.9303400432203457,1.0,0.7966386554621849,0.6817678182384064,0.11487083722377855,false,1.0
278,248.90287769784172,305.0,89,23.188900781470807,259,319,237,299,16.503554733047515,-0.9544582622863242,79.49747468305833,309.71223021582733,0.5527744915568287,1.0,0.8361969248130908,0.8322100840336137,0.0039868407794770855,false,0.9114754098360656
149,246.93288590604027,154.0,90,16.555703173417207,255,232,239,218,11.877948747316735,-1.0897876742817127,49.04163056034262,224.29530201342283,0.7785138257176702,1.0,0.8100802737202263,0.7830038407115422,0.02707643300868412,false,0.9675324675324676
253,249.88537549407116,268.0,91,21.570668083059733,260,400,239,385,16.08785100956671,-1.3259939885794076,68.04163056034261,393.8379446640316,0.6867219988610028,1.0,0.8337595907928389,0.8695119688253854,-0.035752378032546495,false,0.9440298507462687
314,250.9044585987261,331.0,92,26.640103630543205,265,68,240,48,16.112274127508005,1.193537131018913,79.01219330881975,57.8343949044586,0.632049768948909,1.0,0.7917072561508682,0.7284622394685014,0.06324501668236682,false,0.9486404833836858
174,253.80459770114942,185.0,95,17.52339852863024,260,386,246,370,13.396200308154192,0.0355038457562835,53.834523779156065,378.71264367816093,0.7544619834897938,1.0,0.8391931485237772,0.8512905162064829,-0.01209736768270564,false,0.9405405405405406
408,264.7279411764706,447.0,96,26.26481065883634,279,372,252,349,21.937933966941987,1.4678871149113535,91.9827560572969,361.6348039215686,0.6059784653507656,1.0,0.8329680891964631,0.8283491292655545,0.0046189599309086615,false,0.912751677852349
210,264.3809523809524,217.0,97,19.99942590479956,272,350,257,330,13.75132950851208,-0.10002365101858592,57.698484809834994,340.7,0.7926844553664866,1.0,0.8407656395891691,0.8258533042846772,0.014912335304491875,false,0.967741935483871
113,267.23893805309734,121.0,98,15.940401874628616,274,400,260,390,9.645818444536049,-1.2150123064156266,44.14213562373095,396.08849557522126,0.728755131706727,1.0,0.8355370466770777,0.8118059855521159,0.023731061124961816,false,0.9338842975206612
763,290.9357798165138,848.0,100,37.89225863575997,304,321,276,284,28.027192381525545,0.06177705750944899,131.88225099390854,302.9777195281782,0.5512666244938028,1.0,0.8364094261557836,0.8257670510064495,0.010642375149334082,false,0.8997641509433962
163,290.4355828220859,166.0,102,19.356715044171562,300,277,282,264,10.98149030817282,-1.0998022311019828,51.698484809834994,270.1226993865031,0.7663758991209395,1.0,0.832455190665223,0.7822719823075248,0.050183208357698184,false,0.9819277108433735
216,289.3333333333333,219.0,103,19.852242452792115,297,355,282,334,14.265784670207877,-0.05777653253218086,58.526911934581186,345.01851851851853,0.7924144659975279,1.0,0.8366194625998548,0.7962422437329362,0.040377218866918585,false,0.9863013698630136
138,297.731884057971,158.0,104,18.10448468044453,307,81,291,68,11.160810826623718,-1.0990514227083132,52.04163056034262,73.20289855072464,0.6403053930275853,1.0,0.7987780619494174,0.7405206220419205,0.05825743990749688,false,0.8734177215189873
135,309.8814814814815,157.0,107,18.30179530768714,317,180,302,165,11.35099122638281,-0.896392607098542,59.94112549695428,173.36296296296297,0.47216505952912274,1.0,0.8139724037763253,0.7695922262710396,0.04438017750528567,false,0.8598726114649682
289,317.39446366782005,337.0,108,24.304825537202447,325,121,306,95,19.382969757515156,-0.015711162911778757,89.84062043356593,108.86851211072664,0.4499478923509618,1.0,0.8081145260872515,0.7878479093856586,0.02026661670159291,false,0.857566765578635
131,313.00763358778624,141.0,109,16.51161304765721,318,220,308,204,10.459416008494728,0.1678131296454555,46.04163056034262,211.9083969465649,0.7765684963590869,1.0,0.8309833857207004,0.8267989091518506,0.004184476568849793,false,0.9290780141843972
515,320.96893203883496,547.0,110,30.057353736344098,336,336,308,309,23.321820515915068,0.7080271038894325,97.91168824543142,324.26019417475726,0.6750687668657709,1.0,0.8387435750999432,0.8213752473466447,0.01736832775329855,false,0.9414990859232175
132,319.5530303030303,136.0,114,19.25365414367343,324,94,315,76,9.068164350461075,0.0717124793092273,48.8700576850888,84.91666666666667,0.694541326079679,1.0,0.8174093879976231,0.7840313725490199,0.03337801544860319,false,0.9705882352941176
116,325.2413793103448,121.0,115,13.97118577280499,331,291,318,280,10.942168764980714,1.2903442125856754,42.62741699796952,285.01724137931035,0.8022132269433343,1.0,0.8347870182555779,0.8577178239716939,-0.022930805716116054,false,0.9586776859504132
136,326.00735294117646,140.0,118,17.297246910617275,332,280,319,265,10.2946583137844,0.5977472257166008,47.698484809834994,271.99264705882354,0.7511723706207905,1.0,0.8349769319492503,0.8410457516339874,-0.006068819684737159,false,0.9714285714285714
340,338.7147058823529,352.0,120,25.082250742099312,347,330,328,304,17.82639868560112,0.18692638345051277,77.01219330881976,317.38235294117646,0.7203935180904206,1.0,0.8352133794694351,0.8092066711742171,0.026006708295218006,false,0.9659090909090909
176,341.0056818181818,196.0,121,23.39164172225394,350,183,330,168,10.742093114465984,-1.0920641068642007,61.597979746446654,175.9318181818182,0.5828940128215375,1.0,0.8373885918003563,0.8594536135797244,-0.022065021779368088,false,0.8979591836734694
2816,365.9651988636364,3140.0,122,72.37802107414161,400,304,330,244,53.39880564576526,-1.318261014464446,267.45079348883235,277.6853693181818,0.49471460638850767,1.0,0.8335631127450985,0.8263861672890399,0.0071769454560586254,false,0.8968152866242038
229,342.92576419213975,244.0,123,23.675858112942727,354,159,331,146,12.991343228656318,-1.429578682663215,65.90559159102155,152.44978165938863,0.6625227881096961,1.0,0.8262351228701089,0.8405643081321278,-0.014329185262018873,false,0.9385245901639344
206,351.7135922330097,283.0,124,28.539639035396505,364,33,339,13,13.845997431857684,-1.074707772287699,87.9827560572969,22.54854368932039,0.3344120823463216,1.0,0.8051018465638682,0.7711760167029778,0.03392582986089043,false,0.7279151943462897
1334,378.71814092953525,1707.0,125,60.87620439502012,400,194,349,144,36.2677118103615,1.0817106486267756,209.68124086713186,164.50524737631184,0.38128220581166483,1.0,0.8293323926272163,0.8326522187822494,-0.003319826155033123,false,0.7814879906268307
116,356.2413793103448,119.0,126,13.947494231841867,362,146,350,133,10.83253166835713,-0.7149201995870971,42.248737341529164,139.9655172413793,0.816658309178868,1.0,0.8338742393509126,0.848964632582005,-0.015090393231092403,false,0.9747899159663865
323,363.04334365325076,338.0,127,24.38144513327963,372,330,353,305,17.671292415943476,-0.41673685697394075,77.59797974644665,317.89164086687305,0.6740801790581679,1.0,0.8258240757603353,0.800745712155108,0.025078363605227305,false,0.9556213017751479
462,373.2445887445887,486.0,128,25.62777380047831,387,143,361,119,24.077608236485652,-0.9196847118620249,88.18376618407356,131.2792207792208,0.7465769096228482,1.0,0.8213054918937277,0.8174670523947288,0.003838439498998869,false,0.9506172839506173
132,370.8030303030303,147.0,129,18.997294598284267,379,70,365,55,9.907512939097165,-0.6913174928561108,49.4558441227157,61.166666666666664,0.6781855895913275,1.0,0.8109922756981579,0.8217240210205122,-0.010731745322354325,false,0.8979591836734694
136,373.7647058823529,136.0,131,15.303668385667105,380,249,368,235,11.519097293349162,0.5301244104985721,43.21320343559643,240.9191176470588,0.9151996556918408,1.0,0.8225490196078431,0.8146123975262478,0.00793662208159529,false,1.0
182,377.0164835164835,196.0,132,21.28356108150142,383,119,370,99,11.557169759138691,-0.24373695796360376,58.2842712474619,109.31318681318682,0.6732533307579358,1.0,0.8221073044602455,0.8407096171802051,-0.0186023127199596,false,0.9285714285714286
273,383.6227106227106,282.0,133,21.811916737543623,394,228,373,208,16.53762403285368,-1.0012686890375357,65.42640687119285,219.00732600732601,0.801431431059924,1.0,0.8311283487754079,0.8239565132983889,0.00717183547701894,false,0.9680851063829787
307,392.91205211726384,312.0,135,23.82153250044728,400,215,384,192,16.901596984409792,0.22084119746733308,69.45584412271572,203.57980456026058,0.7997065476587136,1.0,0.8318196333908158,0.8559125188536956,-0.0240928854628798,false,0.9839743589743589
1328,17.91039156626506,1558.0,3,53.68323439172159,41,296,1,245,35.96773173572588,0.31998805139618336,183.05382386916236,271.2635542168675,0.4980240643210724,0.0,0.940594731868651,0.7190535788783602,0.22154115299029076,true,0.8523748395378691
158,5.639240506329114,160.0,4,19.186802670098288,12,348,1,330,10.848267218700535,-0.3496889740825606,49.79898987322333,338.2974683544304,0.8006189841407972,0.0,0.9420948126085875,0.7302547187099139,0.21184009389867364,true,0.9875
740,12.071621621621622,766.0,5,44.597520579388615,26,385,1,342,21.831648934639357,-0.4359015924722848,117.49747468305833,361.50945945945944,0.6735727646347159,0.0,0.9409062003179646,0.5180192755068129,0.42288692481115164,true,0.9660574412532638
1013,29.340572556762094,1059.0,6,52.48732283850308,55,400,1,375,26.87366627766353,-1.455157861287137,141.74011537017762,389.81737413622903,0.633627102834594,0.0,0.943092735613494,0.7501473792131232,0.1929453564003708,true,0.9565627950897073
113,14.389380530973451,113.0,7,17.71712670885476,22,317,6,307,8.234248568345897,-1.2104980753107846,43.21320343559642,312.3274336283186,0.7604232433321915,0.0,0.9409682457053617,0.7267285861713106,0.2142396595340511,true,1.0
206,32.63106796116505,215.0,8,20.060506015694695,43,370,24,355,13.99938335318657,1.036504350462491,57.45584412271571,363.70873786407765,0.7841671865380673,0.0,0.9439558347610888,0.6205282112845139,0.32342762347657494,true,0.958139534883721
2284,49.75131348511383,2341.0,9,61.47691825516847,79,340,25,285,48.5130858303826,-0.5824666355585428,190.95331880577402,310.2338003502627,0.7871392013466758,0.0,0.9407231894509118,0.741860046771002,0.1988631426799098,true,0.9756514310123878
124,48.733870967741936,124.0,11,14.303396233255906,55,365,44,351,11.493551320601867,0.08891365941355417,42.384776310850235,358.71774193548384,0.8673847019497959,0.0,0.9425363693864643,0.6774713204783988,0.2650650489080656,true,1.0
169,52.946745562130175,171.0,12,17.5417770790022,61,281,45,269,12.39055807718422,1.3881855207666458,49.79898987322333,275.4260355029586,0.8563582805050299,0.0,0.9378582202111616,0.784076321111404,0.1537818990997576,true,0.9883040935672515
141,57.53900709219858,141.0,14,15.474449875956603,64,388,51,374,11.659944589574152,0.7885472260142713,44.04163056034261,381.26241134751774,0.9134866347811076,0.0,0.9417327214573773,0.8312145370968901,0.11051818436048721,true,1.0
1077,76.15784586815228,1108.0,17,47.888994768381515,92,364,58,319,29.540475134588856,-0.4533885283150452,132.71067811865476,343.83008356545963,0.7684468429265177,0.0,0.9389152875634934,0.6324464065545083,0.30646888100898506,true,0.9720216606498195
263,83.02661596958175,264.0,20,20.4810584996965,91,243,73,224,16.92779580562944,-0.6253169826875707,61.112698372208094,234.70722433460077,0.8849173141432136,0.0,0.937776783717289,0.7397579656862746,0.1980188180310144,true,0.9962121212121212
349,83.58166189111748,353.0,21,22.132640708504272,95,396,73,376,20.60317675120407,-1.567771663648424,72.52691193458118,386.6074498567335,0.8337520566654392,0.0,0.9395921119163998,0.8459721237892751,0.09361998812712469,true,0.9886685552407932
337,89.98516320474778,344.0,23,28.447644562489987,102,271,75,253,15.78672381472711,-1.2151323854941367,76.76955262170046,262.7091988130564,0.7185578618186829,0.0,0.9396636993076163,0.8234146341463414,0.11624906516127487,true,0.9796511627906976
101,97.74257425742574,104.0,26,15.218191862364623,104,285,92,273,8.593489614313098,-0.8208351208203589,38.62741699796952,278.8217821782178,0.8506284457768339,0.0,0.9332556785090275,0.7601397966594045,0.173115881849623,true,0.9711538461538461
3200,126.4146875,3367.0,27,70.34819920581596,157,400,94,336,59.509025875797484,0.5234536778394664,232.75230867899737,371.111875,0.7422869876893081,0.0,0.9392757352941171,0.7337557399610296,0.2055199953330875,true,0.9504009504009504
786,124.80407124681933,823.0,30,34.753824682353574,140,289,109,254,29.89695522767878,-0.18185424317683735,114.56854249492379,271.2226463104326,0.7524915608784322,0.0,0.9385620915032674,0.7415590626494503,0.19700302885381715,true,0.9550425273390036
100,120.19,100.0,32,13.563331868465568,125,228,116,215,9.436992562562837,0.20586156696247082,36.970562748477136,221.49,0.9193856936786339,0.0,0.9324313725490196,0.5882710422364025,0.34416033031261717,true,1.0
243,139.72427983539094,245.0,35,25.620989699521008,146,334,133,310,12.27889963892069,-0.17797000222755086,63.45584412271571,322.6255144032922,0.7583555792400204,0.0,0.9321552489308481,0.8045248868778281,0.12763036205302003,true,0.9918367346938776
292,150.64383561643837,309.0,38,20.46253294800132,162,260,141,240,19.15774561659758,0.7675151812507559,73.59797974644665,250.763698630137,0.677424546246576,0.0,0.9339914047810906,0.665850617703729,0.26814078707736155,true,0.9449838187702265
164,151.6280487804878,164.0,39,16.313070087963567,159,282,144,269,12.849945642695886,1.0332748325949463,46.62741699796952,275.6768292682927,0.9479184945424235,0.0,0.9341224294595887,0.8261901216182678,0.1079323078413209,true,1.0
238,155.23949579831933,240.0,40,20.121938047478316,166,235,146,220,15.300993131057405,1.2560649765732461,58.8700576850888,228.0924369747899,0.8629743716238297,0.0,0.9306969846762235,0.6474241203330648,0.2832728643431587,true,0.9916666666666667
236,166.47457627118644,296.0,42,33.6266420551509,179,73,155,49,11.181040997687559,-0.75082757697045,83.84062043356595,61.73728813559322,0.42190327831792074,0.012711864406779662,0.9353938185443671,0.749518383782918,0.18587543476144908,true,0.7972972972972973
422,164.95971563981044,426.0,43,26.04499758772568,176,330,155,306,20.91457987587209,-0.3761308128734025,78.52691193458118,317.5924170616114,0.8599739116787039,0.0,0.9380447913762663,0.7914695775217303,0.14657521385453598,true,0.9906103286384976
294,174.6768707482993,301.0,45,26.92011339263213,185,278,162,259,14.413294355751745,0.9785620485031904,72.18376618407356,267.078231292517,0.7090520536528212,0.0,0.9335867680405496,0.7732523028704662,0.16033446517008343,true,0.9767441860465116
250,175.708,258.0,46,24.257606731333603,188,303,164,288,13.3711140772921,1.4835861716810028,64.5269119345812,295.06,0.7545154021058882,0.0,0.9357019607843139,0.8115370018975334,0.12416495888678047,true,0.9689922480620154
230,178.7173913043478,253.0,47,31.23259264905989,191,112,165,92,10.328755512856075,0.9024573520823711,77.25483399593904,103.47826086956522,0.48426866962542525,0.0,0.9295140664961637,0.484107111092867,0.4454069554032967,true,0.9090909090909091
618,185.20550161812298,638.0,48,37.940397718065135,201,378,166,355,21.35827989159728,1.2844095798309239,104.08326112068522,365.7411003236246,0.7168636465417534,0.0,0.9389491719017702,0.722690673227466,0.21625849867430413,true,0.9686520376175548
485,187.3484536082474,541.0,49,50.06118091536161,197,167,176,124,13.517380386849679,0.35765723878518196,112.91168824543142,145.82061855670102,0.4780505262991526,0.0,0.9288942793612291,0.6845430832883612,0.24435119607286793,true,0.8964879852125693
231,191.87012987012986,245.0,51,28.341026202627923,207,400,177,389,12.122175457111297,-1.541203831051735,70.83452377915607,396.02597402597405,0.5785379960524711,0.0,0.9416178592649183,0.8126757773816599,0.1289420818832584,true,0.9428571428571428
139,193.37410071942446,141.0,52,16.385586697194178,199,297,188,281,11.017585613839797,-0.19503068921145253,46.04163056034262,289.28776978417267,0.8239925266710921,0.0,0.93415150232755,0.8581699346405228,0.07598156768702713,false,0.9858156028368794
604,201.45364238410596,623.0,53,39.391857252608744,212,273,190,234,19.983304460266787,-0.14823296235360997,105.74011537017762,255.14403973509934,0.6788397155535526,0.0,0.9364757823659265,0.6773475935828879,0.25912818878303867,true,0.9695024077046549
165,195.4909090909091,169.0,54,18.623517006963958,202,342,190,324,11.439031700596292,-0.2994531694046307,52.04163056034261,333.45454545454544,0.7655825351416783,0.0,0.9365418894830659,0.8539230253765692,0.08261886410649677,true,0.9763313609467456
113,207.2212389380531,113.0,56,12.303541405338871,213,229,201,217,11.986762129520915,0.29887919579654265,39.798989873223334,223.6283185840708,0.8964874381699722,0.0,0.9365955231650182,0.86184012066365,0.07475540250136814,true,1.0
1970,230.02994923857867,2128.0,57,63.520724097229674,269,315,202,270,42.44083932984811,-1.4661684653034543,202.85281374238568,291.39187817258886,0.6016085751690787,0.0,0.9368149696426791,0.4805965717679035,0.4562183978747756,true,0.9257518796992481
260,212.27692307692308,261.0,58,19.338390224509073,222,182,204,165,17.468840583600926,-1.454695597617234,59.45584412271571,174.02307692307693,0.9242599045235003,0.0,0.924660633484163,0.8300574371162605,0.0946031963679026,true,0.9961685823754789
106,211.83018867924528,107.0,59,13.421905109202262,218,331,206,320,10.186959485187375,0.9895578207124085,38.38477631085023,325.5660377358491,0.9040609300033281,0.0,0.9306326304106548,0.6189617609495907,0.31167086946106415,true,0.9906542056074766
308,221.41558441558442,319.0,61,24.33453829262342,235,400,208,383,18.355651054268883,1.3779554709339545,74.49137802864846,393.54545454545456,0.6975069891045332,0.0,0.9368474662592312,0.8171840958605663,0.11966337039866493,true,0.9655172413793104
158,214.9746835443038,160.0,62,17.55198843822446,220,376,209,359,11.601324779287223,0.21052935829737515,48.04163056034261,367.5253164556962,0.8602634523372603,0.0,0.9362372797220153,0.5787821090957678,0.35745517062624754,true,0.9875
169,224.4792899408284,170.0,63,17.404950482749275,232,242,215,230,12.594538743490043,1.3858523784600076,48.62741699796952,236.0059171597633,0.8981195832775739,0.0,0.9339366515837103,0.6711191416270719,0.26281750995663844,true,0.9941176470588236
1427,251.59495444989489,1456.0,64,56.53613026626768,279,400,223,365,33.03960025606107,1.3296589621585988,156.71067811865476,385.39032936229853,0.7301913053523266,0.0,0.9410747901122605,0.7613644910018803,0.17971029911038017,true,0.9800824175824175
123,233.65853658536585,127.0,65,16.989980285007235,239,163,229,148,9.514097100672362,-0.23093584587903537,44.384776310850235,155.609756097561,0.7845974720434983,0.0,0.9413996492906105,0.6279167088522157,0.31348294043839475,true,0.968503937007874
5182,291.29891933616364,5767.0,66,97.18168768616003,341,234,236,155,70.42989110945351,1.259841190468122,364.33304448274095,191.48321111539946,0.49058034787601035,0.02238517946738711,0.9418113984304646,0.810455474312019,0.13135592411844554,true,0.898560776833709
212,246.87264150943398,214.0,68,22.400568521827303,256,164,239,145,12.36116368161062,-0.614475422454334,58.52691193458119,153.7311320754717,0.7777401240346105,0.0,0.9357380688124309,0.6452396689012684,0.29049839991116255,true,0.9906542056074766
229,251.51528384279476,235.0,69,18.505786981471523,260,349,243,331,16.34526073770317,0.3706010085329816,60.526911934581186,340.1965065502183,0.7855038401754468,0.0,0.9375460227759227,0.6474290130990155,0.29011700967690723,true,0.9744680851063829
128,269.390625,128.0,71,15.991637509852826,277,327,262,318,10.176803743856325,-1.4044098836728476,41.556349186104036,322.4765625,0.9314189294147708,0.0,0.9354166666666665,0.5917102396514162,0.3437064270152502,true,1.0
329,276.9240121580547,392.0,72,32.99733749871285,291,294,265,269,14.657540597912753,0.6042779337725486,92.66904755831214,281.13981762917933,0.48143356237155766,0.0,0.937290660945229,0.513830944142363,0.423459716802866,true,0.8392857142857143
170,274.59411764705885,172.0,73,18.535898915638832,282,370,265,357,12.125809708130861,1.2749223643601615,52.04163056034262,363.0352941176471,0.7887820059035471,0.0,0.9331257208765859,0.8198202614379085,0.11330545943867731,true,0.9883720930232558
239,294.40167364016736,245.0,77,20.421785248158475,305,369,285,353,15.346941660693394,-1.4581933467542838,60.526911934581186,360.8619246861925,0.8198053179123659,0.0,0.9367954713266061,0.8422040933161588,0.09459137801044737,true,0.9755102040816327
522,305.59961685823754,546.0,78,37.7386437991521,326,316,289,295,19.066621307736117,-1.436607591883181,99.25483399593904,306.15325670498083,0.6658509632365689,0.0,0.9432875065735106,0.749243960907247,0.19404354566626358,true,0.9560439560439561
3091,350.4943384018117,3284.0,80,99.24873534848258,392,400,293,353,43.0056590285669,-1.3898335667548785,270.3025612106915,382.3325784535749,0.5316288581017934,0.0,0.9322359030962754,0.8679887804685339,0.06424712262774146,true,0.9412302070645554
129,311.7751937984496,129.0,81,13.627237944206467,318,337,306,325,12.119577885240904,0.6684898556724312,40.97056274847714,331.0077519379845,0.9657299846443261,0.0,0.9402948776409786,0.7882438940488478,0.15205098359213087,true,1.0
340,323.6205882352941,350.0,83,23.492039090543273,334,356,312,336,18.730529888057553,1.000992063941856,71.59797974644667,346.46176470588233,0.8334647652801089,0.0,0.9375663206459055,0.7004123537827149,0.23715396686319057,true,0.9714285714285714
117,339.1025641025641,117.0,88,14.013784427235915,346,332,332,321,10.78107454225728,1.1557456533795,40.04163056034261,325.7264957264957,0.9170060840276669,0.0,0.9436232612703201,0.7610145837694511,0.18260867750086907,true,1.0
654,355.282874617737,796.0,89,49.565577728003404,375,262,339,221,21.10264008868817,0.7718184650998005,137.53910524340094,244.7981651376147,0.4344454197215483,0.0,0.9383402290579834,0.8670958194598597,0.07124440959812373,true,0.821608040201005
1806,369.7198228128461,2183.0,90,59.829815959745616,400,311,339,255,48.400316480089366,1.1431340555660854,226.92997820866105,282.74418604651163,0.4407008286801747,0.0,0.9388161466136835,0.8602215198005805,0.07859462681310303,true,0.8273018781493358
388,349.21907216494844,395.0,91,26.1708900051913,359,143,340,118,19.412065122353603,-0.07350462330389548,77.698484809835,129.48453608247422,0.8076375266542997,0.7551546391752577,0.8868202951283607,0.8113380181012394,0.07548227702712129,true,0.9822784810126582
467,355.03426124197,505.0,93,37.55943902429949,371,359,340,331,16.53949097670065,-0.8459754666415844,95.1543289325507,345.92077087794434,0.6481412211326889,0.0,0.9379266910190202,0.7108229834857378,0.22710370753328235,true,0.9247524752475248
125,372.368,128.0,94,15.539778693530875,378,335,366,320,10.504244387678906,-0.43128066336944393,42.87005768508881,327.328,0.8546961373633033,0.0,0.9406431372549018,0.8572171037089538,0.08342603354594802,true,0.9765625
106,381.10377358490564,110.0,96,12.935684900171081,387,265,376,253,10.591891714091032,0.3813861507399489,38.62741699796952,258.9811320754717,0.8927387648746969,0.0,0.9230484646688865,0.8812135023500925,0.04183496231879391,true,0.9636363636363636
160,388.28125,160.0,97,17.05575570691803,396,330,380,317,12.129919507809317,-1.099268281507383,47.45584412271571,323.50625,0.8927923103443159,0.0,0.9403186274509802,0.8857281339502093,0.05459049350077083,true,1.0
180,394.3722222222222,181.0,98,20.132253478348634,400,182,388,163,11.514865304029357,0.4023303051341289,52.62741699796952,172.32222222222222,0.8166919205711597,0.0,0.9050108932461877,0.8217288635884459,0.08328202965774179,true,0.994475138121547
244,394.91803278688525,244.0,99,25.116883081974983,400,311,388,287,12.712119245047585,-0.15289551643948118,62.62741699796952,299.5409836065574,0.7817550407638815,0.0,0.9443426550948248,0.8782461015902423,0.06609655350458254,true,1.0
298,396.36241610738256,348.0,100,49.69140593581562,400,101,389,57,9.568651695498973,0.1243802269615993,102.8700576850888,75.98657718120805,0.35387359767573673,0.0,0.8941571259376236,0.8118918918918923,0.08226523404573138,false,0.8563218390804598
129,396.48062015503876,129.0,101,17.966679525847596,400,130,391,114,9.638184420342377,0.15686548128986338,44.72792206135786,121.20930232558139,0.8102930787754026,0.0,0.8985560115519075,0.8141884122069881,0.08436759934491933,false,1.0
131,4.030534351145038,135.0,1,22.12476113131977,8,82,1,61,7.944404121835788,-0.15304621484882144,52.14213562373095,70.74809160305344,0.6054851969186249,1.0,0.8023948510701989,0.6833717800845832,0.11902307098561571,false,0.9703703703703703
385,34.13246753246753,434.0,4,26.33376749620367,47,201,24,175,22.07716055135825,-0.02085925621261512,98.5685424949238,187.4,0.49795938730288963,0.8987012987012987,0.7997249809014516,0.7258151759035094,0.0739098049979422,false,0.8870967741935484
5557,74.37952132445564,6537.0,5,144.35479700675518,104,333,38,193,55.75913348527557,-0.09595381683639974,454.75945135393374,275.08511786935395,0.3376655800686367,0.9553716033831204,0.8239909388264937,0.7469039666695054,0.07708697215698823,false,0.8500841364540309
243,65.17695473251028,248.0,8,19.063188986115765,74,169,56,150,16.670066137866492,-0.4743146194982069,61.35533905932738,159.87654320987653,0.811169133819276,0.8847736625514403,0.8070846445574117,0.7362529964964044,0.07083164806100728,false,0.9798387096774194
13359,153.08960251515833,19200.0,10,226.4009874455872,207,288,83,58,104.0888543995995,0.2680364100698403,904.2762620207483,162.81248596451832,0.2052965036359179,0.9648925817800733,0.8317929162832136,0.7153564299173527,0.1164364863658609,false,0.69578125
221,170.0,236.0,17,21.20716429848665,179,62,161,43,14.49066195553508,-0.8016423944567224,61.35533905932737,52.43891402714932,0.737729952979671,1.0,0.8455327832490462,0.7326587422533779,0.11287404099566833,false,0.9364406779661016
248,194.63306451612902,257.0,21,20.116973767212396,204,262,184,244,16.094863134270216,-1.06021653391429,63.35533905932738,252.69758064516128,0.7764171251454589,1.0,0.792900063251107,0.7669904325366514,0.02590963071445551,false,0.9649805447470817
504,230.30357142857142,539.0,22,31.227499329400544,246,264,215,242,21.325210747438458,-1.4970938953780033,97.49747468305833,252.9920634920635,0.6662752277534807,0.0,0.7314737005913475,0.6562390859651749,0.07523461462617265,false,0.935064935064935
280,227.21428571428572,302.0,23,22.22450228064153,238,245,217,227,16.65340770454136,1.4226281012649244,73.5269119345812,235.99285714285713,0.6508415079359097,0.0,0.7358263305322126,0.5123339658444024,0.2234923646878102,false,0.9271523178807947
781,279.53649167733676,840.0,26,43.13395585538728,302,68,260,41,25.195273826288826,-1.3872419873522999,126.22539674441619,53.377720870678615,0.6159811312681389,0.0,0.7264542692877408,0.5124071661600474,0.21404710312769337,false,0.9297619047619048
131,274.2748091603053,131.0,30,15.980955740372291,282,94,266,83,10.575613318658464,1.4836336775750727,44.04163056034262,88.94656488549619,0.8487003486264189,0.0,0.724113156713067,0.5388785689714484,0.1852345877416186,false,1.0
132,271.54545454545456,134.0,31,15.426509398300507,277,282,266,267,11.134944773638075,-0.1381506242226809,44.62741699796952,274.79545454545456,0.8328758957991738,0.0,0.718716577540107,0.6200359443468428,0.09868063319326414,false,0.9850746268656716
288,281.64930555555554,327.0,32,24.834924999595657,294,224,269,204,15.976329045517046,1.200482163239911,73.59797974644665,213.69791666666666,0.6681447579418284,0.6388888888888888,0.7319172113289757,0.5994844314537411,0.1324327798752346,false,0.8807339449541285
3525,308.262695035461,4144.0,38,110.01688719449037,337,231,282,124,44.85731520204528,-0.20201445413065364,347.9188309203678,172.88113475177306,0.36594272241610226,0.0,0.7114693366708388,0.5831028353787561,0.1283665012920827,false,0.8506274131274131
125,289.784,137.0,39,19.543928436669578,296,287,284,270,8.757083376463777,-0.3471462401823317,50.2842712474619,278.296,0.6212344858092264,0.0,0.7192156862745097,0.6586171310629516,0.0605985552115581,false,0.9124087591240876
933,304.615219721329,1058.0,40,40.70518268419087,327,43,285,5,32.32984250795117,-1.2768717557855491,148.30256121069152,22.45230439442658,0.5330822288962949,0.0,0.714536704285144,0.5577533830433582,0.15678332124178584,false,0.8818525519848771
514,310.78988326848247,583.0,42,30.40202649488591,322,308,296,279,24.488021325374852,-0.14812037789930904,123.18986283848345,294.54474708171205,0.4256209920721263,0.0,0.7171663996337836,0.6374953435605678,0.07967105607321578,false,0.8816466552315609
493,319.6227180527383,554.0,44,31.427229647927064,334,276,304,253,21.554322586714058,-1.2870979309419954,102.7401153701776,264.9350912778905,0.5869169948077135,0.0,0.7262140556019567,0.5330125280013275,0.19320152760062925,false,0.8898916967509025
2358,355.81340118744697,2602.0,47,71.53781685283084,390,275,329,212,46.2039360598924,-0.66393831958198,242.20815280171306,240.56403731976252,0.5050985824802657,0.0,0.7182574132282261,0.6209567856626682,0.0973006275655579,false,0.9062259800153728
1033,362.215876089061,1201.0,48,57.290370493566,387,142,334,110,25.3793012333355,-1.3325857197566193,166.30256121069152,126.3620522749274,0.46936673818031394,0.0,0.7057532790463719,0.5135554799954666,0.19219779905090528,false,0.8601165695253955
3694,372.6559285327558,4536.0,50,107.6612276055951,400,343,338,231,51.705548768408946,-0.3981130358883293,391.0548698896889,293.0893340552247,0.3035507832988351,0.0,0.7142255061201526,0.5890574906169983,0.12516801550315426,false,0.814373897707231
220,354.8909090909091,233.0,51,22.54709761004143,366,158,345,143,12.983535382019666,-1.2079117561034876,63.35533905932737,150.39545454545456,0.6887571271451653,0.0,0.7064349376114081,0.6386327503974563,0.06780218721395181,false,0.944206008583691
120,366.15833333333336,123.0,52,14.533724991096316,373,181,360,168,10.762680071786344,-0.691906363243555,43.21320343559643,174.34166666666667,0.8075291079633888,0.0,0.7120588235294119,0.6501372765203106,0.06192154700910124,false,0.975609756097561
205,369.8341463414634,218.0,53,20.031195366148957,377,212,361,194,13.629920976077532,-0.5160080950910086,59.112698372208094,203.97560975609755,0.7372285682931426,0.0,0.7153897656623622,0.6201913725490199,0.09519839311334233,false,0.9403669724770642
105,374.45714285714286,108.0,54,14.38257842749379,380,39,369,26,9.716266611716701,-0.47527642085010335,40.62741699796952,32.60952380952381,0.7993937338494863,0.0,0.6975536881419233,0.5737197917476109,0.12383389639431241,false,0.9722222222222222
404,389.720297029703,497.0,55,30.254308821851964,400,28,370,5,21.476016705752333,-1.328792220521915,102.08326112068522,16.081683168316832,0.48717181917642816,0.0,0.6960590176664724,0.5468507214206441,0.14920829624582832,false,0.8128772635814889
178,388.69101123595505,185.0,56,18.648656225965542,396,123,382,104,12.559299995237676,0.2227683869268696,54.526911934581186,113.33707865168539,0.7523294472267069,0.0,0.7003525005507822,0.6126369286768999,0.08771557187388235,false,0.9621621621621622
109,397.43119266055044,116.0,59,21.501237629432335,400,216,393,196,7.060665422567006,-0.12125554829331535,48.384776310850235,206.8165137614679,0.5850848958155238,0.0,0.7042273790250044,0.6300552262248568,0.07417215280014766,false,0.9396551724137931
1212,17.28052805280528,1453.0,4,59.05863293996384,41,321,1,269,29.354833604067093,0.5823000876961406,193.4741340859453,297.5874587458746,0.40688029774936535,0.1476897689768977,0.7574322138096167,0.6818591140159772,0.07557309979363946,false,0.8341362697866483
229,6.593886462882096,232.0,8,20.626867860664966,15,397,1,377,15.24484701563936,-0.1884058383768099,60.04163056034262,386.87772925764193,0.7982526895617504,0.0,0.7793646716328453,0.5950378924575969,0.18432677917524842,false,0.9870689655172413
386,22.28497409326425,401.0,11,25.299968666608116,33,345,13,320,20.013337284995178,-0.28337033316701715,81.94112549695429,332.60362694300517,0.7224259187455617,0.0,0.7918520776186124,0.6576187517260427,0.13423332589256975,true,0.9625935162094763
303,27.105610561056107,332.0,12,23.783347348937788,38,81,15,62,17.576042758031615,1.0916519306589796,80.18376618407356,71.53135313531354,0.5922152554705954,1.0,0.8733061541448263,0.7656445810401925,0.10766157310463376,false,0.9126506024096386
2882,60.731089521165856,3737.0,15,97.9442863978708,103,170,18,95,43.983775513711365,0.9755704510224729,352.91883092036784,136.06870229007635,0.29077306657688035,0.9944482997918113,0.866884380400321,0.7104597346497995,0.1564246457505215,false,0.7712068504147712
113,36.8141592920354,118.0,20,13.734684376749914,43,65,31,52,10.95655273610564,0.5381565325818704,42.62741699796952,57.86725663716814,0.7814663331430756,1.0,0.8713864306784659,0.8500348068221373,0.021351623856328605,false,0.9576271186440678
144,37.74305555555556,155.0,21,15.571959922446016,45,96,31,81,12.73859412270906,-0.38742752681003234,52.698484809834994,87.71527777777777,0.6515925333613839,1.0,0.8600762527233113,0.8388162672476398,0.02125998547567154,false,0.9290322580645162
346,49.96531791907515,355.0,22,33.38309697364002,66,400,34,387,13.684753135422099,1.4980248932387434,84.04163056034263,394.65895953757223,0.6155977488043167,0.0,0.7532018587781935,0.6042050087361682,0.14899685004202523,false,0.9746478873239437
583,61.06518010291595,667.0,28,37.81708016922562,77,314,44,283,21.6624604033299,0.9020416896550932,122.56854249492379,300.27272727272725,0.48766363914213556,0.0,0.7254565634143881,0.631144385026738,0.09431217838765016,false,0.8740629685157422
196,56.87755102040816,211.0,29,21.923385910502834,64,92,49,72,12.014979642450657,0.3869625560283263,63.526911934581186,82.27551020408163,0.6103099439500932,1.0,0.8567426970788317,0.8376965200494615,0.01904617702937017,false,0.9289099526066351
180,67.41666666666667,195.0,32,22.901192035160157,76,115,60,96,10.79856396080657,0.6053735645619787,61.941125496954285,106.43888888888888,0.5895548063474475,1.0,0.8608061002178649,0.8267327861377113,0.03407331408015357,false,0.9230769230769231
431,74.36890951276102,452.0,33,29.0508810501571,88,29,61,4,19.33524348734585,0.74191322154864,88.91168824543142,16.907192575406032,0.685124378099002,1.0,0.8580319366725812,0.8359342872284049,0.02209764944417625,false,0.9535398230088495
217,71.0,224.0,34,22.301147784401035,81,55,62,38,12.800748914187722,0.945134133705314,60.284271247461895,46.55760368663594,0.7503459924426877,1.0,0.8618053673082136,0.8425867107102019,0.019218656598011696,false,0.96875
1043,91.4602109300096,1202.0,36,59.35605340180929,117,117,69,70,23.7039272063888,0.8339888642725602,171.99494936611666,94.11601150527325,0.44306024609065814,1.0,0.8691782753369807,0.8359822064535203,0.03319606888346038,false,0.867720465890183
115,77.01739130434783,127.0,37,20.201634977037937,83,296,72,278,8.010340258678802,-0.4369909059111904,51.4558441227157,287.45217391304345,0.5458059806906923,0.1826086956521739,0.7322080136402386,0.615594699418229,0.1166133142220096,false,0.905511811023622
223,85.04932735426009,244.0,38,21.311766394537234,94,318,77,299,14.17792594448081,0.7367187196159628,66.90559159102155,308.1838565022422,0.6260224339678411,0.0,0.7408775169260526,0.5955089626609724,0.14536855426508022,false,0.9139344262295082
121,90.83471074380165,127.0,40,13.736973418779248,96,36,84,23,11.795754923866852,0.8095064335377647,42.79898987322333,29.8099173553719,0.8300957612334419,1.0,0.8725004051207259,0.828908206037078,0.043592199083647865,false,0.952755905511811
5471,137.7982087369768,6022.0,43,101.41023382717441,175,241,97,130,71.75421251696126,-0.0464433892729656,383.98989873223326,183.69274355693656,0.46626946883531145,0.7208919758727838,0.8536848480938714,0.627516427836276,0.22616842025759532,false,0.9085021587512454
400,121.755,420.0,48,27.118190926678626,134,134,110,108,19.49705672311093,0.6283324477717587,83.53300858899107,120.1475,0.720366665982074,1.0,0.8759313725490198,0.8243363188896964,0.051595053659323376,false,0.9523809523809523
131,138.29007633587787,132.0,50,18.353548674632275,147,272,130,262,9.236849329663277,-1.3158282265790837,45.79898987322333,266.59541984732823,0.7848187329971098,0.1297709923664122,0.7397096243077383,0.6062226801548646,0.13348694415287377,false,0.9924242424242424
193,143.33160621761658,198.0,51,16.925396597987163,151,70,136,53,14.922540977655828,-0.22008974680167293,53.698484809834994,62.21761658031088,0.8410912402565285,1.0,0.8397846185106164,0.8121763622576105,0.02760825625300589,false,0.9747474747474747
138,179.1159420289855,150.0,57,19.378301849611244,185,134,174,116,10.05458770688754,0.24940678861068039,50.87005768508881,125.6159420289855,0.670138378074457,1.0,0.8263427109974425,0.7598940351334332,0.06644867586400927,false,0.92
3668,221.3830425299891,4460.0,58,96.66162039827819,269,263,182,188,56.05392623069015,1.0261809142836902,435.48737341529164,228.06870229007635,0.24304576384642207,1.0,0.7542765197682127,0.6929812834224599,0.061295236345752846,false,0.8224215246636771
789,203.43346007604563,842.0,60,33.486394559897185,220,160,187,128,31.56717145704967,0.35516666649314343,121.63961030678927,142.9024081115336,0.6700956936364577,1.0,0.8079226620939888,0.6912032726759774,0.11671938941801141,true,0.9370546318289786
153,212.98692810457516,165.0,61,15.990592545269317,221,172,206,159,12.845631549017684,1.5105071651570767,48.87005768508881,166.07843137254903,0.8050365370469004,1.0,0.763424323977957,0.6951749062761284,0.06824941770182857,false,0.9272727272727272
241,231.54771784232366,262.0,62,20.70438718664625,240,279,221,261,16.454798260624337,1.0258362220925115,67.11269837220809,270.4439834024896,0.6723842087280631,1.0,0.7304694491904644,0.6772885485555173,0.05318090063494707,false,0.9198473282442748
737,260.95115332428765,880.0,63,43.78193262426701,281,294,241,265,24.42106400759788,1.1685268773193345,148.1959594928933,279.033921302578,0.42170099528437177,1.0,0.7337962593449868,0.6912043226381466,0.04259193670684025,false,0.8375
129,282.6356589147287,129.0,64,14.14314920197956,289,154,276,143,11.747956294439943,-1.3861430238629868,41.55634918610405,148.35658914728683,0.9386956398008229,1.0,0.7260981912144702,0.6818228668188183,0.04427532439565185,false,1.0
212,297.438679245283,220.0,66,22.982113200951357,307,158,289,140,12.205262481193088,-0.8762766506992323,60.8700576850888,148.00943396226415,0.7190155755334956,1.0,0.7507769145394007,0.6902763835909789,0.06050053094842178,false,0.9636363636363636
813,315.0959409594096,881.0,67,47.88478113522881,342,299,292,271,22.940891144912626,1.239815585580545,143.78174593052023,286.539975399754,0.4941888059244489,1.0,0.7509200974362686,0.597281776088873,0.15363832134739563,false,0.9228149829738933
150,304.38666666666666,161.0,68,18.81941750867366,310,168,298,150,10.958272986946874,-0.2968642582376823,53.698484809834994,159.36,0.6536978551216543,1.0,0.7572810457516338,0.6919934640522875,0.06528758169934634,false,0.9316770186335404
315,311.7142857142857,322.0,70,27.30957055456535,326,217,299,200,14.960488622329247,-1.385481375334286,72.76955262170047,208.63174603174602,0.7475168865981219,1.0,0.7368316215375038,0.678795640171889,0.05803598136561483,false,0.9782608695652174
269,315.86617100371745,274.0,71,20.501877777064767,324,145,305,127,17.655404429376606,0.9901143368703641,65.45584412271572,134.76579925650557,0.7889787171305268,1.0,0.7583205773015526,0.6911850554582604,0.06713552184329219,false,0.9817518248175182
8688,365.37246777163904,9225.0,72,134.55490017725117,400,221,315,87,87.40979508302622,-0.044739722931097195,464.67009357883865,154.95741252302025,0.5056386141775663,1.0,0.7752717293178785,0.6624058274709377,0.11286590184694079,false,0.9417886178861788
109,382.25688073394497,111.0,75,12.742587727859195,389,61,376,49,11.168600804260251,1.0237990618749342,39.45584412271571,54.46788990825688,0.8798602214147272,1.0,0.7745637704623133,0.7395910439142191,0.034972726548094135,false,0.9819819819819819
310,390.30967741935484,331.0,76,23.79456626159355,400,76,379,57,17.900574357051564,-1.169206208901151,74.8700576850888,67.26129032258065,0.6949526612989286,1.0,0.7686654016445289,0.7494809688581314,0.019184432786397476,false,0.9365558912386707
253,391.2490118577075,253.0,78,21.911433552606386,400,89,381,74,15.004013013669976,-1.3009991394591216,60.38477631085023,81.77470355731225,0.8719176348525046,1.0,0.7700224753933195,0.7371657754010695,0.03285669999224994,false,1.0
784,75.07270408163265,893.0,11,37.1497765875095,93,331,61,293,30.20447924721055,-0.19373638918037817,130.22539674441617,311.81632653061223,0.580944371322065,1.0,0.920978391356542,0.8125093486814298,0.10846904267511226,true,0.8779395296752519
102,96.6470588235294,102.0,15,12.857671859792564,103,231,91,221,10.199535491863417,1.4888304409549078,36.97056274847714,225.77450980392157,0.9377734075522061,1.0,0.8921568627450981,0.6757752404811231,0.21638162226397495,true,1.0
136,118.71323529411765,162.0,18,24.422935843768062,129,144,108,132,8.341922968934208,-1.2371737803328324,63.52691193458118,137.90441176470588,0.4234803692714934,1.0,0.8950980392156863,0.7628398121838661,0.13225822703182022,false,0.8395061728395061
129,126.96124031007751,135.0,21,17.02843381878135,133,160,120,145,10.319089906023187,-0.6033590171720083,47.45584412271571,153.1627906976744,0.7198138002151047,1.0,0.9212038303693569,0.6708719956868423,0.25033183468251463,false,0.9555555555555556
176,133.875,184.0,24,17.895799138367252,142,117,127,101,13.232589577184886,0.8625886883788979,54.87005768508881,110.08522727272727,0.7346013096856812,1.0,0.9205882352941175,0.7305335300264308,0.19005470526768664,false,0.9565217391304348
237,141.57383966244726,265.0,25,22.124138146195083,152,229,130,213,14.91326853712355,1.1636178131502573,73.01219330881976,220.25316455696202,0.5586855259274812,0.6540084388185654,0.9392735997352528,0.6973905351614332,0.24188306457381958,true,0.8943396226415095
127,146.29921259842519,137.0,29,16.936074195081332,155,395,139,384,10.47407809463641,1.3297974247368158,48.87005768508881,390.5826771653543,0.6682329425160546,1.0,0.9023313262312799,0.8408694180508209,0.061461908180458935,false,0.927007299270073
155,146.3483870967742,157.0,30,15.650137991321705,154,349,140,335,12.863294939908275,0.9457804852486998,47.21320343559642,342.458064516129,0.873805200695445,1.0,0.9112966476913348,0.8358218649778748,0.07547478271345998,true,0.9872611464968153
144,148.69444444444446,149.0,31,15.410892624886985,156,182,141,169,12.335982182438439,1.231818546099749,48.04163056034262,175.13194444444446,0.7840375768137053,1.0,0.8859204793028321,0.7247880811713335,0.1611323981314986,false,0.9664429530201343
117,150.7094017094017,124.0,32,18.65271048175272,160,330,142,321,8.403972905314218,-1.5648487428269515,48.04163056034262,325.14529914529913,0.6370305311611356,1.0,0.9036366683425507,0.8142129780088831,0.0894236903336676,false,0.9435483870967742
103,150.39805825242718,103.0,34,14.561113993618937,156,171,145,158,9.314195625947296,0.6587829684519697,39.21320343559642,164.79611650485438,0.8417486795457714,1.0,0.8920236055587283,0.8137254901960785,0.07829811536264975,false,1.0
501,161.00199600798402,552.0,36,32.80159916363234,175,170,148,137,20.944775950222496,0.3837224362181437,105.77564927611033,153.89820359281438,0.5626990607819574,0.3313373253493014,0.9024773981448869,0.8351837704778879,0.06729362766699898,false,0.907608695652174
142,156.96478873239437,147.0,37,19.820131071658558,166,293,148,280,9.671428871625873,-1.1193314479531244,49.698484809835,286.0422535211268,0.7224568476191936,1.0,0.9197735432201048,0.799953727803806,0.11981981541629882,false,0.9659863945578231
176,159.07954545454547,183.0,38,17.518933192264484,168,242,151,228,13.690411694575042,1.099311776755703,53.45584412271571,235.1534090909091,0.7739842942784018,0.7556818181818182,0.9361185383244205,0.7734060841617459,0.16271245416267455,false,0.9617486338797814
3286,200.01856360316495,4170.0,39,98.48713154670422,241,253,152,184,49.175675695695816,1.0443581657827292,356.1614716074871,214.09129640900792,0.3255244013707562,1.0,0.8878844294869497,0.8552928485309982,0.032591580955951494,false,0.7880095923261391
123,169.60162601626016,151.0,40,25.47777352008993,181,386,159,376,7.425705617483621,1.3694611735462994,61.941125496954285,380.5447154471545,0.40286245100408913,0.6585365853658537,0.8942132950741272,0.8249194414607949,0.06929385361333229,false,0.8145695364238411
308,176.94155844155844,319.0,44,22.949434731412133,186,337,168,315,17.718582658668886,-0.12479611406136108,69.698484809835,325.9025974025974,0.7967350196846233,1.0,0.9204736440030558,0.8507646782267211,0.06970896577633467,false,0.9655172413793104
230,178.49565217391304,234.0,45,21.831475710062257,189,189,169,172,13.623577606806302,1.087949204664195,60.76955262170047,180.7608695652174,0.7826464537868031,1.0,0.8932139812446719,0.8680898165717897,0.025124164672882143,false,0.9829059829059829
927,198.49514563106797,1087.0,48,53.43096604356055,219,192,176,155,25.471422268268466,1.0205238967408126,157.78174593052023,173.63969795037755,0.4679248214580811,0.9870550161812298,0.8881020369312769,0.7845570344926296,0.10354500243864728,false,0.8528058877644894
381,197.41469816272965,382.0,49,27.141788977111915,209,379,183,361,18.283983816296256,1.5002274101366215,75.698484809835,369.5511811023622,0.8355269570075051,1.0,0.9265915290000517,0.7857424451261987,0.14084908387385298,true,0.9973821989528796
114,192.7280701754386,115.0,53,14.58757039103746,200,326,187,316,10.154937984230443,-1.217373237812148,39.55634918610404,321.20175438596493,0.915550515218438,1.0,0.9185414516683867,0.8255534471853256,0.0929880044830611,false,0.991304347826087
470,198.54255319148936,508.0,55,33.69920679402116,209,320,188,287,18.534060094607224,0.21239538869241487,96.08326112068524,302.43191489361703,0.6397528838584053,1.0,0.9159532749269922,0.8659162747667873,0.05003700016020485,false,0.9251968503937008
180,196.06666666666666,205.0,56,19.084484551807613,206,347,189,331,14.82364577569144,-0.6777848428912105,62.2842712474619,337.1611111111111,0.5830765753921963,1.0,0.9271023965141614,0.8384447796212501,0.0886576168929113,false,0.8780487804878049
1220,211.35737704918031,1522.0,57,50.52499700728745,236,294,190,246,34.42248154717529,0.6482587621130909,199.89444430272832,271.2393442622951,0.3836791921105844,1.0,0.8948151719704276,0.8643558362942493,0.030459335676178312,false,0.8015768725361366
485,216.98969072164948,492.0,59,30.040966020116084,229,56,205,27,21.49903495148829,-0.4150856363731757,87.25483399593905,39.8680412371134,0.8005207791897749,1.0,0.9169597736001619,0.8349674893237167,0.08199228427644523,true,0.9857723577235772
145,216.42758620689656,145.0,60,17.20583495821731,225,167,208,157,10.77402763373188,1.5252581143191843,45.79898987322333,162.15862068965518,0.8686924907219917,1.0,0.9068830290736987,0.8128851540616248,0.0939978750120739,false,1.0
140,215.47142857142856,143.0,61,16.895518319204726,222,139,209,126,10.735874987434682,0.870241040065699,44.97056274847714,132.60714285714286,0.8699238850939299,1.0,0.9126610644257703,0.6456915739268683,0.26696949049890206,true,0.9790209790209791
498,229.10843373493975,541.0,63,29.463083554933394,242,195,217,165,22.719266948713297,-0.43516402321505315,98.2193000900063,180.03815261044176,0.6487024478539922,1.0,0.8920387432081269,0.7752356191095224,0.1168031240986045,false,0.9205175600739371
174,229.58045977011494,182.0,65,17.44842517648772,239,139,222,124,13.81138903412021,1.398138719179396,55.11269837220809,132.01724137931035,0.7198727965912288,1.0,0.9077304485012395,0.6720257234726691,0.23570472502857043,true,0.9560439560439561
125,231.568,152.0,66,22.403492400935537,236,314,226,294,7.995979504802618,0.17791669399341342,56.526911934581186,303.704,0.4915971493235434,1.0,0.8931137254901961,0.87281045751634,0.020303267973856065,false,0.8223684210526315
748,250.78342245989305,816.0,68,37.55678510404491,268,262,235,224,26.994670477860204,-0.5697161124277038,127.88225099390856,243.14705882352942,0.5747657986145729,1.0,0.8954440599769316,0.8700400160064022,0.02540404397052931,false,0.9166666666666666
128,242.203125,128.0,69,15.042397769627602,249,340,235,328,10.901534609416354,1.2058536286573194,42.04163056034261,334.171875,0.9100405213769851,1.0,0.9062193627450981,0.8248035799685731,0.08141578277652495,true,1.0
100,253.47,101.0,71,13.15485856501728,258,203,248,190,9.847684810877706,0.041143562698709654,37.21320343559643,196.18,0.9074354673012884,1.0,0.8870196078431373,0.8656629934295619,0.021356614413575392,false,0.9900990099009901
331,268.12688821752266,376.0,74,25.438187486575238,282,175,256,154,18.850425372181977,-1.1728968382719862,99.39696961966999,164.71601208459214,0.42100918408794563,1.0,0.9070315739588889,0.7328264296072128,0.1742051443516761,false,0.8803191489361702
304,275.86513157894734,346.0,76,24.64645395059536,285,256,265,232,17.78380928704913,-0.4906683109469243,89.49747468305833,245.8190789473684,0.4769379550967589,1.0,0.8980392156862741,0.8777923584564769,0.020246857229797244,false,0.8786127167630058
348,304.2183908045977,353.0,86,29.65492824102812,316,55,294,30,15.375468196880082,0.6536628360154528,75.25483399593904,43.40229885057471,0.7721831202530359,1.0,0.8994478251070545,0.7066676243146832,0.19278020079237124,true,0.9858356940509915
184,304.0054347826087,217.0,87,22.445030290340906,312,221,295,201,12.76915925658857,0.5189627101203775,64.42640687119285,210.45108695652175,0.5570572939254259,1.0,0.9228260869565217,0.8512323621037198,0.07159372485280191,false,0.847926267281106
133,303.90225563909775,134.0,88,19.256163434760175,310,239,297,222,8.994422939985586,0.5494831465968787,48.2842712474619,230.17293233082708,0.7168860723220207,1.0,0.9133716644552559,0.876409222407294,0.03696244204796184,false,0.9925373134328358
442,314.7466063348416,460.0,91,28.476933342069692,326,393,302,368,20.402325002176145,-0.7379134965441198,85.01219330881975,380.3574660633484,0.7685456896529733,1.0,0.9202022890604207,0.8087567939456488,0.11144549511477186,true,0.9608695652173913
180,325.9111111111111,190.0,98,23.268381837812495,336,229,316,215,10.188189082129087,-1.0600610120519214,59.698484809834994,221.72222222222223,0.6346813721557327,1.0,0.9134858387799565,0.879361026547514,0.03412481223244246,false,0.9473684210526315
442,332.0022624434389,498.0,100,31.281792723160446,349,360,318,337,20.877147591836987,1.560923121314626,100.91168824543142,346.99095022624437,0.545442770050112,1.0,0.9282051282051283,0.8242893397416812,0.10391578846344718,true,0.8875502008032129
156,329.2628205128205,156.0,101,16.183678135659044,336,28,321,14,12.533366454804227,-1.1567721049237265,46.87005768508881,20.83974358974359,0.8923669686768558,1.0,0.903117144293615,0.7487624558019932,0.15435468849162182,true,1.0
109,329.88990825688074,112.0,103,14.47495910354155,336,214,323,204,9.898126472157285,1.2563280650784836,40.970562748477136,209.21100917431193,0.8160044056297022,1.0,0.8959884871379744,0.8661567413343049,0.02983174580366954,false,0.9732142857142857
101,328.9207920792079,103.0,105,14.33131410196258,334,194,324,180,9.165491843752077,-0.23938865168019996,39.45584412271571,187.1881188118812,0.81528332443016,1.0,0.8997087944088527,0.8237093002338555,0.07599949417499718,false,0.9805825242718447
208,341.50961538461536,215.0,107,19.991613952874644,350,16,333,1,13.766838058868478,-0.8118555895372681,58.04163056034262,7.7451923076923075,0.7758789866169592,1.0,0.8773944193061841,0.8519696969696974,0.025424722336486738,false,0.9674418604651163
200,350.42,200.0,109,21.084151727032097,359,40,339,28,12.45777451840775,1.5671466758492854,55.798989873223334,34.2,0.8072112123070891,1.0,0.911509803921569,0.8002820939696634,0.11122770995190556,true,1.0
689,356.3802612481858,750.0,111,35.081891153274924,371,207,341,172,26.72131685852532,0.41799821014041,119.88225099390856,187.60812772133528,0.6024476407695659,1.0,0.9045846495347046,0.872447478991597,0.03213717054310761,false,0.9186666666666666
243,354.9382716049383,260.0,112,18.674672460871122,364,67,345,50,17.451841582262688,1.110361516113969,65.35533905932738,58.60493827160494,0.7149143154045055,1.0,0.8892277898813848,0.7719603207713344,0.11726746911005048,true,0.9346153846153846
203,355.6009852216749,214.0,113,19.710342193972522,364,367,345,353,13.785193754488233,1.4536748827862056,59.94112549695428,359.86699507389164,0.7099963487734217,0.6059113300492611,0.9184584178498986,0.7652941176470591,0.15316430020283944,true,0.9485981308411215
640,366.8046875,655.0,115,32.93268979868089,379,99,353,67,25.159678594903788,0.04719955980811027,102.91168824543142,83.9140625,0.7593822340044413,1.0,0.9147303921568627,0.8174082453494221,0.09732214680744056,true,0.9770992366412213
1937,377.67940113577697,2159.0,116,53.681821758815175,400,275,353,219,49.34917699387456,-0.33008437315824196,219.23759005323595,245.30820856995354,0.5064183638387029,1.0,0.9144563555933468,0.8392564298446654,0.0751999257486814,false,0.8971746178786475
197,364.9543147208122,201.0,117,18.183604810860587,374,146,355,131,14.275997081657938,1.5173363819763357,55.11269837220809,138.25888324873097,0.8150283961406442,1.0,0.8969244550612124,0.8171777221526912,0.07974673290852119,false,0.9800995024875622
110,362.24545454545455,110.0,119,17.27112545860741,367,128,358,112,8.157284060536483,0.26201467722327404,42.384776310850235,120.23636363636363,0.7694541710844964,1.0,0.8950089126559714,0.7711398932661753,0.12386901938979611,false,1.0
461,382.02603036876354,513.0,123,28.078053387715475,398,196,369,172,23.03472770301062,-1.5569345670046533,97.91168824543142,182.24511930585683,0.6042848573303308,1.0,0.9033728892858666,0.8498859109718836,0.05348697831398297,false,0.898635477582846
118,397.27966101694915,132.0,130,22.4120871896138,400,87,393,68,7.6268916860719065,-0.07971769603648797,51.55634918610404,77.78813559322033,0.5578630005349162,1.0,0.9244931871053506,0.8104274925517913,0.1140656945535593,false,0.8939393939393939
577,118.33275563258232,582.0,8,33.00852115047238,132,73,105,43,22.427649298794815,-0.7058411819741524,92.91168824543142,58.410745233968804,0.8399336376851291,0.0,0.9021850681347063,0.7598662924414298,0.14231877569327656,true,0.9914089347079038
375,133.03733333333332,381.0,14,23.926826899843945,143,179,123,157,20.232889304694368,0.3041366761329755,73.11269837220809,168.18666666666667,0.8815673686207127,0.0,0.8932392156862746,0.6675968257193495,0.2256423899669251,true,0.984251968503937
248,137.06048387096774,248.0,16,20.280546853852904,146,126,128,111,15.722949019326759,-1.2281742431738014,57.79898987322333,118.38709677419355,0.9328698301117877,0.0,0.894149272612271,0.7498882289071983,0.14426104370507264,true,1.0
154,142.98701298701297,154.0,17,14.567166196713663,150,236,136,223,13.549160750362034,1.1284818301178332,45.21320343559643,229.28571428571428,0.946673080071061,0.0,0.896002037178508,0.5531660169652374,0.34283602021327064,true,1.0
116,190.11206896551724,120.0,23,17.583427141180618,196,33,183,19,8.772743071883255,-0.6775243835519273,44.04163056034261,26.405172413793103,0.7515209193943865,0.0,0.8639959432048682,0.7117222006616033,0.15227374254326487,false,0.9666666666666667
337,199.5341246290801,342.0,25,24.569686097853662,208,179,191,155,17.70036747475224,-0.30767579582875765,70.5269119345812,167.1454005934718,0.8513929077114167,1.0,0.8854366672485016,0.6837983391820996,0.20163832806640192,true,0.9853801169590644
1383,238.33767172812725,1835.0,26,66.07968228928601,261,72,206,14,35.775404533551075,0.788901860438294,248.93607486307093,42.446131597975416,0.28045059723792204,0.8459869848156182,0.8451958657649612,0.7698959499233099,0.0752999158416513,false,0.7536784741144414
127,297.3070866141732,131.0,33,14.825581932539217,304,114,291,102,11.294138615780316,-1.165883031432996,43.21320343559642,107.66929133858268,0.8546349725945869,1.0,0.8508259996912149,0.6668907563025213,0.1839352433886936,false,0.9694656488549618
1640,313.35243902439026,1873.0,35,66.06845922883458,332,72,294,4,33.65120030078339,0.09243363442546812,227.3797256769669,37.511585365853655,0.3986118778568033,0.473780487804878,0.8218005738880919,0.7111571901487871,0.11064338373930482,false,0.8756006406833956
218,303.79816513761466,239.0,36,18.865533228805354,314,99,294,82,15.820847457680026,1.3514427684787245,62.526911934581186,89.5137614678899,0.7007004507801319,1.0,0.8436589314624934,0.688014705882353,0.15564422558014035,false,0.9121338912133892
147,303.6666666666667,149.0,37,15.918516336884881,312,149,296,136,12.078708777005103,1.2907855784791986,46.8700576850888,142.57823129251702,0.8408842589454992,1.0,0.8626650660264105,0.5797691601583076,0.28289590586810287,true,0.9865771812080537
177,314.5141242937853,183.0,39,19.154086907958124,324,85,306,72,12.142217455951098,1.2749244536229751,54.04163056034261,78.57062146892656,0.7615987839936735,1.0,0.8316827295890107,0.7090403469079938,0.1226423826810169,false,0.9672131147540983
121,313.54545454545456,121.0,40,15.157793544720274,321,266,306,256,10.197713516830076,1.5096621248253375,41.21320343559643,260.45454545454544,0.895204978260552,0.0,0.8708151029006644,0.27011557344555237,0.6006995294551121,true,1.0
147,313.7142857142857,147.0,41,14.650208865992647,320,105,307,91,12.965768952588355,-0.5674855703904231,44.04163056034261,98.29251700680273,0.9523584064739208,1.0,0.8710951047085501,0.6085699144522676,0.2625251902562825,true,1.0
153,334.0065359477124,153.0,43,17.77040251583474,342,318,325,307,11.072368643381358,-1.2752485673873255,47.21320343559643,312.7450980392157,0.8625302948800196,0.0,0.8564141996667948,0.19775746914374795,0.6586567305230469,true,1.0
1021,358.46523016650343,1039.0,47,39.02253024843204,376,49,340,12,33.82628159893047,-0.8120231203256585,123.1543289325507,30.529872673849166,0.8459335350991247,0.0,0.8795759635881772,0.616644428348138,0.2629315352400392,true,0.9826756496631376
103,377.3980582524272,107.0,52,17.045040775612044,383,18,371,4,8.065542379331653,0.5479417297131346,42.62741699796952,10.233009708737864,0.7123100204755468,0.0,0.8094422234913382,0.6484534658933996,0.16098875759793863,false,0.9626168224299065
108,381.1296296296296,110.0,55,12.72411227969694,387,361,376,350,10.978697962113841,0.6212043160620908,38.970562748477136,355.9166666666667,0.8936351957684221,1.0,0.6663398692810459,0.5021820401312276,0.16415782914981836,false,0.9818181818181818
127,388.78740157480314,130.0,56,17.49154064273548,398,11,381,1,10.33815997199812,-1.4007558613736921,46.97056274847714,4.535433070866142,0.7233726060255952,0.0,0.8103442951983942,0.5943414808845914,0.21600281431380286,false,0.9769230769230769
364,393.2087912087912,417.0,57,32.785183543741645,400,378,383,349,15.95496522163419,-0.16979341418252114,87.87005768508881,362.5412087912088,0.5924196082995331,1.0,0.7242189183365654,0.5345616973757679,0.1896572209607975,false,0.8729016786570744
209,394.1913875598086,220.0,58,19.186325899813006,400,348,384,330,15.630058119889663,-0.56057862166726,59.798989873223334,340.0574162679426,0.7344605174104782,1.0,0.6804203020921288,0.4174120584563413,0.2630082436357875,false,0.95
119,5.0588235294117645,125.0,1,15.247980890584769,11,159,1,146,10.631532305167209,-0.3046145609473687,44.14213562373095,152.1764705882353,0.7674500944522169,1.0,0.849299719887955,0.738747594528528,0.11055212535942704,false,0.952
238,43.07983193277311,250.0,4,20.541446401405487,51,147,34,126,15.58197931515895,0.3360952174467882,64.11269837220809,136.96218487394958,0.7276100840994857,1.0,0.8247157686604054,0.7650025962465695,0.05971317241383589,false,0.952
151,44.7682119205298,160.0,5,17.267957404371977,53,128,36,115,11.588897190602173,1.263836895550453,52.248737341529164,121.64238410596026,0.6950806716082859,1.0,0.8368783274899363,0.7184300675345018,0.11844825995543451,false,0.94375
1170,77.26581196581196,1358.0,8,62.292392344540744,109,145,52,106,27.51279633836909,-1.120126129388725,167.0243866176395,123.0068376068376,0.5270307494442036,1.0,0.8394905312552374,0.7058935975824024,0.13359693367283498,false,0.8615611192930781
117,63.9059829059829,123.0,9,16.921832639242822,71,51,56,40,9.118085880829751,-0.9720967297639974,43.79898987322333,45.837606837606835,0.7664212482516819,1.0,0.8281213340036867,0.7813086104006817,0.046812723603005035,false,0.9512195121951219
4909,130.72356895498064,5945.0,10,131.19727779732062,192,70,65,9,52.97956443540976,1.3471022108009734,423.1970055134198,38.569769810552046,0.3444432862423899,0.9987777551436138,0.8246358229582323,0.7458583815570166,0.07877744140121579,false,0.8257359125315391
189,86.83597883597884,207.0,11,21.24565397887746,95,148,80,130,12.420212187674501,-0.4873686730737573,63.112698372208094,139.1216931216931,0.5962634254016812,1.0,0.798381574852163,0.7034695404879512,0.0949120343642118,false,0.9130434782608695
1837,119.12520413718019,2225.0,12,75.90433377886184,151,196,84,143,34.64114865930781,-1.0161790945567197,227.1370849898476,171.22210125204137,0.44744836406059807,1.0,0.8269898705263269,0.6975396185871613,0.1294502519391656,false,0.8256179775280899
122,105.01639344262296,129.0,13,15.851988341888857,112,76,97,67,10.073774180389544,-1.451849622229722,44.59188309203678,71.79508196721312,0.771006552833279,0.0,0.7790742526518807,0.6920405450315724,0.08703370762030826,false,0.9457364341085271
167,115.47904191616766,168.0,15,16.134476989611123,122,124,108,110,13.555820207878453,0.7730402875834943,48.970562748477136,116.69461077844312,0.8750969005176236,1.0,0.8036397792649993,0.7059093362115488,0.09773044305345047,false,0.9940476190476191
107,127.22429906542057,108.0,17,12.905362815466182,134,125,121,115,11.111813463288325,1.506872399917982,39.9350288425444,120.85981308411215,0.8431127109007649,1.0,0.8053875755909837,0.7070866734409696,0.09830090215001408,false,0.9907407407407407
225,150.9777777777778,234.0,20,27.66603249465103,164,16,139,3,10.625862188052386,-1.2720844886045202,64.2842712474619,9.04888888888889,0.6841997832602078,1.0,0.8484880174291938,0.7510710166419509,0.09741700078724291,false,0.9615384615384616
1362,168.2812041116006,1511.0,21,59.28621563748795,198,150,139,113,30.72298398902169,-1.1188337373592594,174.0243866176395,132.23715124816445,0.565153925142143,1.0,0.8192162621289343,0.6783556340991334,0.14086062802980093,false,0.9013898080741231
222,153.17117117117118,245.0,23,20.709813485777833,163,392,146,372,15.462745005557133,-0.4633328806068295,65.11269837220809,381.3918918918919,0.6580084205790737,0.15765765765765766,0.7657657657657659,0.6850720263073946,0.08069373945837133,false,0.9061224489795918
114,154.17543859649123,122.0,24,13.80898294889471,160,370,147,358,11.087145433194646,-0.9008457070494504,43.62741699796952,364.0,0.7526545882691494,1.0,0.8206742346061232,0.5559481743227328,0.2647260602833904,false,0.9344262295081968
179,172.56983240223462,185.0,27,27.957040125523193,186,400,159,391,8.913063528608788,-1.565394779925925,64.62741699796952,396.99441340782124,0.5385540520795074,1.0,0.7911929017417023,0.6791653559819648,0.1120275457597375,false,0.9675675675675676
238,176.7731092436975,269.0,28,29.540283602945603,189,358,163,339,11.896185653590237,-1.0423495384999368,73.59797974644667,347.8655462184874,0.552147404132483,1.0,0.8211731751524141,0.599372170428912,0.22180100472350206,false,0.8847583643122676
461,183.7939262472885,475.0,29,29.8596348813768,197,202,167,180,20.941144616569204,1.2426724261375466,89.84062043356595,189.86767895878526,0.7177369493902882,1.0,0.8075709242482246,0.7003853625911655,0.10718556165705917,false,0.9705263157894737
345,198.77391304347827,383.0,31,34.77670922489336,213,237,181,220,14.61750237059771,-1.334392937281873,87.35533905932738,229.7594202898551,0.5681330466509692,1.0,0.7809377664109123,0.7148161352082926,0.06612163120261971,false,0.9007832898172323
269,196.18587360594796,299.0,32,24.270268831452405,209,324,184,306,15.891207636333112,-1.3228946988565895,75.59797974644667,316.63568773234203,0.591482315797983,0.6579925650557621,0.7409140607916027,0.6687266878828321,0.07218737290877064,false,0.8996655518394648
161,204.93788819875778,169.0,35,16.185847718204975,212,268,197,252,13.66440037460121,-0.1734234888732358,51.698484809834994,260.6273291925466,0.756972513855652,1.0,0.7576909024479357,0.6666118674544054,0.09107903499353032,false,0.9526627218934911
284,209.84859154929578,288.0,37,26.233294023936345,221,307,198,289,14.166401412155091,-1.0939606798476211,67.94112549695429,297.5,0.7731481660246261,1.0,0.7888704777685724,0.6428640750525692,0.1460064027160033,false,0.9861111111111112
323,215.5232198142415,341.0,38,25.36704391178853,226,47,202,29,17.26023197650864,1.3882832002850312,77.94112549695427,38.11145510835913,0.6681577968361119,1.0,0.8036908881199543,0.7382816713043855,0.06540921681556877,false,0.9472140762463344
267,237.3558052434457,323.0,41,26.652156782062278,246,235,225,213,16.71883965952699,-0.6942138323950574,81.59797974644667,225.7265917602996,0.5039208323401234,1.0,0.7472571050892266,0.6853489422084624,0.06190816288076417,false,0.826625386996904
218,233.03669724770643,232.0,42,21.251405047307443,241,46,226,27,14.050950507451956,-0.41995431438791264,62.21320343559643,37.29816513761468,0.7077847956456127,1.0,0.798165137614679,0.7257391845627139,0.07242595305196509,false,0.9396551724137931
3673,306.00680642526544,4653.0,43,151.9235309545628,375,58,239,1,34.092263969310416,-1.2852099284496175,390.08430714121175,28.069153280696977,0.30332893050946164,1.0,0.801842806275791,0.6860014200666342,0.11584138620915674,false,0.7893831936385128
432,254.9351851851852,441.0,44,28.94659311710431,264,384,244,356,19.773772239669764,-0.25147594579686605,82.76955262170047,370.1041666666667,0.7924144659975279,0.0,0.717238562091503,0.6430023931352722,0.07423616895623086,true,0.9795918367346939
366,262.56284153005464,400.0,45,34.09803763607219,281,78,247,61,14.909801489938271,-1.4552001847563558,89.84062043356595,68.52185792349727,0.56983020276973,1.0,0.7724418729240331,0.6330351818723913,0.13940669105164183,false,0.915
250,258.148,294.0,46,30.405084996868634,268,258,247,233,13.1083090569758,0.5939066280324454,79.25483399593904,243.756,0.5001477868410442,1.0,0.7459921568627449,0.629784475773781,0.11620768108896384,false,0.8503401360544217
465,263.96559139784944,495.0,48,33.55214866839924,277,315,251,285,18.564654616089893,0.6405113255006336,91.1543289325507,301.63440860215053,0.7032475381852434,0.0,0.7729285262492094,0.6054901960784316,0.1674383301707778,true,0.9393939393939394
110,263.90909090909093,118.0,49,17.571918329819063,271,351,257,338,8.698964520609914,-0.7187850194311021,47.4558441227157,344.9818181818182,0.6137947133617174,0.0,0.6914438502673798,0.6508444625683896,0.040599387698990186,false,0.9322033898305084
1102,285.16152450090743,1238.0,51,42.9899537568743,305,285,264,244,35.98373341429573,-0.6703276910965525,165.095454429505,266.86025408348456,0.5080672796281511,0.9646098003629764,0.7066474502686739,0.6706607822985312,0.035986667970142716,false,0.8901453957996769
329,280.0,358.0,52,25.30649711459255,293,246,268,225,17.965387783336396,-1.1618962125647785,84.18376618407356,234.09118541033433,0.5833766733876574,1.0,0.7363728470111447,0.6297073906485673,0.1066654563625774,false,0.9189944134078212
1323,296.5419501133787,1441.0,55,49.450253135985896,320,351,274,311,35.086309560103935,1.1824611114585677,163.78174593052023,331.43990929705217,0.6197816521500161,0.0,0.6987683962473881,0.5570489408327248,0.14171945541466324,true,0.9181124219292158
2711,325.11102914053856,3433.0,57,95.47555834332225,370,118,279,60,43.48634366528652,-1.2215997901625064,319.492424049175,90.19328661010697,0.3337476779274509,1.0,0.7811949862940385,0.648779530018653,0.13241545627538553,false,0.7896883192542965
252,297.29761904761904,262.0,60,19.91122768506738,306,396,288,379,16.485800290455035,0.9058799056893179,62.2842712474619,387.08730158730157,0.8163072055490748,0.0,0.6902583255524432,0.6293082450371456,0.0609500805152976,false,0.9618320610687023
304,303.0032894736842,332.0,61,22.74226838970927,312,316,293,296,18.187945117687253,0.32994038209055987,74.1126983722081,306.4046052631579,0.6955017002643153,0.0,0.6894865841073269,0.657390648567119,0.03209593554020784,false,0.9156626506024096
475,309.09473684210525,534.0,62,29.37131694085086,326,299,294,271,23.366242131630685,1.0254249360337657,100.5685424949238,287.38736842105266,0.5901727615187651,0.3663157894736842,0.7003508771929825,0.6494388544891643,0.05091202270381823,true,0.8895131086142322
259,305.6177606177606,270.0,63,25.3522037424969,317,384,294,368,13.230434280072892,1.1213432660420755,67.94112549695429,375.5212355212355,0.7050893485928807,0.0,0.7008554773260653,0.5874045962471013,0.11345088107896406,false,0.9592592592592593
360,326.40833333333336,387.0,66,25.7993349139203,337,317,315,293,18.33682113555668,0.8452138095046665,84.0477272147525,305.43611111111113,0.6404134095041345,0.0,0.6893572984749453,0.5449218397036233,0.14443545877132202,false,0.9302325581395349
167,369.34730538922156,173.0,70,17.327890941369283,376,144,361,129,13.140761701364575,-0.9825107617146488,52.8700576850888,136.73652694610777,0.7507697516386975,1.0,0.712715744980627,0.5973193827686195,0.11539636221200744,false,0.9653179190751445
114,382.06140350877195,121.0,71,12.848786928714272,389,137,376,126,11.975483873778638,1.0847547718311845,43.62741699796952,130.8859649122807,0.7526545882691494,1.0,0.7010663914688683,0.608411261940674,0.09265512952819432,false,0.9421487603305785
1180,17.519491525423728,1348.0,1,49.346129672950966,40,146,1,97,33.61154544655403,0.5223260281573118,178.61017305526642,120.69152542372882,0.46481430873553753,0.0,0.7283482884679298,0.6745364553588428,0.05381183310908699,false,0.8753709198813057
498,10.748995983935743,560.0,5,34.61918917529537,25,372,1,337,20.06691498022465,0.29430400959269065,105.25483399593904,354.12048192771084,0.5648785783950521,0.7971887550200804,0.7384675958736909,0.6887105290949416,0.04975706677874936,false,0.8892857142857142
132,14.280303030303031,142.0,6,22.865688296315472,19,249,9,229,7.807225428527602,0.24476523561303196,52.8700576850888,238.8409090909091,0.5934227977024435,0.0,0.7221330956625075,0.6585722444317533,0.06356085123075417,false,0.9295774647887324
347,21.345821325648416,394.0,7,26.765846411659332,34,274,12,249,19.250443490482706,-0.5313399752316035,86.25483399593904,259.8443804034582,0.5861009852786413,0.07780979827089338,0.7226309543990505,0.6786222601764876,0.044008694222562816,false,0.8807106598984772
130,28.215384615384615,132.0,11,15.335800583072887,35,250,22,237,11.122298690852041,0.710005842461611,43.79898987322332,243.72307692307692,0.8515791647240913,0.23846153846153847,0.7214479638009049,0.6949663447468539,0.026481619054050998,false,0.9848484848484849
459,36.70152505446623,512.0,13,34.55527144091341,46,242,25,209,19.029928272448668,-0.06453889927510471,103.49747468305831,223.5838779956427,0.5384718980311041,0.0,0.7206629928659917,0.6791075050709939,0.041555487794997736,false,0.896484375
179,38.02793296089386,195.0,15,20.799963139874052,48,382,29,370,11.821597203907992,1.5306339516297438,56.87005768508881,375.50837988826817,0.6954974747326312,0.0,0.7403220506079526,0.6382445431002596,0.10207750750769307,false,0.9179487179487179
219,40.62100456621005,242.0,17,21.097033824649404,50,199,34,178,14.327138860464578,0.1806414375868579,65.2193000900063,189.44748858447488,0.64699617217027,0.0,0.7265108783239321,0.660193288182026,0.06631759014190608,true,0.9049586776859504
252,45.32142857142857,282.0,18,22.852321918234193,53,350,37,328,14.941033159881307,0.3417855306717148,68.11269837220809,338.8015873015873,0.682581059710243,0.0,0.736476812947401,0.6735423509505328,0.06293446199686814,false,0.8936170212765957
359,60.24233983286908,392.0,21,32.0688539639102,76,192,46,175,15.112479856562407,-1.4345698972272825,85.25483399593904,183.47353760445682,0.6206779061910711,0.0,0.7445409361516193,0.6924130456202581,0.05212789053136124,true,0.9158163265306123
136,54.88235294117647,141.0,22,16.708307597183424,63,360,48,347,10.83029362510863,-1.2196382057292874,46.87005768508881,353.5367647058824,0.777960947051618,0.22794117647058823,0.7200692041522491,0.6941523512059691,0.02591685294627999,false,0.9645390070921985
159,62.81761006289308,172.0,24,18.17331683391828,71,203,54,190,12.009400889213795,-1.1443376196125041,54.2842712474619,196.0943396226415,0.6780456975024958,0.0,0.7386607473177951,0.6615478366849482,0.07711291063284686,false,0.9244186046511628
1434,79.81101813110182,1578.0,25,52.802924566492386,104,381,58,330,38.24300614114115,-0.6126720794407341,178.99494936611666,355.8821478382148,0.5624416345466713,0.997907949790795,0.7522711734624118,0.6738433015336598,0.078427871928752,false,0.908745247148289
259,73.2007722007722,279.0,26,22.1998887253379,83,175,64,156,16.048332740640177,0.7359935449092839,68.76955262170047,165.71042471042472,0.688204059375419,0.0,0.7573926868044516,0.6756474121180004,0.08174527468645121,false,0.9283154121863799
192,77.0,204.0,27,22.198260069744073,87,258,65,245,12.419910505287032,1.4889463631507116,61.94112549695428,250.640625,0.6288584601039442,0.0,0.7307393790849673,0.6833216774160132,0.04741770166895409,false,0.9411764705882353
117,75.88034188034187,117.0,30,12.878664089324065,82,400,71,389,11.77977050840423,-0.602418237741823,39.31370849898476,394.8205128205128,0.9512785397655449,0.8717948717948718,0.7344058991117814,0.6807021782018764,0.05370372090990505,false,1.0
140,91.06428571428572,156.0,34,24.076357731257055,103,10,82,1,8.574333937873632,-1.432886438072474,56.384776310850235,4.007142857142857,0.5533681716742032,0.0,0.7375070028011206,0.6409606044252564,0.0965463983758642,false,0.8974358974358975
133,96.69924812030075,142.0,37,16.486959212851538,102,203,91,187,10.703141894301794,0.14071175657222837,47.698484809834994,195.26315789473685,0.7346023918570964,0.0,0.7397906531033466,0.6676977687626776,0.07209288434066896,false,0.9366197183098591
287,104.5609756097561,310.0,38,22.021334001431907,114,344,94,323,17.879229666951776,-0.826046704262341,74.66904755831214,333.82229965156796,0.6468603588078442,1.0,0.7424472227915557,0.7003170737894125,0.04213014900214318,false,0.9258064516129032
131,109.78625954198473,137.0,41,17.168408855770814,115,292,105,275,10.08214642452065,0.10618130685558516,46.62741699796952,283.3435114503817,0.7571787974698627,0.9236641221374046,0.7272264631043256,0.6905694117647061,0.036657051339619495,false,0.9562043795620438
20694,223.87305499178507,31598.0,42,292.3194658792856,306,241,109,1,130.6919333671269,0.5043376107205594,1331.75753878163,108.41828549337973,0.1466236346290269,0.8238136657968493,0.7924390322476728,0.7096410176485435,0.08279801459912928,false,0.6549148680296222
136,128.68382352941177,138.0,45,15.416692102420273,134,330,122,314,11.633027753898752,-0.0599423880030324,45.45584412271571,321.58088235294116,0.8271215157634514,1.0,0.7512110726643598,0.70791160908808,0.043299463576279784,false,0.9855072463768116
133,134.10526315789474,139.0,47,15.77331085343905,141,313,127,299,11.592609692493673,0.8998624557722533,47.45584412271572,306.56390977443607,0.7421336079737125,1.0,0.7567742886628335,0.7158955852279565,0.040878703434876984,false,0.9568345323741008
204,157.16176470588235,243.0,52,21.21428437971542,166,289,149,269,14.827960142962214,-0.5363522035561897,70.18376618407356,278.578431372549,0.5204352356331803,1.0,0.7484236831987697,0.710927341758985,0.03749634143978475,false,0.8395061728395061
111,189.86486486486487,122.0,58,19.076936543388065,197,353,183,338,8.276649355383938,-0.7683044935525968,51.698484809834994,345.18918918918916,0.5218878822234619,1.0,0.7529765059176823,0.7000493096646946,0.052927196252987696,false,0.9098360655737705
142,215.67605633802816,174.0,62,20.620767284161772,223,312,209,293,10.57796106638822,0.5645589382742857,61.941125496954285,302.0422535211268,0.4650932361185419,1.0,0.7564761115713892,0.7074541882192555,0.04902192335213362,false,0.8160919540229885
221,224.2714932126697,225.0,63,18.024023574726584,232,207,216,190,15.739635255069759,-0.7489279895903961,56.2842712474619,198.05429864253395,0.8766536452901057,1.0,0.7792032650164138,0.6442862495316599,0.13491701548475388,false,0.9822222222222222
104,235.64423076923077,104.0,64,17.384300139460034,244,8,226,1,8.36141899417085,1.4794883649423913,43.3492424049175,3.7596153846153846,0.695472848255383,1.0,0.7686651583710405,0.7296181630546956,0.039046995316344923,false,1.0
4687,287.6671644975464,5462.0,66,112.2820226763566,325,105,251,1,57.694200957882096,0.34160564979948943,357.9482681718907,49.38169404736505,0.4596891851191899,1.0,0.8036362571484754,0.759714498044116,0.04392175910435947,false,0.8581105822043208
289,300.5951557093426,327.0,70,33.892301506791085,307,309,295,277,11.70594171774898,-0.026205331475453026,81.35533905932738,292.4048442906574,0.5487007931627534,1.0,0.7915190989890768,0.7247914516683868,0.06672764732069003,false,0.8837920489296636
302,320.0198675496689,365.0,73,31.92244104295483,331,130,307,103,15.507147991465281,-0.6310208466014848,87.84062043356595,117.3841059602649,0.49184245972563306,1.0,0.8213089209193613,0.7681386541295873,0.05317026678977399,false,0.8273972602739726
411,343.3917274939173,423.0,82,25.61081743892014,355,400,330,377,20.917654643277693,0.7453816474788465,80.42640687119285,389.7226277372263,0.7984621846790823,1.0,0.7997996278803498,0.7163925648282723,0.08340706305207746,false,0.9716312056737588
501,352.1776447105788,561.0,83,33.07120364745809,365,309,337,278,21.357331888684744,-0.5848354154481682,104.5685424949238,294.1077844311377,0.5757652906662443,1.0,0.8104340338929988,0.7618182052571194,0.04861582863587943,false,0.893048128342246
220,359.8090909090909,229.0,86,19.689118617481476,370,392,351,375,15.005500802963429,-1.139570077720421,59.526911934581186,382.6090909090909,0.7801998063543139,1.0,0.7835115864527631,0.7460015981314159,0.03750998832134722,false,0.9606986899563319
158,363.82278481012656,163.0,87,17.521703475112915,372,400,356,388,11.72981369612998,-1.2853161312790264,48.38477631085023,394.246835443038,0.848104711365622,1.0,0.7892280963018118,0.7316526610644257,0.05757543523738606,false,0.9693251533742331
152,365.32894736842104,163.0,88,17.960098095612135,372,313,359,296,11.443555369660352,-0.29854726441692064,50.698484809834994,304.4144736842105,0.7431277717623799,1.0,0.7929824561403508,0.7553256478470788,0.037656808293272004,false,0.9325153374233128
209,380.1961722488038,213.0,91,18.591845029033042,389,258,371,242,14.567467617879176,0.884361870964989,55.112698372208094,249.9377990430622,0.8646747959055564,1.0,0.8006942489914626,0.7214030266194529,0.0792912223720097,false,0.9812206572769953
199,391.9849246231156,219.0,93,20.407521937591103,400,278,384,261,13.318282102999474,-0.8338955449781515,63.94112549695428,269.3819095477387,0.6116491653705882,1.0,0.8092028771307518,0.764394151937405,0.04480872519334678,false,0.908675799086758
5137,28.892349620401014,5761.0,1,129.14242554466432,78,128,1,1,59.41758529413898,0.3520722723777476,378.19090885900994,76.69904613587697,0.4513331778859594,0.2993965349425735,0.892488558592602,0.8387812668927218,0.0537072916998802,false,0.8916854712723485
2385,23.39538784067086,2651.0,3,68.29451539411465,55,333,1,265,47.819047639393986,0.4172278701482027,241.75840533340724,299.80125786163524,0.5127847284321096,0.24067085953878406,0.8321601512722494,0.8142641410718319,0.017896010200417534,false,0.899660505469634
109,8.321100917431192,109.0,4,16.373461964859008,16,353,1,343,8.58184017605836,1.1948052209774886,41.21320343559642,347.8165137614679,0.8064243192595056,0.0,0.8245367871919409,0.775795713634291,0.048741073557649894,false,1.0
270,9.748148148148148,277.0,5,21.109131969494353,22,392,1,372,16.940374541519276,0.9759530037563381,66.94112549695429,382.65185185185186,0.7571599052719759,0.0,0.8317647058823531,0.7827432824981847,0.04902142338416837,false,0.9747292418772563
240,20.654166666666665,253.0,8,25.966315853752832,36,400,9,387,13.367992323491292,1.421046336947665,70.00609665440989,395.29583333333335,0.6153885042912894,0.0,0.8386437908496733,0.7997017818534259,0.038942008996247446,false,0.9486166007905138
306,23.862745098039216,310.0,9,24.714047329654594,32,155,15,132,16.305173849686014,0.4282581372236434,69.94112549695429,142.9313725490196,0.7860787515717657,0.06535947712418301,0.891131616045111,0.8458404405672796,0.04529117547783146,false,0.9870967741935484
736,37.391304347826086,904.0,10,42.29190468406307,50,369,21,330,25.260128987860504,0.3853577826145136,133.67514421272202,347.6046195652174,0.5175905705336501,0.0,0.8265984654731462,0.794099658211909,0.03249880726123722,false,0.8141592920353983
240,46.525,264.0,12,24.442070877190165,57,387,36,368,13.176648288669666,0.9993712188587156,68.52691193458118,377.03333333333336,0.6422421178185515,0.0,0.8319281045751634,0.7869515232803223,0.04497658129484117,false,0.9090909090909091
335,50.549253731343285,369.0,13,26.199772824067775,63,267,39,247,18.033544872797545,0.9813529098654425,83.01219330881975,257.2238805970149,0.6109010809499423,0.0,0.8505823822066141,0.8186877175112472,0.03189466469536684,false,0.907859078590786
116,48.991379310344826,119.0,14,14.452848882384602,56,243,43,231,10.690202926614866,-0.9023972637067835,41.79898987322333,236.4051724137931,0.8343269650927275,0.0,0.8411088573360377,0.8140657176112455,0.02704313972479222,false,0.9747899159663865
269,57.18959107806691,289.0,15,29.927185284480636,69,54,47,30,12.03787335204298,0.6412924458167162,74.59797974644665,42.67657992565056,0.6074464688184572,0.0,0.8921933085501862,0.847193146264354,0.045000162285832146,false,0.9307958477508651
324,59.78395061728395,360.0,16,21.873896520883022,71,148,47,126,21.26619709842504,-0.6231146049421207,80.66904755831213,138.23456790123456,0.6256637819420229,0.0,0.8724521907528445,0.8301861324239844,0.0422660583288601,false,0.9
2042,77.75318315377082,2333.0,17,78.10122686398262,99,388,58,312,35.60243498672847,0.19057510655660373,248.45079348883237,349.382957884427,0.41570459551313854,0.0,0.8172341610493363,0.4723166061082198,0.34491755494111653,false,0.8752678954136305
143,79.7132867132867,145.0,19,19.8815968292334,88,14,70,1,9.567502845489837,0.9157199351296516,50.07716446627536,6.475524475524476,0.7165829029359058,0.0,0.8905525846702315,0.8386403387646139,0.051912245905617604,false,0.9862068965517241
176,79.92045454545455,185.0,20,18.815228916476453,88,89,73,70,12.356012508819699,0.3883126882692683,53.11269837220809,78.79545454545455,0.7840175773856687,0.0,0.889795008912656,0.8544977484664753,0.035297260446180645,false,0.9513513513513514
2524,112.0095087163233,3145.0,21,87.46890239242703,144,151,78,73,43.25409295069073,0.6441049045986277,305.5634918610404,110.23851030110934,0.3397005780832657,0.0,0.8761520773127003,0.7873644820591733,0.08878759525352697,false,0.802543720190779
219,99.10958904109589,230.0,24,21.50487193713758,107,400,92,381,14.702671013329383,0.027576968353558565,63.21320343559643,392.42009132420094,0.6887131572644651,0.0,0.8239949861223028,0.267946571417941,0.5560484147043618,false,0.9521739130434783
356,118.5814606741573,374.0,26,32.885123858970026,129,59,108,30,14.192768618079004,0.594190450470897,84.91168824543144,44.81741573033708,0.6204758897030199,0.0,0.8772967614011898,0.840640222686152,0.03665653871503782,false,0.9518716577540107
673,129.08320950965825,696.0,27,40.312288113706,142,33,109,1,24.81770834839422,0.6967875378054005,113.84062043356596,13.169390787518573,0.652574982279118,0.0,0.8928298808379218,0.7275915144214684,0.1652383664164534,false,0.9669540229885057
2000,192.5365,2084.0,29,66.89623254583837,223,349,164,290,39.27204745328562,-0.7733562911701697,194.3086578651014,320.5905,0.6656647438482696,0.0,0.8205470588235292,0.4086962133746378,0.4118508454488914,true,0.9596928982725528
1072,198.67350746268656,1222.0,30,51.17674167316121,222,186,178,142,28.56095005833056,-0.8155461704481474,169.23149339882605,165.7462686567164,0.47037288170265196,0.0,0.8347307579748321,0.5474782948005074,0.28725246317432473,true,0.8772504091653028
286,205.03146853146853,299.0,31,25.44623187325708,214,198,194,176,14.84730067694136,-0.7409828954402559,73.01219330881976,186.98601398601397,0.6741943477437116,0.0,0.8271356094885509,0.4426614379084967,0.3844741715800542,true,0.9565217391304348
786,218.20737913486005,955.0,32,41.61678082267191,241,126,198,94,29.665686929814242,1.5453168168918636,154.02438661763952,110.57760814249365,0.4163450773669637,0.0,0.8384822631342614,0.5299956536357747,0.3084866094984867,true,0.8230366492146597
136,219.9558823529412,136.0,33,16.18651074635992,225,181,214,165,10.832771851310367,0.07146653037277664,44.62741699796952,172.59558823529412,0.8581145593082397,0.0,0.8288062283737023,0.5292409240924092,0.29956530428129313,true,1.0
168,275.1845238095238,177.0,39,25.494507941706424,286,111,265,95,8.78836049725826,1.0222067606600809,60.18376618407357,102.875,0.5828548607119489,0.0,0.7896358543417367,0.4186815910662336,0.37095426327550307,true,0.9491525423728814
158,283.1012658227848,174.0,41,22.766017257192747,291,400,270,388,10.701754891067486,-1.1471677636787894,57.17766952966368,395.63291139240505,0.6073150596633478,0.0,0.7976917349218168,0.3895036562479776,0.40818807867383916,true,0.9080459770114943
323,292.8173374613003,326.0,42,29.785611601307913,307,46,280,30,14.114811656876023,1.3250795388059229,74.28427124746189,39.030959752321984,0.7355609280333497,0.0,0.803156680628908,0.24612607764661035,0.5570306029822977,true,0.99079754601227
1358,305.1693667157585,1450.0,43,48.732293395193786,328,268,280,230,36.491623057715906,-1.5595513962783,159.53910524340094,248.60677466863035,0.6704637933871205,0.0,0.8016431314793963,0.37015212389684415,0.4314910075825521,true,0.9365517241379311
310,288.68387096774194,322.0,44,24.497855682934414,298,347,281,322,17.241488552327297,0.05757931851083078,74.52691193458118,333.3483870967742,0.7013669629931563,0.0,0.7889057558507275,0.5340463458110518,0.2548594100396757,true,0.9627329192546584
702,300.5698005698006,709.0,45,35.604232210592535,318,229,282,203,25.511105145107834,-1.4824764952967873,104.32590180780453,215.47720797720797,0.8105180317908739,0.0,0.8272889782693708,0.4457201699060368,0.38156880836333396,true,0.9901269393511989
214,303.4158878504673,217.0,48,20.71287951321903,311,357,296,338,13.404369441750951,-0.44300873893828197,58.2842712474619,348.5233644859813,0.7916275427593311,0.0,0.8020157595748579,0.20273296084709225,0.5992827987277657,true,0.9861751152073732
316,314.7373417721519,329.0,49,21.50603315317621,327,200,305,179,20.51559974749127,0.7849496518833923,73.35533905932738,191.373417721519,0.7379611330983366,0.0,0.7654504839910651,0.31354758866071075,0.4519028953303543,true,0.9604863221884499
231,315.14285714285717,240.0,50,19.250943667991123,325,306,306,289,15.819920740669854,1.4033867718921123,62.11269837220809,298.8961038961039,0.7524212463352401,0.0,0.7731092436974791,0.36139054655678693,0.4117186971406922,true,0.9625
137,315.1094890510949,140.0,52,14.285693257478416,321,320,309,306,12.562692937307515,0.005768053426210834,45.21320343559643,312.7810218978102,0.8421702075956842,0.0,0.7670244740231857,0.4044827141382869,0.36254175988489884,true,0.9785714285714285
405,331.0074074074074,423.0,53,32.308610116777636,343,194,316,169,16.98338890313458,0.7728080899741004,85.84062043356595,180.4543209876543,0.6906836753524801,0.0,0.7655386105059312,0.38768183499815007,0.37785677550778113,true,0.9574468085106383
110,323.3636363636364,110.0,54,15.230111035413419,328,215,318,201,9.265456088432149,0.4665618141363733,39.79898987322333,207.63636363636363,0.8726868867141325,0.0,0.8212121212121212,0.29661723046158966,0.5245948907505316,true,1.0
539,341.8682745825603,544.0,56,29.88924938798621,353,382,329,352,23.41120945240022,0.20543742861934325,89.84062043356595,365.6326530612245,0.8391761729313783,0.0,0.8317799847211615,0.4013924254633361,0.43038755925782546,true,0.9908088235294118
232,339.46120689655174,236.0,57,20.078871730223707,347,250,332,230,14.948873366122681,0.05994983576476715,59.4558441227157,240.75862068965517,0.8247242224978928,0.0,0.7999661933739014,0.6177941927153713,0.18217200065853012,true,0.9830508474576272
113,349.9734513274336,113.0,58,14.414932266186508,357,268,343,259,9.997501503928293,1.3828130056987602,38.970562748477136,263.27433628318585,0.9350071955725157,0.0,0.7955231650182195,0.6194703173511701,0.17605284766704943,true,1.0
120,354.09166666666664,126.0,60,15.311188759687507,362,147,348,136,10.512677473132518,-1.1870820351169755,42.62741699796952,140.875,0.8298757520103457,0.0,0.7966013071895424,0.3522068228672896,0.44439448432225276,true,0.9523809523809523
1633,375.3153704837722,1674.0,61,59.29203308375927,400,345,351,296,35.5574930682016,0.7632347362467515,170.2670273047588,321.6889161053276,0.7078397397526461,0.0,0.8065583612501951,0.5864284280265006,0.22012993322369445,true,0.9755077658303465
1232,382.2418831168831,1248.0,63,47.067531566726075,400,228,359,189,34.8810682322972,-0.8132722079003812,143.1543289325507,210.8181818181818,0.7554602202619004,0.0,0.7936974789915971,0.40632036199095034,0.3873771170006468,true,0.9871794871794872
543,379.5930018416206,569.0,64,35.40665594271677,396,40,360,19,20.57970609772339,-1.5428106353259152,103.74011537017759,30.475138121546962,0.6340393912537925,0.0,0.7892463799516125,0.39373556234330687,0.39551081760830564,true,0.9543057996485061
145,393.3034482758621,150.0,70,20.094817927525863,400,257,384,243,9.758630678593104,0.9672537531604432,51.21320343559643,248.7103448275862,0.6947266866278563,0.0,0.8245841784989856,0.5433087905417889,0.28127538795719664,true,0.9666666666666667
307,9.136807817589576,309.0,2,22.762897092084785,17,30,1,10,17.91037695798556,-0.33835524908182374,68.14213562373095,20.97068403908795,0.8308387781997975,0.0,0.9015647952992273,0.7961710668519377,0.10539372844728956,true,0.9935275080906149
1874,21.35965848452508,1919.0,3,53.27048992380529,46,87,1,37,46.26563870262063,-0.5891844148614891,174.08326112068522,60.35752401280683,0.7770794480211253,0.0,0.9278171887751889,0.7665311285804648,0.16128606019472413,true,0.9765502866076081
119,3.697478991596639,122.0,4,20.633479628902624,8,110,1,91,7.916880891144921,0.05075091550297662,48.14213562373095,100.6890756302521,0.6452174751758915,0.0,0.919558411599934,0.8070186023127199,0.11253980928721408,true,0.9754098360655737
130,7.3,158.0,8,24.11582393783191,16,347,1,329,8.21939150705447,-0.7595757075269939,56.04163056034262,336.9076923076923,0.5201536983146858,0.0,0.921659125188537,0.8601019262330483,0.06155719895548872,false,0.8227848101265823
290,16.824137931034482,307.0,10,28.175108496212612,30,326,3,312,13.556772889997685,-1.3662379874276982,74.31980515339464,318.8379310344828,0.659779377998314,0.0,0.9300202839756594,0.84141689373297,0.08860339024268937,true,0.9446254071661238
1032,28.401162790697676,1207.0,11,42.50177086668715,50,172,5,128,34.4170503729724,-1.5576655127394694,164.2670273047588,149.35174418604652,0.480605532077683,0.0,0.9259005927952578,0.7289796019163333,0.19692099087892456,true,0.8550124275062138
335,19.743283582089553,346.0,12,24.425694438139487,32,366,8,345,18.12936170855371,1.1081091550622921,72.42640687119285,356.22985074626865,0.8025291035183857,0.0,0.9238981562774365,0.8092551815735209,0.1146429747039156,true,0.9682080924855492
5303,62.73184989628512,5995.0,14,98.09257346391169,107,329,12,236,76.88918003119727,1.014646408989361,339.0782104868018,284.2745615689233,0.5796044700654951,0.0,0.9341534388599866,0.8099172907556641,0.12423614810432249,true,0.8845704753961635
219,20.319634703196346,220.0,15,19.334294553538882,28,112,14,94,14.548313092105449,0.03436023368369558,54.62741699796952,103.06849315068493,0.9222159882432012,0.0,0.926654131972424,0.8241784989858014,0.10247563298662254,true,0.9954545454545455
139,20.37410071942446,139.0,17,14.62744310659907,26,126,15,113,12.161717667222057,-0.12971409524289365,42.14213562373095,119.16546762589928,0.9835389951345271,0.0,0.9221328819297504,0.844838045715524,0.07729483621422639,true,1.0
537,29.793296089385475,542.0,19,32.410606327558256,46,29,17,4,21.90484080868922,-1.0883976878487194,93.59797974644667,15.86778398510242,0.77028457290277,0.0,0.9038302844415236,0.7962707698883369,0.10755951455318669,true,0.9907749077490775
105,26.047619047619047,105.0,21,12.136308980524843,31,201,20,190,11.170936528480336,1.13929154301869,37.55634918610404,195.38095238095238,0.9354755184715366,0.0,0.9264985994397757,0.8032006117210119,0.12329798771876388,true,1.0
148,33.1554054054054,148.0,24,17.287934711320556,41,314,25,301,11.012486838833524,-0.9751182436749446,45.698484809834994,307.52027027027026,0.8905698291370624,0.0,0.9351086380498146,0.834191176470588,0.10091746157922654,true,1.0
104,37.17307692307692,106.0,27,14.139481163703257,44,333,30,324,9.585935592245402,-1.54090099998219,38.97056274847714,329.22115384615387,0.860537595925147,0.0,0.9309200603318251,0.8314550119113066,0.09946504842051851,false,0.9811320754716981
307,45.89250814332247,313.0,30,26.758918248091714,60,400,35,384,15.62611768067472,1.2785399259035357,72.2842712474619,393.7557003257329,0.7383471887470416,0.0,0.935172766174874,0.8448711716091394,0.09030159456573461,true,0.9808306709265175
390,44.66923076923077,397.0,31,30.906953337299747,54,214,36,184,16.283940089363636,-0.4088839107374619,80.76955262170047,198.30769230769232,0.7512407132411134,0.0,0.9233283056812469,0.7716362025036002,0.1516921031776467,true,0.982367758186398
1015,54.79014778325123,1053.0,33,52.82390140910692,75,126,38,80,25.958792678332827,-0.5844456327476439,139.78174593052023,99.4807881773399,0.6527922426375415,0.0,0.9219743069641645,0.6746823159743082,0.24729199098985633,true,0.9639126305792972
1141,60.7589833479404,1148.0,36,39.51144395418853,79,57,42,19,37.14348329690808,-0.6737752387302273,128.3259018078045,37.688869412795796,0.8706966200147386,0.0,0.9226890756302523,0.83831273685945,0.0843763387708023,true,0.9939024390243902
430,64.01860465116279,438.0,39,32.61102820946249,83,20,51,1,18.399825867681855,-1.189106019090401,88.31980515339464,8.593023255813954,0.6927269997867337,0.0,0.9105335157318744,0.849673202614379,0.0608603131174954,true,0.9817351598173516
167,61.191616766467064,167.0,40,15.28196471044975,68,346,54,331,14.041647145668806,0.6524409203237624,47.45584412271571,338.52694610778445,0.9318519739218798,0.0,0.9271574498062699,0.8576404528120593,0.06951699699421066,true,1.0
401,67.3715710723192,403.0,42,24.55674086516812,78,228,57,205,20.9405460412074,-0.7926345503509064,75.11269837220809,216.99002493765585,0.8931563878740146,0.0,0.9283555816341498,0.7078851382717687,0.22047044336238109,true,0.9950372208436724
757,79.9009247027741,771.0,45,42.64110114919582,97,142,62,106,23.43212168964897,-0.7715655289485449,117.39696961966999,125.71994715984148,0.6902270422076213,0.0,0.9203253296034394,0.6844261057716501,0.2358992238317893,true,0.9818417639429312
166,70.91566265060241,169.0,46,20.038344336365046,78,200,63,183,10.835470385377482,0.6489696542094088,52.8700576850888,190.8132530120482,0.746274124383376,0.0,0.9267186392629342,0.7821298579311965,0.1445887813317377,true,0.9822485207100592
169,70.84615384615384,169.0,47,17.684227018767622,77,181,64,165,12.295488694526238,-0.3837292567682025,48.62741699796952,173.25443786982248,0.8981195832775739,0.0,0.933704606102796,0.710852958777766,0.22285164732503004,true,1.0
941,81.56004250797024,964.0,48,39.997808707146646,96,400,65,365,31.044183712775382,-0.4858687084135526,122.18376618407356,384.2954303931987,0.792086245944227,0.0,0.9313662978475125,0.8503024700368158,0.08106382781069665,true,0.9761410788381742
589,89.43293718166383,601.0,50,39.74859392817231,107,25,72,1,19.121343519118923,-1.1485555053524052,101.59797974644665,12.130730050933787,0.71705920361463,0.0,0.9156762874929257,0.8574710300064571,0.05820525748646865,true,0.9800332778702163
115,82.82608695652173,115.0,51,14.259324618185353,88,356,77,342,10.643502139978342,-0.2825041485689512,41.21320343559642,349.0869565217391,0.8508146487600291,0.0,0.9255242966751919,0.8320416004239535,0.0934826962512384,true,1.0
214,87.93457943925233,231.0,53,22.069421722456624,98,45,81,27,14.068240204699118,0.593599796876031,64.04163056034261,37.294392523364486,0.6556904759684706,0.0,0.9223199560197912,0.8347235429968758,0.08759641302291543,true,0.9264069264069265
826,100.80387409200968,861.0,56,38.566245816195526,116,194,89,157,28.330815861792928,-0.03287468751479921,119.84062043356596,175.88740920096853,0.7227395380524152,0.0,0.9247163272088491,0.703966644128916,0.22074968307993315,true,0.959349593495935
168,96.60714285714286,175.0,57,20.78052420296905,102,83,91,63,10.870880814243245,-0.1006077768552044,54.2842712474619,73.75595238095238,0.7164256426441464,0.0,0.9155462184873953,0.8591568071988003,0.05638941128859498,true,0.96
480,109.32708333333333,484.0,61,28.698461925845756,122,266,96,242,21.452760241509022,-0.8601907411327532,85.01219330881976,253.71875,0.8346197534692918,0.0,0.9286846405228759,0.780289981997762,0.1483946585251139,true,0.9917355371900827
358,110.20670391061452,364.0,62,25.94278944061682,120,106,101,80,17.938205146969317,-0.37770609006462214,74.18376618407356,94.20391061452514,0.8174762325713644,0.0,0.9171869865264543,0.8405196321704864,0.07666735435596783,true,0.9835164835164835
881,118.90919409761635,973.0,63,42.46381391800915,134,144,101,100,29.70120182689347,0.3957552436463045,147.29646455628165,120.56413166855846,0.5102712815148936,0.0,0.9193652489372589,0.6799876728687547,0.23937757606850418,true,0.9054470709146968
144,114.75694444444444,144.0,68,16.70309145016031,121,58,108,43,11.072005136197168,0.6423466897571636,45.45584412271571,50.291666666666664,0.875775722573066,0.0,0.9175653594771241,0.835927906516142,0.08163745296098213,true,1.0
284,119.48239436619718,288.0,69,22.50569920602081,129,224,108,208,16.507539469232135,1.4591299440114571,64.87005768508881,216.0950704225352,0.8480854957592898,0.0,0.9249378624689313,0.8245089134654774,0.1004289490034539,true,0.9861111111111112
164,129.01829268292684,164.0,73,14.693624619756374,136,80,122,66,14.343261914193793,1.3273999096548494,46.62741699796952,73.53658536585365,0.9479184945424235,0.0,0.9207795313247253,0.7966689734717415,0.12411055785298386,true,1.0
145,130.6689655172414,145.0,74,19.55345357916117,140,263,122,251,9.595265075399691,-1.2025831069967547,48.8700576850888,257.2,0.762943123345102,0.0,0.922785665990534,0.7531486668741573,0.16963699911637675,true,1.0
609,141.6305418719212,656.0,76,40.73740391536296,156,202,130,165,20.148369661240302,-0.49357360231398695,110.08326112068522,182.23645320197045,0.6315163272431215,0.0,0.9236034643742551,0.8180143997649021,0.10558906460935302,true,0.9283536585365854
331,140.24773413897282,333.0,77,22.977009409990508,149,288,131,265,18.54971737042586,-0.17344979589006596,70.52691193458118,276.9335347432024,0.8362345770103236,0.0,0.92594040637403,0.713982843137255,0.21195756323677495,true,0.993993993993994
106,159.16981132075472,117.0,79,15.56922068030202,167,400,153,391,9.443478653990233,-1.2772950815618513,45.798989873223334,395.33962264150944,0.635044165631249,0.0,0.8808361080281171,0.8551607730610181,0.02567533496709895,false,0.905982905982906
3561,187.4198258916035,4143.0,80,83.08673474778975,226,246,155,163,59.850791197030844,-0.6965256044961562,315.08430714121175,200.5391743892165,0.45074227316438753,0.0,0.8663274801636464,0.819392832995267,0.04693464716837936,false,0.8595220854453295
195,191.17948717948718,232.0,82,21.749092172394878,200,400,179,386,14.303442096830002,-0.8231909281766263,70.42031021678297,393.574358974359,0.4941384033175172,0.0,0.8617194570135747,0.7588631984585745,0.10285625855500014,false,0.8405172413793104
108,213.78703703703704,112.0,85,21.787488324972006,225,400,205,394,6.711127663767608,1.4962496868347919,48.34924240491749,397.712962962963,0.580569574969705,0.0,0.8625998547567174,0.6171953338297345,0.24540452092698295,false,0.9642857142857143
109,210.6880733944954,115.0,87,13.395971438368072,217,231,206,218,10.903816137282613,-0.1346473180555128,41.698484809834994,224.09174311926606,0.7877634251429773,0.0,0.8587875517179349,0.8354938758345165,0.023293675883418352,false,0.9478260869565217
105,219.25714285714287,107.0,88,13.656206954441716,226,223,213,212,10.160890867804607,-1.0703043718801344,38.627416997969526,216.66666666666666,0.8843167010551242,0.0,0.8607656395891685,0.841558099749967,0.019207539839201537,false,0.9813084112149533
229,228.95633187772927,240.0,90,20.7439810851492,239,378,218,363,14.885386839102146,1.4529656198519847,63.941125496954285,369.87772925764193,0.7038575822606264,0.0,0.8563918143676685,0.6209839772758613,0.23540783709180724,false,0.9541666666666667
523,239.23900573613767,587.0,91,33.122211782795446,257,205,224,181,22.261365797340698,1.5204945363485183,109.74011537017762,191.23709369024857,0.5457336434170614,0.6118546845124283,0.8585610917407117,0.6184116086753004,0.24014948306541128,false,0.8909710391822828
126,232.04761904761904,132.0,92,16.0245823647928,240,238,225,227,10.332387791997114,-1.1576097454848582,44.21320343559643,232.0793650793651,0.8099840073238221,0.0,0.8498288204170558,0.7374649859943977,0.11236383442265807,false,0.9545454545454546
875,255.72342857142857,1142.0,94,49.33158564439483,272,343,234,299,29.335704475520018,0.7886483252715637,165.4386001800126,316.93142857142857,0.4017392121575912,0.0,0.8440649859943977,0.559867789589152,0.28419719640524577,false,0.7661996497373029
124,248.00806451612902,129.0,96,15.380963921624435,254,278,240,266,10.818690076951347,-1.1501692368455174,45.45584412271572,272.2903225806452,0.7541402055490289,0.0,0.8445920303605313,0.6517216256454118,0.19287040471511951,false,0.9612403100775194
236,275.1271186440678,253.0,100,27.204465907242906,287,189,265,169,11.825337583423511,-0.8625957675258831,71.42640687119285,178.53813559322035,0.5813052701250997,0.8686440677966102,0.8797108673978068,0.4963945933402946,0.3833162740575122,false,0.932806324110672
101,293.4950495049505,104.0,102,16.737725936527564,301,367,286,356,8.077259395211312,-1.0539870255789667,42.04163056034262,361.45544554455444,0.7180788488990271,0.9504950495049505,0.8224422442244224,0.4506330271036153,0.37180921712080706,false,0.9711538461538461
208,314.03365384615387,221.0,104,18.60622332304457,323,161,306,143,14.751893603724092,-0.4262448192833506,63.76955262170047,152.03365384615384,0.6427564724591135,1.0,0.8307692307692307,0.6069872230109254,0.22378200775830526,false,0.9411764705882353
159,316.71069182389937,164.0,105,16.002437928206042,324,142,309,129,12.93215674936832,-1.2768997461649545,48.04163056034261,135.39622641509433,0.8657081577318,1.0,0.8224688617585397,0.395574883649958,0.4268939781085817,false,0.9695121951219512
158,330.3354430379747,166.0,106,17.46581041919257,339,138,323,124,12.143052263888812,1.09289771387097,54.07716446627535,131.27215189873417,0.6789520881317924,1.0,0.8016877637130801,0.5965733138379634,0.20511444987511673,false,0.9518072289156626
169,344.31360946745565,175.0,107,19.23976793606129,352,149,336,133,11.507871162042177,0.7583146143281971,53.698484809834994,140.2130177514793,0.7364995834370639,1.0,0.82376145724562,0.6152873270520333,0.20847413019358674,false,0.9657142857142857
208,5.8701923076923075,214.0,1,21.553541062343413,14,295,1,275,13.348175448061033,0.16232232085021792,61.00609665440987,285.50961538461536,0.7023065551730782,1.0,0.8293740573152338,0.8532424556724459,-0.023868398357212106,false,0.9719626168224299
152,6.578947368421052,160.0,2,16.287199977491742,15,391,1,376,13.479669640777367,-1.1874993588668037,52.59188309203678,382.32236842105266,0.6905832005643873,1.0,0.776702786377709,0.840059279525764,-0.06335649314805503,false,0.95
435,16.855172413793102,460.0,4,27.979052863370068,31,379,2,356,21.926889099461093,1.2170843209566824,91.49747468305831,368.84597701149426,0.6529514722452338,1.0,0.7858282623394188,0.8559270613782975,-0.07009879903887872,false,0.9456521739130435
379,15.672823218997362,400.0,5,29.9895579308744,29,28,3,4,16.671017178663014,-0.8439414779774089,85.25483399593904,17.105540897097626,0.6552560625248355,1.0,0.8297066583889495,0.8724232334443214,-0.04271657505537185,false,0.9475
136,15.095588235294118,141.0,6,16.537887983901847,22,285,8,272,10.777033673675758,1.016118100247839,47.45584412271571,278.70588235294116,0.7588734637926686,1.0,0.8237024221453285,0.8541525510727853,-0.0304501289274568,false,0.9645390070921985
4139,85.82773616815656,5482.0,8,124.46178314630524,146,79,24,1,49.659544951379445,-1.15435995645521,433.78888860545663,38.06209229282435,0.2764066220339847,1.0,0.7958264049761004,0.8681401733791645,-0.07231376840306414,false,0.7550164173659248
112,34.125,132.0,9,20.40180362157685,43,151,25,141,8.203709390399194,-1.3739959043343621,51.698484809834994,146.24107142857142,0.5265895748561057,1.0,0.8379901960784314,0.8950301332654271,-0.05703993718699574,false,0.8484848484848485
385,42.774025974025975,489.0,12,37.477313397210274,59,329,27,304,16.564350071615717,-1.0312519510244393,117.22539674441617,315.29350649350647,0.35206850085287406,1.0,0.8079348102877515,0.8525646905935866,-0.044629880305835146,false,0.787321063394683
785,69.54394904458599,953.0,14,54.60008421770606,98,151,42,127,21.396652967809615,1.3879103129233867,166.36753236814715,140.12611464968154,0.35640383680875415,1.0,0.8275658798551272,0.9112672493746663,-0.0837013695195391,false,0.8237145855194123
311,87.32797427652733,328.0,15,34.17809477500917,104,250,71,236,11.993813047924037,1.4241296402084649,81.35533905932738,243.2315112540193,0.5904704037149353,1.0,0.8162410945085432,0.9117967099788769,-0.09555561547033364,false,0.948170731707317
244,89.85245901639344,287.0,16,28.746009797181262,102,343,76,325,12.384696498374907,-1.1362550810126604,76.42640687119285,334.80737704918033,0.5249437946171082,1.0,0.793667630986821,0.8520809338964014,-0.058413302909580356,false,0.8501742160278746
123,109.65040650406505,123.0,17,19.032037196966904,118,142,101,130,8.521307363084963,-1.062901737769965,46.284271247461895,135.6260162601626,0.7215195703126754,1.0,0.82891758329348,0.891584071315465,-0.06266648802198505,false,1.0
114,111.43859649122807,116.0,19,14.684184340579753,118,334,104,323,10.136062630399369,-1.2796807252428193,41.21320343559643,328.12280701754383,0.8434162605099416,1.0,0.8037151702786378,0.882330403425738,-0.07861523314710017,false,0.9827586206896551
189,123.7936507936508,192.0,21,17.631473176708067,131,195,116,182,13.943570802364832,1.105258511605051,51.55634918610404,188.3015873015873,0.8935263313652473,1.0,0.8194625998547567,0.9131357144429036,-0.09367311458814698,false,0.984375
421,139.3040380047506,512.0,23,30.051297517791255,155,360,123,334,21.479925444407062,-1.1109442655035857,107.63961030678928,344.3064133016627,0.4566124263145078,1.0,0.818098830981324,0.8819142721731748,-0.06381544119185079,false,0.822265625
162,138.1851851851852,162.0,24,22.50593187581567,148,72,127,63,9.375355807600801,-1.4418916291119717,52.970562748477136,67.44444444444444,0.7255305514779363,1.0,0.817114500121036,0.8721471197174523,-0.055032619596416255,false,1.0
441,145.61678004535148,497.0,25,34.41839473230193,163,196,131,178,18.150886410175016,-1.4657754587810319,96.66904755831214,187.65532879818593,0.5930257809716395,1.0,0.8384242585923262,0.9217938405991385,-0.08336958200681233,false,0.8873239436619719
112,147.75,114.0,28,13.935747724019421,154,389,141,379,10.360789341582562,-1.1985381277525755,39.798989873223334,384.0357142857143,0.8885539210180255,1.0,0.8339285714285714,0.8674841923740184,-0.03355562094544706,false,0.9824561403508771
109,151.03669724770643,111.0,29,14.592527452894704,157,44,145,32,9.63100805164906,-0.7051393563890134,40.62741699796952,37.77981651376147,0.8298468284723238,1.0,0.8353300953408889,0.8534021759173893,-0.01807208057650045,false,0.9819819819819819
397,162.32241813602016,428.0,30,29.966351894211293,179,400,148,381,19.711439151367845,1.4044763101474858,92.35533905932738,393.1108312342569,0.5848929096618414,1.0,0.7944584382871539,0.8944604415192653,-0.10000200323211139,false,0.927570093457944
497,174.6056338028169,542.0,35,39.17182318936266,194,41,155,22,17.115367043765428,-1.547692402197214,108.32590180780451,31.593561368209254,0.5322327889374852,1.0,0.8226535684696418,0.857173414820474,-0.03451984635083227,false,0.9169741697416974
163,172.06134969325154,177.0,37,17.867060190317098,180,191,163,178,12.295864094153316,1.1698385392994943,54.698484809834994,184.28220858895705,0.6846157340547786,1.0,0.8279080957536387,0.8954774637127575,-0.06756936795911883,false,0.9209039548022598
110,172.42727272727274,110.0,39,12.406680357364248,178,53,167,41,11.337040944894976,0.5473107148909278,37.79898987322333,47.13636363636363,0.9674803678480025,1.0,0.831229946524064,0.8474817377931567,-0.016251791269092708,false,1.0
1116,197.26612903225808,1232.0,41,53.51005906643244,224,400,173,368,28.037653833795616,-1.3081485915242692,162.2670273047588,383.7974910394265,0.5326151290491633,1.0,0.8011596036263972,0.9018456858634437,-0.10068608223704656,false,0.9058441558441559
402,202.2189054726368,494.0,42,51.97180551397966,222,267,177,246,11.765508347395848,-1.259521783702872,113.98275605729691,258.09203980099505,0.3888280698026454,1.0,0.8007218807921179,0.9104513503514612,-0.10972946955934326,false,0.8137651821862348
410,204.4780487804878,440.0,43,27.554493896573018,215,202,191,177,20.319813666376454,-0.6442925360962262,86.66904755831213,189.98536585365855,0.6859076914177549,1.0,0.8258823529411767,0.8986346867845745,-0.07275233384339774,false,0.9318181818181818
270,206.48518518518517,309.0,44,27.109786188062643,219,64,193,46,15.322216863111441,-1.3049303106920258,77.25483399593904,55.56296296296296,0.5684893078211514,1.0,0.8284676833696442,0.8739458543184524,-0.04547817094880824,false,0.8737864077669902
1534,251.26531942633636,1848.0,46,85.1665838707011,297,285,209,254,25.629272083550195,1.50936590543146,236.3086578651014,271.29661016949154,0.34520410895339176,1.0,0.7861620267402922,0.9221498158359303,-0.13598778909563802,false,0.8300865800865801
3011,280.96014613085356,4406.0,47,129.15542292610087,342,105,219,55,36.101649393704506,-1.4077014565679489,443.9310242291876,79.54765858518765,0.19199487047126884,1.0,0.8095818599774683,0.8801505976476471,-0.0705687376701788,false,0.6833862914207899
260,234.40384615384616,268.0,48,22.94221449102534,245,400,222,386,15.382811476526102,-1.4498659873645274,67.42031021678298,394.1884615384615,0.7187894911861913,1.0,0.8030165912518855,0.8985140244438584,-0.0954974331919729,false,0.9701492537313433
168,243.8154761904762,181.0,50,19.644630989572214,253,55,234,43,11.283656304026358,1.2776042983147846,54.2842712474619,48.910714285714285,0.7164256426441464,1.0,0.8305555555555554,0.8646844139115503,-0.034128858355994884,false,0.9281767955801105
524,263.94083969465646,623.0,51,45.44989157945836,285,400,244,384,16.683576825619596,-1.5003191237205076,116.2193000900063,393.2003816793893,0.487511247314126,1.0,0.8314399042059576,0.8929750576701271,-0.06153515346416949,false,0.841091492776886
142,273.66901408450707,145.0,56,19.194156239919746,283,190,264,180,9.828572186470199,-1.3805707848156874,49.21320343559643,184.70422535211267,0.736775095546716,1.0,0.8369511184755591,0.888350800090151,-0.05139968161459185,false,0.9793103448275862
280,296.95,289.0,57,31.36111652817136,312,292,282,278,11.624866148201455,-1.2511142532318524,75.35533905932738,284.9,0.6196405615010581,1.0,0.7983753501400562,0.9285204991087342,-0.13014514896867801,false,0.9688581314878892
183,318.3114754098361,191.0,59,18.784486230421678,327,302,309,289,13.012982292003176,1.4348481179852284,54.45584412271571,295.5464480874317,0.7754824341796882,1.0,0.7968927461695058,0.9140237750581219,-0.11713102888861615,false,0.9581151832460733
352,328.95454545454544,380.0,60,27.936836346246626,343,157,315,139,16.815509258298594,-1.5142307640738752,79.42640687119285,149.1221590909091,0.7011689810691707,1.0,0.8268939393939398,0.9053313049357676,-0.07843736554182779,false,0.9263157894736842
520,336.3557692307692,687.0,61,44.27108311328494,358,285,315,257,19.821107152074358,1.1162269229608448,141.78174593052023,269.20576923076925,0.3250667637309236,1.0,0.8294193061840124,0.9322895963364598,-0.10287029015244742,false,0.7569141193595342
261,334.2145593869732,278.0,62,22.71831117355739,346,311,324,294,15.191348253206,1.27433558608858,69.97665940288702,303.18773946360153,0.6697981742774209,1.0,0.8013372398767938,0.9142240896358541,-0.11288684975906027,false,0.9388489208633094
194,343.91237113402065,234.0,63,29.08602263482612,354,300,332,281,10.176009383645509,0.9271303318850598,75.18376618407356,290.4381443298969,0.43128409243194865,1.0,0.820658985243582,0.938781810596579,-0.1181228253529969,false,0.8290598290598291
357,347.85434173669466,376.0,64,23.069130205610467,359,152,334,129,21.21340417551579,1.255842094498027,81.66904755831214,139.9047619047619,0.6726096572406826,1.0,0.8040973252045918,0.8932091503267977,-0.08911182512220595,false,0.949468085106383
1359,354.1486387049301,1605.0,65,52.30252871720511,377,386,334,332,37.12353948991045,0.06621432543170218,191.37362902255703,361.38704930095656,0.4662996997208272,1.0,0.8576490787632197,0.9367258568609991,-0.07907677809777935,false,0.8467289719626169
246,359.6463414634146,266.0,66,28.713604590130494,374,14,345,1,11.910757514535586,-1.2928698778649357,74.31980515339463,6.943089430894309,0.5596749206468459,1.0,0.8042882193527818,0.8976874470718513,-0.0933992277190695,false,0.924812030075188
167,373.94011976047904,177.0,69,20.73265535516964,383,337,365,323,11.06547395843951,1.0311598020588646,56.8700576850888,329.1317365269461,0.6488719457002762,1.0,0.8640131501702475,0.9106633924917218,-0.0466502423214743,false,0.943502824858757
540,385.18148148148146,628.0,71,32.281883174171966,400,244,370,218,23.535121979775514,-1.2357659677429034,117.53300858899105,231.77037037037036,0.4912289089966599,1.0,0.8628685548293394,0.9010914830328411,-0.038222928203501705,false,0.8598726114649682
256,380.8125,272.0,72,25.548147016815182,391,86,371,65,13.214610256892655,-0.6618231186672902,71.59797974644665,74.94921875,0.6275499409167883,1.0,0.8295496323529413,0.8755526937110967,-0.04600306135815535,false,0.9411764705882353
410,390.4439024390244,479.0,73,29.20439475198372,400,389,375,361,22.40514798302294,-0.838625600976885,101.25483399593905,375.60731707317075,0.5025302261247715,1.0,0.8597513151602105,0.918078927773641,-0.058327612613430446,false,0.8559498956158664
350,389.6771428571429,366.0,74,26.08348982251467,400,136,377,117,18.159939750450647,-1.1790085235614876,77.698484809835,126.72285714285714,0.7285390060025898,1.0,0.8107226890756304,0.8931393908325851,-0.0824167017569547,false,0.9562841530054644
146,390.3424657534247,147.0,75,23.922433906739524,400,8,378,1,8.126656468471484,1.4939805035643174,53.692388155425114,3.910958904109589,0.636410413755012,1.0,0.8017727639000805,0.8953398161432597,-0.0935670522431793,false,0.9931972789115646
125,397.352,125.0,78,22.67885781366526,400,155,393,135,7.485677007963563,-0.10420162694525593,49.89949493661167,146.168,0.6308521351085333,1.0,0.8157803921568627,0.8995561301443656,-0.08377573798750293,false,1.0
177,5.728813559322034,180.0,2,18.531574713739918,12,49,1,30,13.079800057330125,0.13472914299049063,52.76345596729059,40.20338983050848,0.7989445946680834,0.0,0.9211919796167056,0.9062242332830568,0.014967746333648835,false,0.9833333333333333
4645,39.39440258342304,4861.0,3,85.27210155068165,77,119,1,39,71.4965635506816,0.8154322232551777,303.27922061357856,78.78105489773951,0.6346149103280615,0.0,0.9286460246100594,0.7252828968638864,0.20336312774617304,true,0.9555646986216828
138,6.550724637681159,140.0,4,17.47366446020531,13,124,1,109,10.278304096701195,0.6918526624665016,46.38477631085023,116.84057971014492,0.8060055221719145,0.0,0.9258596192100028,0.8744316331183641,0.05142798609163868,false,0.9857142857142858
1129,16.950398582816653,1222.0,5,53.771471532871644,37,178,1,128,29.368858539331764,0.6508152534428869,174.95331880577405,155.04782993799822,0.4635103490410011,0.3259521700620018,0.9372757428923738,0.8838477094873823,0.05342803340499147,false,0.9238952536824877
5556,40.95824334053276,8589.0,6,156.55960286593842,123,308,1,191,73.2155680252825,0.810992528368165,514.0904037956216,266.19474442044634,0.2641758458309718,0.4789416846652268,0.9473220965852142,0.8840904127052052,0.063231683880009,true,0.6468739084876004
220,21.0,220.0,8,18.975659604967507,31,47,13,32,14.929333666089358,-1.2705154125305347,54.8700576850888,39.03636363636364,0.9182516371071018,0.0,0.9246345811051694,0.8692539256366448,0.05538065546852455,false,1.0
111,37.32432432432432,111.0,10,14.845898671962463,45,315,31,305,9.788921072540385,-1.2682890217207892,40.38477631085023,309.54954954954957,0.8552586581514219,0.0,0.9422010245539657,0.9133703019100434,0.02883072264392228,false,1.0
174,45.07471264367816,186.0,12,20.224013815812267,54,347,35,333,11.788922586475188,-1.3397729186147267,57.941125496954285,340.1954022988506,0.6513062687136152,0.0,0.9401397340545412,0.9080635634121387,0.032076170642402535,false,0.9354838709677419
461,75.59436008676789,484.0,19,35.319422590772085,90,145,60,118,17.37846625498694,-0.8440127891910001,91.9827560572969,131.80260303687635,0.6846962561928993,0.0,0.9326698141295567,0.7916002694013445,0.1410695447282122,true,0.9524793388429752
322,72.93478260869566,350.0,20,28.530025337780252,85,28,63,3,15.221799380793115,-0.6319167230207646,82.42640687119284,15.51863354037267,0.5955702541320202,0.0,0.9282547801729388,0.869929113294366,0.05832566687857288,false,0.92
3781,137.11240412589262,5004.0,21,130.91913276714178,178,285,73,194,49.921813144320176,0.8395572608318349,376.43354954612926,238.15736577624966,0.33530489659041735,0.0,0.9320731625101768,0.8241454689984101,0.10792769351176668,true,0.7555955235811351
309,85.91585760517799,318.0,22,22.16687994060185,97,46,77,25,18.540676192452867,0.9150980503258691,71.94112549695427,36.83495145631068,0.7502636189311859,0.0,0.9282061044482519,0.49296793344203355,0.43523817100621837,true,0.9716981132075472
166,100.77710843373494,169.0,25,22.738657036743458,110,74,92,58,9.464654873346166,-0.8843247706501884,54.52691193458118,65.99397590361446,0.701610608087828,0.0,0.9338766832034017,0.573965603190429,0.3599110800129727,true,0.9822485207100592
192,100.19270833333333,197.0,26,20.77311773273386,107,353,94,333,12.000187056217099,0.08660915310067971,56.2842712474619,343.234375,0.7616176465868791,0.0,0.9369689542483659,0.8889135326261655,0.048055421622200445,true,0.9746192893401016
1044,121.34674329501915,1058.0,27,42.252660782222364,139,118,103,82,31.771918987995807,0.7217377713461252,124.91168824543142,99.8103448275862,0.8408222711268841,0.0,0.9366163323566976,0.5710514724867484,0.36556485986994924,true,0.9867674858223062
357,126.406162464986,364.0,29,26.946174832169405,140,157,112,140,17.165354739940227,-1.4662089077324567,77.59797974644667,148.95518207282913,0.74503598738008,0.0,0.9349700664579558,0.6257309410250589,0.3092391254328969,true,0.9807692307692307
251,128.25099601593627,259.0,32,24.100278887317856,138,138,116,121,13.771795793075468,-1.0943926727192348,64.52691193458118,129.78884462151393,0.7575334637143121,0.0,0.9375048824310603,0.7457691801552838,0.19173570227577652,true,0.9691119691119691
255,126.27843137254902,270.0,33,22.423255751022072,137,345,117,327,15.137455062739784,1.0119281072102706,64.80508652763321,336.6941176470588,0.7630128548855247,0.0,0.939284890426759,0.89730298249568,0.04198190793107903,true,0.9444444444444444
671,142.3144560357675,858.0,36,39.0702021288317,161,339,127,298,29.352555168233504,0.22238521528802513,148.95331880577405,317.29061102831594,0.3800423684470626,0.0,0.9393296513836537,0.8916439852617158,0.04768566612193781,false,0.782051282051282
176,133.4318181818182,176.0,39,19.522178863812844,139,394,128,375,11.501267778313522,0.2411464952577363,50.62741699796952,384.14772727272725,0.8628811687605836,0.0,0.9317736185383243,0.8980251430715824,0.03374847546674187,true,1.0
220,148.58636363636364,230.0,40,21.188334294822827,159,13,138,1,13.773250295232874,1.4305620944499626,61.384776310850235,6.85,0.733687617745641,0.0,0.9281818181818182,0.524300689805008,0.40388112837681023,false,0.9565217391304348
280,146.56428571428572,287.0,41,24.10608796827493,155,71,139,48,15.09228727233513,0.24533059202027857,65.94112549695429,60.03928571428571,0.8091987148532882,0.0,0.9296078431372552,0.754493683085388,0.1751141600518672,true,0.975609756097561
952,169.91806722689077,993.0,45,51.576089758178036,196,400,145,375,24.753257734048425,1.5256676945609249,138.91168824543144,390.2825630252101,0.6199679424846053,0.0,0.931080079090459,0.8552229741454106,0.07585710494504838,false,0.9587109768378651
159,152.49685534591194,163.0,46,16.72603934899884,160,383,146,369,12.367565158050011,-0.8552102808941066,48.62741699796952,375.1509433962264,0.8449764126694335,0.0,0.9306449623874709,0.8886945409528375,0.041950421434633345,true,0.9754601226993865
311,157.92604501607718,314.0,48,22.565306633655172,168,113,150,91,17.861132224303176,-0.3327266573556404,67.698484809835,102.64630225080386,0.8527315973350404,0.0,0.933232456969926,0.5281397988337053,0.40509265813622064,true,0.9904458598726115
353,161.78186968838526,370.0,49,27.084241360816442,172,343,150,320,17.188628969441996,-0.7666669687623416,79.01219330881975,332.3314447592068,0.7105527657291875,0.0,0.940232183524968,0.8973793962029247,0.04285278732204323,true,0.9540540540540541
115,162.90434782608696,116.0,50,14.585311564718664,170,10,157,1,10.644516785640462,-1.279204677448924,41.071067811865476,4.930434782608696,0.8567137077207548,0.0,0.9229667519181586,0.8849014115450103,0.03806534037314824,false,0.9913793103448276
323,171.53869969040247,326.0,52,26.648655894716978,180,75,163,49,15.724857409774698,0.35818969487399377,71.94112549695429,61.55727554179567,0.7842561453552521,0.0,0.9315485946700663,0.8340694564184183,0.097479138251648,true,0.99079754601227
104,182.60576923076923,106.0,54,14.838741043990268,188,362,177,349,9.14380126137402,-0.5636064896756503,39.21320343559642,355.53846153846155,0.8499209968229149,0.0,0.9213046757164404,0.8303756201275688,0.09092905558887154,true,0.9811320754716981
157,186.39490445859872,160.0,55,15.371902054940927,193,98,178,84,13.333684628559865,-1.261681417684124,48.627416997969526,91.28025477707007,0.8343477785478051,0.0,0.9265892344198824,0.6262947439418027,0.30029449047807966,true,0.98125
264,191.97727272727272,268.0,57,23.50659308835186,201,212,182,193,14.46959380008749,0.7786782889766458,62.526911934581186,202.51136363636363,0.8485546743392424,0.0,0.9304664289958409,0.7173778319618005,0.21308859703404037,true,0.9850746268656716
135,192.72592592592594,139.0,59,17.952536609481836,198,51,187,35,9.737627086423087,-0.4336092858609025,46.62741699796952,43.303703703703704,0.7802987607513852,0.0,0.9149164851125635,0.8753323592546497,0.03958412585791382,false,0.9712230215827338
1422,216.9381153305204,1474.0,61,50.91614690333801,242,111,193,76,36.268614797705574,-1.371609617699565,155.0538238691624,92.35372714486638,0.7432663959900815,0.0,0.9251565042331978,0.5060089088714044,0.41914759536179347,true,0.9647218453188603
242,206.70661157024793,246.0,64,26.270694882461118,217,400,196,382,11.926987126702704,0.8399445329593503,64.5269119345812,391.60330578512395,0.7303709092384998,0.0,0.9293955598768434,0.6652624920936117,0.26413306778323176,true,0.983739837398374
134,209.05223880597015,139.0,68,23.422039292247103,217,273,201,255,7.570605512002513,-0.6494219136859933,53.35533905932738,264.2313432835821,0.5915056457913497,0.0,0.938425519461516,0.7350676440789086,0.2033578753826074,true,0.9640287769784173
2783,241.69601149838303,3075.0,70,74.14521017327382,278,293,204,230,52.411184649203896,-1.0138480775372818,253.17871555019022,266.73409989220266,0.5455928696498419,0.04383758533956163,0.9242360832223651,0.5078582470332531,0.41637783618911195,true,0.905040650406504
2516,233.67925278219397,2733.0,73,77.14164148880383,259,400,212,320,43.82087665549703,-0.1399324413921439,270.1076477383247,358.3831478537361,0.43335792104135346,0.0,0.9104928457869633,0.5166564025137242,0.3938364432732391,true,0.9206000731796561
267,227.49063670411985,294.0,75,24.516802421729043,238,156,215,139,15.0432799469018,-1.3938912710651783,73.59797974644665,147.82771535580525,0.6194258693419034,0.5580524344569289,0.9168245575383713,0.788508473967039,0.12831608357133228,false,0.9081632653061225
186,224.7311827956989,188.0,77,17.117247550885406,233,188,216,174,14.116332748690944,-1.4589748087694971,52.04163056034261,180.26344086021504,0.8630203123415282,0.0,0.9206831119544592,0.7556556274822531,0.16502748447220605,true,0.9893617021276596
155,227.8709677419355,157.0,79,17.308657719639754,236,170,219,158,11.65393305564602,-1.373674465457661,48.04163056034262,164.46451612903226,0.8439293361536411,0.0,0.9205313092979129,0.7957528137608834,0.12477849553702958,true,0.9872611464968153
102,238.57843137254903,103.0,83,12.747967365436969,244,189,233,177,10.259638658954167,0.6898876038918365,37.21320343559642,183.16666666666666,0.9255841766473144,0.0,0.9272587466359091,0.8488428495087764,0.0784158971271327,false,0.9902912621359223
267,250.50187265917603,282.0,86,18.972517834374713,260,172,242,154,18.663658239845862,1.5596934784478906,66.52691193458118,162.69288389513108,0.7580998242762813,0.0,0.9120511125798636,0.8306220095693783,0.08142910301048534,false,0.9468085106382979
461,271.79175704989154,487.0,89,29.633729098352585,283,222,256,198,21.685393890904365,1.2669705394855468,90.18376618407356,209.06290672451192,0.7122854177972388,0.0,0.9106290672451195,0.597296494355318,0.31333257288980154,true,0.946611909650924
279,277.1720430107527,310.0,91,22.64627507550782,291,180,268,160,17.999235361051774,1.3946451488033427,75.01219330881975,170.39068100358423,0.6230893654416033,0.0,0.8676646285754447,0.7581222921970614,0.10954233637838329,false,0.9
111,281.2882882882883,114.0,92,14.29800349393685,288,163,274,152,10.398621831904496,-1.2731036336830175,42.04163056034262,157.19819819819818,0.789175764631604,0.46846846846846846,0.8529235117470411,0.5412693987547624,0.31165411299227863,false,0.9736842105263158
121,289.24793388429754,122.0,93,14.323401476183198,294,193,284,179,10.933902822883988,-0.026755809389551573,41.79898987322333,185.74380165289256,0.8702893342777589,0.0,0.9119429590017826,0.6552941176470589,0.25664884135472366,true,0.9918032786885246
312,301.77884615384613,328.0,94,23.651317346662598,311,193,293,169,17.793143538965413,-0.06190354436779762,77.35533905932736,179.98076923076923,0.6552150583591748,0.0,0.8600427350427348,0.4601511238641798,0.399891611178555,false,0.9512195121951219
463,309.6155507559395,497.0,95,31.866332984930803,326,240,296,221,19.815920923617476,-1.5184182340731032,93.25483399593904,230.06047516198703,0.669033937459058,0.0,0.9085757845254734,0.413607023837203,0.4949687606882704,true,0.93158953722334
229,321.3580786026201,237.0,97,19.03108472659616,330,296,311,279,15.940003542933885,1.28724555070762,61.35533905932737,286.72489082969435,0.7644351096486183,0.6681222707423581,0.874698176213717,0.37618152283744544,0.4985166533762716,false,0.9662447257383966
163,337.39877300613495,168.0,98,22.67604700658068,348,400,327,391,9.261637148994687,1.367818693905952,53.798989873223334,395.8957055214724,0.7077000487426902,0.0,0.899362444364249,0.31001432536484913,0.5893481189993999,false,0.9702380952380952
5327,20.01820912333396,6915.0,1,165.54575132156262,58,159,1,1,51.105217030608266,0.00915590051584674,515.326947828331,72.6461422939741,0.25207330400015976,1.0,0.8430437615256355,0.7874462365591403,0.05559752496649528,false,0.770354302241504
144,5.194444444444445,144.0,2,16.946472965815712,10,264,1,249,11.259903117540933,0.049166341397543105,45.071067811865476,256.5763888888889,0.8907927246030187,1.0,0.840631808278867,0.7966274509803921,0.04400435729847485,true,1.0
338,5.674556213017752,345.0,3,38.39551910527525,12,300,1,263,12.014661457908955,-0.13364071975726094,89.17766952966369,278.8284023668639,0.5340898526181045,1.0,0.8503654716324401,0.6852892881290451,0.16507618350339504,true,0.9797101449275363
219,5.735159817351598,228.0,4,25.925795566781737,11,331,1,305,11.1225188223237,0.19129068332269897,63.42031021678297,318.52054794520546,0.6842223477708087,1.0,0.8602739726027397,0.7956312349501208,0.06464273765261896,true,0.9605263157894737
8527,75.5022868535241,12758.0,8,167.25970808992196,132,280,7,111,93.45890441684634,0.6762639945959018,750.1097397793778,186.57886712794652,0.19043927429208246,1.0,0.8391338240467997,0.7944593764398712,0.04467444760692851,false,0.6683649474839316
913,22.751369112814896,934.0,9,37.784705903734256,38,255,7,220,31.38605394868367,0.16692108092347066,116.42640687119285,238.31215772179627,0.8464038934469568,1.0,0.8612116916865323,0.7509490591863325,0.11026263250019985,true,0.9775160599571735
713,24.610098176718093,756.0,10,55.27766216953249,33,385,16,332,16.95718675358327,-0.08832599018488595,131.01219330881975,358.50490883590464,0.5220065581137203,1.0,0.878354371201496,0.7708669916847565,0.10748737951673948,false,0.9431216931216931
188,26.0,191.0,11,19.036948101730108,33,400,19,384,13.158254062675619,0.3849636727204968,54.76345596729059,392.88829787234044,0.7877456586903413,1.0,0.8619524405506883,0.8200407435701557,0.04191169698053265,false,0.9842931937172775
114,42.63157894736842,114.0,14,13.434231697202181,48,227,36,215,10.967776318944697,0.8251545187956537,39.21320343559643,220.85087719298247,0.9316441695943486,1.0,0.8468868249054007,0.7939358199420122,0.05295100496338845,false,1.0
236,48.26271186440678,272.0,15,24.45945194003493,63,400,37,385,15.946335859378188,1.3223880246848658,73.83452377915606,394.7881355932203,0.5440050243568572,1.0,0.8589896975739449,0.8175996968835844,0.041390000690360584,false,0.8676470588235294
279,60.17562724014337,293.0,18,21.132909197169873,69,378,50,359,17.326019913493713,0.6600438322308817,67.69848480983501,369.02867383512546,0.7649907255835248,1.0,0.8612973504814113,0.8107563025210087,0.050541047960402596,false,0.9522184300341296
211,60.58767772511848,215.0,19,19.178290430556867,67,396,54,379,14.335771707114974,-0.20988830786522206,55.55634918610404,386.87203791469193,0.8590628164789483,1.0,0.862503484806245,0.8068424611223799,0.05566102368386505,false,0.9813953488372092
545,70.95045871559633,565.0,20,30.501906973338713,82,300,57,270,23.938482244350688,0.34189383806913504,96.66904755831214,284.86788990825687,0.7328776658266293,1.0,0.848742579600648,0.768335294117647,0.08040728548300102,true,0.9646017699115044
477,91.0712788259958,524.0,21,31.320776636938312,106,400,75,379,20.75430442170926,1.2869886053866748,102.49747468305831,389.39203354297695,0.570560776014609,1.0,0.8485551033830726,0.8084610814022581,0.040094021980814465,false,0.9103053435114504
182,85.53296703296704,204.0,23,20.31805780969603,96,367,78,352,13.168874331183693,1.2071246281301389,60.2842712474619,359.7802197802198,0.6293224452745122,1.0,0.8704804998922645,0.779118043978725,0.09136245591353953,false,0.8921568627450981
862,119.5522041763341,1063.0,25,41.768064308758596,141,143,98,111,30.935563556364645,1.3239339240688224,167.75230867899737,125.17865429234338,0.38492854507973456,1.0,0.8240525908739365,0.7789553656220325,0.04509722525190396,false,0.8109125117591721
227,112.40528634361233,236.0,26,23.174804673677613,120,400,100,382,14.015707015906486,-0.7117500452322227,63.62741699796952,392.99118942731275,0.7046072946677427,1.0,0.8661138464196252,0.8001607773234074,0.06595306909621779,false,0.961864406779661
469,120.21535181236673,502.0,27,27.86862994506129,131,344,110,315,22.24394146135431,-0.07600059535197261,92.66904755831214,329.18336886993603,0.6862989080615821,1.0,0.8590827375726412,0.7417245801274097,0.11735815744523148,true,0.9342629482071713
775,163.01290322580644,987.0,29,72.88595489416463,194,20,129,1,16.71952904187914,1.492281876516252,171.43250352560273,7.452903225806452,0.33137918970491836,1.0,0.8409158760278306,0.7899399114484507,0.05097596457937992,false,0.7852077001013171
216,147.63425925925927,230.0,30,21.12727623385285,158,122,137,108,13.53970926789751,1.5484191385012607,62.18376618407356,115.1574074074074,0.7019554847129217,1.0,0.8282498184458967,0.7297981000767381,0.09845171836915867,false,0.9391304347826087
966,156.39544513457557,1328.0,31,65.59352543556945,173,264,138,199,26.77339705558978,-0.027798402243349455,199.68124086713192,237.16459627329192,0.30444753129463054,1.0,0.8609751146835544,0.7470119620175117,0.11396315266604262,false,0.7274096385542169
123,145.82926829268294,125.0,32,15.644073326111684,152,376,139,363,10.257151934848546,-0.8567829636378582,43.21320343559643,369.6260162601626,0.8277173356624736,1.0,0.8437749083373185,0.7833192156862748,0.06045569265104367,false,0.984
304,173.17763157894737,324.0,37,23.974308952380266,185,59,163,39,17.141474723173108,-0.7427691952550529,70.76955262170047,48.26315789473684,0.7627646318117257,1.0,0.8401573787409702,0.7738958597137487,0.06626151902722144,false,0.9382716049382716
254,181.1496062992126,260.0,39,28.05721264680755,194,121,167,110,11.794853417627536,1.563165700759947,68.04163056034263,115.53937007874016,0.6894363150620341,1.0,0.8221398795738769,0.7249305598419852,0.09720931973189173,false,0.9769230769230769
114,184.14912280701753,114.0,41,13.95440490850476,189,61,177,48,10.989531971418154,-0.5585252449971018,40.21320343559643,54.92982456140351,0.8858850516147482,1.0,0.8320605435156518,0.7777124183006535,0.05434812521499832,false,1.0
627,192.8548644338118,682.0,42,36.84074032826697,207,300,180,265,23.128208104284827,0.45422704414788023,119.81118318204308,282.57735247208933,0.5488866788248404,1.0,0.8382775119617227,0.7951922758985555,0.043085236063167276,false,0.9193548387096774
202,187.85148514851485,212.0,43,21.776167001966126,194,233,181,211,12.390910176656968,-0.03574172607988853,59.941125496954285,222.24752475247524,0.7064988298139465,1.0,0.8852455833818675,0.7307199543933875,0.15452562898848,false,0.9528301886792453
300,195.84666666666666,313.0,44,24.354569542104997,207,36,184,17,16.21356935741358,1.0016394212670905,74.42640687119285,25.96,0.6805766004759662,1.0,0.8349150326797387,0.7556925996204938,0.07922243305924481,false,0.9584664536741214
1633,206.25535823637478,1974.0,45,76.17850461322574,224,116,189,45,32.050720275555406,-0.034825797307806904,223.4802307403552,77.35211267605634,0.4108826722506243,1.0,0.838238295930742,0.7450177121237683,0.09322058380697362,false,0.8272543059777102
174,208.06896551724137,186.0,47,16.933045510279676,217,273,199,258,13.785877125298216,1.4433113776538866,55.35533905932738,265.0344827586207,0.7135757486841461,1.0,0.8534820824881678,0.7773127472247036,0.07616933526346426,false,0.9354838709677419
198,210.06565656565655,218.0,48,18.158641061850158,218,171,202,152,15.304250578630878,0.14791467213960427,61.94112549695428,160.82323232323233,0.6485102869821925,1.0,0.8673004555357497,0.7419783166389504,0.12532213889679933,false,0.908256880733945
340,210.01764705882354,350.0,49,26.806521553351278,220,326,203,301,16.950398453902075,0.14842948549308732,74.87005768508881,314.6,0.7622061446504375,1.0,0.8513840830449828,0.8067993186183905,0.044584764426592316,false,0.9714285714285714
3476,238.82853855005754,4107.0,50,94.32840124829117,277,400,204,324,52.49502072324377,0.8117059556477073,319.27922061357856,367.7491369390104,0.4284975296934152,1.0,0.8558654301766734,0.80329685831167,0.05256857186500341,false,0.8463598733869004
541,227.18853974121996,580.0,51,28.247601211203015,242,286,215,256,25.130324770931118,-0.47023916937512694,102.08326112068522,271.720887245841,0.6523761241941773,1.0,0.8463194519952161,0.7178777393310265,0.12844171266418958,false,0.9327586206896552
360,228.95277777777778,387.0,52,25.90339440021167,239,309,219,283,18.90726453970124,-0.1161859938700927,79.76955262170047,294.69444444444446,0.7109483523398037,1.0,0.9044771241830064,0.7873348341000299,0.1171422900829765,false,0.9302325581395349
143,235.993006993007,149.0,53,17.929512064896606,243,332,231,316,10.446965183219158,0.4256590386827369,47.970562748477136,324.6713286713287,0.7809015322327987,1.0,0.8716303304538596,0.8143012760659821,0.0573290543878775,false,0.959731543624161
120,244.19166666666666,122.0,54,13.652458068055848,250,19,238,6,11.657155638871162,0.5557489213408515,41.79898987322333,11.75,0.8630968604407525,1.0,0.8406209150326795,0.7037378043004645,0.13688311073221504,false,0.9836065573770492
322,256.14596273291926,331.0,56,29.543723718112428,267,340,245,316,14.173379296327713,0.8093569867167368,76.76955262170047,327.5807453416149,0.6865745742006403,1.0,0.859602971623432,0.7747115629468571,0.08489140867657496,false,0.972809667673716
316,283.0632911392405,335.0,59,26.404253923306502,293,391,274,366,15.777787937054315,-0.4536350130923724,77.56244584051392,378.7626582278481,0.6600760199612903,1.0,0.8334946636882606,0.7567199065056489,0.07677475718261173,false,0.9432835820895522
254,287.3228346456693,257.0,60,23.60738904089999,298,400,276,387,14.079334847377174,-1.5451452719409158,63.79898987322333,394.4409448818898,0.7841803858953708,1.0,0.823869075189131,0.7774550149277818,0.0464140602613492,false,0.9883268482490273
141,312.0070921985816,146.0,64,21.56528266881912,322,321,303,310,8.675014194611629,1.266003846435141,50.62741699796952,315.63829787234044,0.6912854817911493,1.0,0.8287303573911833,0.7291562517358221,0.09957410565536118,false,0.9657534246575342
118,325.3474576271187,124.0,66,18.79143810898632,333,400,317,389,8.474097157038761,-1.1020090921616317,48.04163056034261,395.1271186440678,0.6424752365556754,1.0,0.8278497839813891,0.7363265099053854,0.09152327407600369,false,0.9516129032258065
101,371.980198019802,102.0,70,15.977372062709755,377,398,367,384,8.179855394708333,0.4266098131100931,39.798989873223334,390.96039603960395,0.8012852323466123,1.0,0.8618908949718499,0.6998122653316646,0.16207862964018527,false,0.9901960784313726
100,383.87,102.0,71,15.01534752550022,390,342,378,330,8.567294712361331,0.8268761559242078,39.21320343559642,336.12,0.8172317277143412,0.99,0.8623529411764704,0.59056424608926,0.2717886950872105,false,0.9803921568627451
931,11.356605800214822,1070.0,1,57.54356933312795,33,51,1,1,25.701008579855056,-0.3139809007389682,153.39087296526012,19.94092373791622,0.49723364457772073,1.0,0.8521682357153385,0.8371040723981903,0.015064163317148216,false,0.8700934579439252
4582,23.562854648625056,5672.0,2,126.36699967664906,65,205,1,69,57.18523962358078,0.13765272852592744,419.0782104868019,136.05237887385422,0.32784969755932325,0.4807944129201222,0.8507604351212334,0.8398278799231707,0.010932555198062799,false,0.8078279266572638
140,3.3714285714285714,141.0,3,26.561367322391764,7,192,1,165,7.276569235740821,-0.015584535604166136,57.14213562373095,178.80714285714285,0.538796746330265,0.5785714285714286,0.8514565826330531,0.8391884531590414,0.01226812947401168,false,0.9929078014184397
311,8.07717041800643,335.0,5,23.067631105905228,19,400,1,376,19.84390408673812,-0.3680236575366586,78.42031021678297,387.94212218649517,0.6354964679727997,0.06109324758842444,0.8424437299035373,0.8594937975190078,-0.017050067615470454,false,0.9283582089552239
184,20.71195652173913,195.0,6,22.88356528097415,28,304,14,282,10.829897249555568,0.342444911277958,62.18376618407356,292.625,0.5979620795702666,0.0,0.8603154305200341,0.8772854957585872,-0.016970065238553045,false,0.9435897435897436
649,30.02619414483821,724.0,7,35.69735604223824,46,256,15,220,26.171741724528943,0.5857087180567869,126.88225099390856,239.23882896764252,0.5065855658443964,0.0,0.8489742892534523,0.8519689316169683,-0.002994642363515987,false,0.8964088397790055
127,36.91338582677165,127.0,11,15.409344101602926,44,14,31,1,10.942862365333852,-0.5881160588228467,43.21320343559642,6.433070866141732,0.8546349725945869,1.0,0.8484483557202407,0.8371854936664931,0.011262862053747602,false,1.0
333,38.987987987987985,391.0,12,28.622127560881783,51,66,31,38,17.187807103874974,0.5324599203472459,89.01219330881975,53.033033033033036,0.5281473349760246,1.0,0.854277807218984,0.8525502856509839,0.0017275215680001565,false,0.8516624040920716
1600,67.3,1951.0,13,60.64331005267993,92,295,37,248,39.32918186098627,1.0031289773027825,248.27922061357856,272.345,0.32617381997679346,0.00625,0.8462549019607845,0.8463156418705744,-6.0739909789941926e-5,false,0.8200922603792927
105,52.06666666666667,105.0,14,13.181632698687192,57,217,47,204,10.24270667951222,0.30229235754855205,37.79898987322333,210.5142857142857,0.923503987491275,0.0,0.839551820728291,0.8167236189081438,0.02282820182014722,false,1.0
157,55.445859872611464,165.0,15,15.269967610246393,62,400,48,386,13.843238851034862,0.03008544117359577,51.00609665440988,393.85350318471336,0.7583423976978296,0.8152866242038217,0.8562008242787557,0.8640192263675901,-0.007818402088834442,false,0.9515151515151515
1170,69.33675213675214,1196.0,16,43.08479594300858,91,44,49,8,35.43864866616965,1.2460905998325529,138.46803743153546,23.863247863247864,0.7668256866339339,1.0,0.8513725490196083,0.8553623715191531,-0.003989822499544715,false,0.9782608695652174
147,58.16326530612245,154.0,18,20.608652275172382,64,316,52,297,9.444950731877364,0.4363065164946831,52.2842712474619,306.2244897959184,0.6757484848537957,0.0,0.8562358276643989,0.8596038002829994,-0.0033679726186005565,false,0.9545454545454546
422,61.93601895734597,438.0,19,30.8452592514237,73,139,54,110,18.51036809227076,0.28465471611698456,85.11269837220809,126.02843601895735,0.7320379500608407,0.8246445497630331,0.8533314747700028,0.846803762155269,0.006527712614733838,false,0.9634703196347032
854,76.06088992974239,1041.0,20,47.06429912971576,93,400,62,352,26.745431519065534,0.05904301440017381,151.53910524340094,376.4941451990632,0.46732422822296416,0.3360655737704918,0.8579280892684941,0.8488182299947006,0.009109859273793486,false,0.8203650336215178
176,70.4659090909091,180.0,21,18.615251219147265,77,96,63,77,12.542111072192343,0.3490371628265362,53.11269837220809,86.4034090909091,0.7840175773856687,0.7272727272727273,0.852139037433155,0.8738390092879258,-0.021699971854770794,false,0.9777777777777777
1597,91.38760175328741,2053.0,25,78.94509430852038,110,127,72,51,31.617177277784723,-0.16948637695296534,227.7228714274745,85.54289292423293,0.386991545767348,0.9987476518472135,0.8524782987709799,0.8318538133366958,0.02062448543428408,false,0.7778860204578666
768,102.89453125,950.0,26,43.193661314527766,123,264,83,234,26.863520635844896,1.539789991299959,132.12489168102783,248.42708333333334,0.5528429751866751,0.7838541666666666,0.8486979166666669,0.8216495242497786,0.02704839241688839,false,0.8084210526315789
106,96.01886792452831,112.0,27,17.817736214753225,103,400,87,392,8.351863461532584,-1.3699947859187027,44.97056274847714,396.87735849056605,0.6586566558568326,0.05660377358490566,0.8544580096189418,0.8227116438992663,0.031746365719675484,false,0.9464285714285714
1810,110.2817679558011,2157.0,28,70.270962876164,132,68,90,1,36.3894830076789,0.2270136350041639,230.4802307403552,31.91325966850829,0.42817477558586814,1.0,0.8527353482829595,0.876918175881238,-0.0241828275982785,false,0.8391284191006027
619,108.31987075928917,692.0,29,38.22986477574664,123,327,92,295,22.05383871737896,0.7698914168138333,112.29036790187178,309.5201938610662,0.616901041669118,0.7479806138933764,0.8465710031993416,0.8301302646182606,0.016440738581081082,false,0.8945086705202312
416,124.17067307692308,437.0,30,30.055770695793854,135,309,114,277,18.572812710903143,0.16553251006015438,89.49747468305833,292.83653846153845,0.6526519385534596,1.0,0.8510840874811461,0.8398548369624095,0.011229250518736578,false,0.9519450800915332
132,124.85606060606061,134.0,31,18.16305550363293,129,278,121,261,9.425198172654216,0.02636100414107728,45.55634918610404,269.81060606060606,0.7992561173712635,1.0,0.8478015448603683,0.819336610724982,0.02846493413538631,false,0.9850746268656716
8395,204.5355568790947,15045.0,32,226.11687898980037,290,217,124,51,83.34847350446775,0.830155024586946,753.7544007200504,153.0309708159619,0.18568244367240028,1.0,0.852996064417429,0.8414534316858531,0.011542632731575964,false,0.557992688600864
4174,162.01557259223767,5435.0,33,109.73018044713461,200,400,124,282,57.44166397737866,-0.09989761096318325,360.97770542341357,343.8797316722568,0.4025330544712914,0.9619070436032583,0.8542593271136919,0.8219668657858342,0.03229246132785768,false,0.7679852805887765
205,153.98536585365855,213.0,34,19.767561076247006,163,273,147,256,13.969147026809845,0.7163848702184699,56.627416997969526,264.7560975609756,0.8033600308789386,0.6926829268292682,0.8404399808703971,0.8219966159052454,0.018443364965151643,false,0.9624413145539906
152,159.4078947368421,155.0,35,16.76631892379459,167,283,151,271,12.060154909834626,1.3428215504201417,49.21320343559642,277.05263157894734,0.7886606656556397,0.8355263157894737,0.8432404540763673,0.8211820929088482,0.022058361167519025,false,0.9806451612903225
155,188.47096774193548,157.0,36,17.447835404030776,195,264,182,249,11.412869087870407,0.638157573574836,48.04163056034262,256.2967741935484,0.8439293361536411,1.0,0.8476407337128398,0.8294806277409303,0.018160105971909424,false,0.9872611464968153
881,219.62429057888764,1035.0,38,42.59082956547643,244,118,198,81,30.877832049047075,1.1023412911569999,148.95331880577405,102.8433598183882,0.4989826029834012,1.0,0.8544657363512943,0.8729411764705884,-0.01847544011929414,false,0.851207729468599
131,207.45801526717557,138.0,39,21.967435979855466,211,249,204,229,7.876169905128618,-0.05004257739149477,49.55634918610404,238.63358778625954,0.6703205763439881,1.0,0.853944020356234,0.8270265682030388,0.026917452153195187,false,0.9492753623188406
271,222.7490774907749,285.0,41,23.36466127216236,231,227,214,206,15.666163197238063,0.3298675502925651,68.52691193458118,215.61254612546125,0.7251983913701144,1.0,0.8504305043050432,0.8344010377687971,0.01602946653624604,false,0.9508771929824561
3593,250.82298914556083,4934.0,42,113.92142341076418,286,400,223,290,50.132962537254556,0.26349606652905133,384.63455967290594,350.88950737545224,0.3051901232565367,1.0,0.8537559415639341,0.8344995832648916,0.019256358299042486,false,0.7282124037292258
465,239.2731182795699,492.0,43,32.25183052625452,254,140,225,120,19.018117066719604,-1.3963607982174888,92.42640687119285,130.07311827956988,0.6840229560969033,1.0,0.8532489985241416,0.8724808184143223,-0.019231819890180746,false,0.9451219512195121
202,258.94059405940595,221.0,44,20.317788971562106,265,142,252,123,13.446066536417836,-0.16256197554776392,58.66295090390226,132.93069306930693,0.7376212550708207,1.0,0.8504562220927974,0.8634570135746606,-0.013000791481863283,false,0.9140271493212669
3096,273.35691214470285,3669.0,45,115.3096754709655,296,332,252,217,37.30691540442654,0.1676030665523899,306.7939392393399,275.0,0.4133493551283395,1.0,0.8570945432436542,0.8503705332600332,0.006724009983620993,false,0.8438266557645135
110,269.90909090909093,111.0,46,15.082689787713914,275,14,265,1,9.54859200424116,0.40021383115011333,40.14213562373095,6.627272727272727,0.8578307329506025,1.0,0.8578609625668446,0.8833424958768558,-0.02548153331001113,false,0.990990990990991
546,284.3827838827839,594.0,47,31.474853901071633,299,33,268,4,24.249431119935597,-0.9970839178799874,105.74011537017762,20.111721611721613,0.6136531203513903,1.0,0.8534439416792361,0.84143720190779,0.012006739771446062,false,0.9191919191919192
1753,300.0559041642898,2112.0,48,59.26353334203842,322,400,279,340,43.392703050446265,0.07837956387192757,206.36753236814712,372.96120935539074,0.5172601695532093,1.0,0.865747234432849,0.8770518399140473,-0.011304605481198382,false,0.8300189393939394
951,291.1777076761304,977.0,49,55.69299921057047,302,79,280,28,22.606919031301018,-0.05892781907721635,134.5269119345812,53.05783385909569,0.6603467348992343,1.0,0.8490381641615636,0.8108749616489556,0.038163202512608074,false,0.9733879222108496
642,290.9190031152648,669.0,50,44.60480344486185,301,121,282,79,19.244160511115457,-0.12312422421522283,113.76955262170047,98.44080996884735,0.6232937778441201,1.0,0.8426974528129012,0.8248748871933713,0.017822565619529884,false,0.9596412556053812
484,297.00619834710744,503.0,51,25.754335157770686,310,257,285,232,25.00718823443571,-0.49392548303544814,90.18376618407358,245.63223140495867,0.7478224343033915,1.0,0.8548371414681578,0.8387747603300267,0.016062381138131077,false,0.9622266401590457
515,320.6485436893204,547.0,54,31.101989684825842,332,263,309,230,22.159060541991693,-0.11912996582540387,97.59797974644665,247.23106796116505,0.6794154790263202,1.0,0.8521073672187324,0.8366013071895426,0.01550606002918975,false,0.9414990859232175
136,317.33088235294116,140.0,55,17.026512342766527,324,157,311,141,10.722843155194075,-0.6347363366889374,48.87005768508881,149.22058823529412,0.7155880329305782,1.0,0.8335640138408301,0.8078340805144233,0.02572993332640683,false,0.9714285714285714
170,325.9235294117647,177.0,58,17.445027639517683,334,274,317,261,12.912390723095239,-1.4188623250247276,52.2842712474619,267.40588235294115,0.7814778396268385,1.0,0.862053056516724,0.8638630890952872,-0.0018100325785631588,false,0.96045197740113
108,326.3611111111111,108.0,59,15.084600559220126,331,322,322,308,9.134685560530452,-0.2976843451298368,38.97056274847714,314.9166666666667,0.8936351957684218,1.0,0.8652142338416846,0.8858028963219271,-0.020588662480242492,false,1.0
353,336.8753541076487,380.0,60,31.321481546169306,346,310,327,279,15.191865180264786,0.24356140411873875,82.66904755831214,294.58923512747873,0.6490807080375574,1.0,0.8608676331722493,0.8581172519385587,0.0027503812336906464,false,0.9289473684210526
455,351.2197802197802,532.0,61,36.3240222329495,365,339,338,308,18.010046675091647,0.4424776297101837,100.25483399593904,323.03516483516484,0.5688668365291164,1.0,0.8603835380305973,0.8715128327753865,-0.011129294744789187,false,0.8552631578947368
176,351.3011363636364,176.0,62,18.772183957124934,357,258,345,240,12.330639707475182,-0.2515603644568308,51.21320343559643,249.5340909090909,0.8432544610103635,1.0,0.851136363636363,0.8301460275554828,0.02099033608088019,false,1.0
102,353.1764705882353,105.0,63,12.235775035438053,358,268,347,257,11.325144438649613,1.1620783872430356,40.384776310850235,262.45098039215685,0.7859133615445494,1.0,0.8500961168781236,0.8364673738347799,0.013628743043343716,false,0.9714285714285714
445,368.3325842696629,453.0,64,31.277228323162586,377,217,359,184,18.439598723146734,-0.1294939706808721,87.01219330881976,200.80449438202248,0.738600577645385,1.0,0.8423176911213923,0.8077561753318011,0.03456151578959121,false,0.9823399558498896
518,378.7027027027027,612.0,65,39.07494757881026,394,351,363,318,20.316592275566638,-0.7722741881659767,120.71067811865474,333.34362934362935,0.4467332155943541,1.0,0.8647058823529414,0.8851161817039986,-0.020410299351057204,false,0.8464052287581699
155,376.4129032258065,160.0,66,20.227798376107977,383,110,370,93,10.034129174859725,-0.3545606473490539,50.62741699796952,101.18709677419355,0.7599237565789231,1.0,0.8309171410499683,0.7793307004780714,0.051586440571896874,false,0.96875
159,382.1194968553459,169.0,68,19.16243432872286,387,276,376,258,11.071320685784578,-0.2208451298494721,51.45584412271571,267.7672955974843,0.7546360950419135,1.0,0.8505364409914906,0.8305565897244978,0.019979851266992865,false,0.9408284023668639
158,386.54430379746833,163.0,69,15.692569516189426,394,318,380,306,13.224763119242565,-1.2440530159213115,48.384776310850235,311.8164556962025,0.8481047113656218,1.0,0.8612310747083641,0.8412715389185981,0.01995953578976606,false,0.9693251533742331
326,9.346625766871165,349.0,1,24.246562595063995,19,76,1,53,17.90786569820406,0.5309209053040435,79.31980515339464,64.20245398773007,0.651124724496452,1.0,0.7212678936605318,0.4044616649054831,0.3168062287550487,false,0.9340974212034384
373,10.772117962466488,407.0,2,25.56332577511895,26,140,1,118,20.69165579663474,-1.5408583015507031,83.39087296526012,128.0214477211796,0.6740337693685617,1.0,0.6558481837775323,0.4705175763999293,0.18533060737760298,false,0.9164619164619164
513,8.6588693957115,539.0,3,36.52916237148381,19,187,1,149,18.91456459214632,0.14664897534764218,105.84062043356596,168.69395711500974,0.5754697176362289,1.0,0.7279058211978752,0.5630556714411533,0.16485014975672185,false,0.9517625231910947
159,9.69182389937107,202.0,4,26.219072884087684,21,233,1,217,10.2162582880225,-0.9618998972626105,69.698484809835,223.78616352201257,0.411301519902127,1.0,0.7733382661240598,0.5056237111600433,0.2677145549640164,false,0.7871287128712872
121,10.396694214876034,121.0,7,13.2823843503402,16,154,4,141,11.88442795841128,0.18323901951471586,40.62741699796952,147.17355371900825,0.9212061123408366,1.0,0.7706368497812348,0.5304347826086956,0.24020206717253922,false,1.0
168,25.910714285714285,169.0,10,18.378601387233026,34,75,19,59,11.83499670906663,-0.6443176180156148,51.112698372208094,66.33928571428571,0.8080933401270554,1.0,0.7268207282913166,0.23204746465515333,0.49477326363616325,false,0.9940828402366864
288,28.78472222222222,338.0,11,21.520774386148705,40,151,20,128,20.520779999692856,1.2147731627398102,85.94722215136416,140.27777777777777,0.48993522191203254,1.0,0.7860294117647058,0.5179520697167755,0.2680773420479302,false,0.8520710059171598
429,55.1981351981352,475.0,14,42.186523974876266,72,400,33,379,14.310465857538576,-1.1390553361930364,105.87615433949867,391.85547785547783,0.48091778644688776,1.0,0.7681429681429681,0.6062367848613458,0.16190618328162232,false,0.9031578947368422
140,41.614285714285714,146.0,15,15.90902941318746,49,137,34,126,11.404829243312314,-1.4164888507821436,44.62741699796952,131.34285714285716,0.8833532228173054,1.0,0.7650420168067227,0.4715042221268069,0.29353779467991575,false,0.958904109589041
138,49.56521739130435,147.0,16,18.53358657859084,57,128,43,113,10.015969902907274,0.6933201504724208,50.698484809834994,121.28260869565217,0.674681792784266,0.8840579710144928,0.7121341290139245,0.35102015192416336,0.3611139770897611,false,0.9387755102040817
187,92.06417112299465,190.0,22,19.06152973105511,102,372,83,358,12.820519141876751,-1.3482088646300698,54.526911934581186,365.05882352941177,0.7903685765808663,1.0,0.8648841354723706,0.5745383590329335,0.29034577643943715,false,0.9842105263157894
174,97.29310344827586,187.0,24,17.538170738507144,105,172,90,156,13.616914558741636,-0.5037796868208245,58.52691193458118,163.85632183908046,0.6383338753868976,0.8735632183908046,0.6242731575388776,0.3790985555691438,0.24517460196973379,false,0.93048128342246
1130,114.87079646017699,1246.0,26,48.57787991093004,136,364,92,321,31.778579424831875,-0.9153342664159577,161.36753236814712,342.6309734513274,0.5453257330850434,1.0,0.8332569842096134,0.5320798561639188,0.3011771280456945,false,0.9069020866773676
148,138.64864864864865,170.0,35,22.7975699342993,143,164,133,143,9.229432236478706,0.07369806953523748,57.698484809834994,153.3108108108108,0.5586538066392381,1.0,0.7525172231054583,0.4445236287166305,0.30799359438882784,false,0.8705882352941177
155,137.48387096774192,169.0,36,23.332782782144577,142,187,133,165,8.800537952011545,0.13204456033147668,56.284271247461895,175.76774193548388,0.6148475792758662,1.0,0.7620999367488932,0.4317072210410267,0.3303927157078665,false,0.9171597633136095
178,168.95505617977528,182.0,43,17.049165004746474,176,183,161,167,13.746946634107111,-0.5659050319174026,52.87005768508881,174.4943820224719,0.8002216514472342,1.0,0.7838951310861423,0.5070967359753568,0.2767983951107855,false,0.978021978021978
170,170.21764705882353,175.0,45,20.319988199414485,176,167,164,147,10.960789662496177,-0.24049656194858904,54.04163056034261,157.25882352941176,0.7314790580730197,1.0,0.8161476355247982,0.4576209739814754,0.3585266615433228,false,0.9714285714285714
185,175.8864864864865,189.0,48,19.699698847331522,183,209,169,191,12.426031067303215,0.3008753608882875,57.45584412271571,200.65405405405406,0.7042278131531187,1.0,0.8039215686274509,0.527613683771381,0.27630788485606994,false,0.9788359788359788
586,183.43003412969284,703.0,49,39.60479940483852,198,105,173,65,21.192722733358952,0.0389572358434312,126.88225099390856,85.17235494880546,0.45741007948353823,1.0,0.7154386669343508,0.47877483587670117,0.2366638310576496,false,0.833570412517781
132,180.37878787878788,132.0,51,13.218466597569718,187,232,174,218,12.935431986616269,0.10142254859204887,43.04163056034262,225.1969696969697,0.8953778865134095,1.0,0.7830065359477124,0.5073606004901959,0.2756459354575165,false,1.0
481,199.7941787941788,649.0,54,39.26842781321284,210,300,183,263,21.561184313377893,-0.36115208815840144,131.53910524340094,284.4261954261954,0.34933747242384844,1.0,0.8030736618971914,0.5969516065393786,0.2061220553578128,false,0.7411402157164869
203,195.41379310344828,210.0,56,19.230800010656,204,75,188,57,13.92380058117402,0.7321235763418297,56.526911934581186,66.76354679802955,0.7983537705014345,0.9901477832512315,0.6953733217424902,0.44515038048073435,0.25022294126175587,false,0.9666666666666667
327,213.8165137614679,363.0,59,23.111907670779363,224,66,201,43,20.028501380956104,0.5736435053077774,83.84062043356593,53.703363914373085,0.5845863220761023,0.021406727828746176,0.5963182826647477,0.31412379739050217,0.28219448527424557,false,0.9008264462809917
2528,271.6293512658228,2883.0,66,92.67603533656073,295,292,249,203,36.71848687397583,-0.2682623960828094,294.7645019878171,248.59889240506328,0.3656255794666494,1.0,0.8356167783569126,0.5625785404964564,0.2730382378604562,false,0.8768643773846687
157,276.0828025477707,163.0,68,21.26747020946005,282,306,271,287,9.685263545263602,-0.2909445182288398,52.62741699796952,296.6687898089172,0.7123368418315115,1.0,0.8087423504433621,0.5183428902776882,0.29039946016567386,false,0.9631901840490797
186,309.26881720430106,187.0,71,16.604101207425778,317,233,300,218,14.672482394458784,1.4270670859470034,52.526911934581186,225.7688172043011,0.8471475703665821,0.9139784946236559,0.7763230023192071,0.39383529411764673,0.3824877082015604,false,0.9946524064171123
163,337.4539877300613,172.0,74,19.41856120025931,344,284,329,266,11.241895116782931,-0.6683987181821127,52.698484809834994,274.7730061349693,0.7375665481798999,1.0,0.817947792613978,0.6417489993413389,0.1761987932726391,false,0.9476744186046512
306,339.02941176470586,341.0,75,31.538106000341415,348,341,329,311,13.4231504607597,-0.5234938040480266,86.08326112068522,326.4575163398693,0.5189121842293625,1.0,0.7935537613738307,0.6585118588920287,0.13504190248180203,false,0.8973607038123167
353,344.79603399433427,391.0,78,28.042883448876896,353,306,335,281,17.351582972144286,0.08804721109211482,90.49747468305833,292.92917847025495,0.5416411462448043,1.0,0.7968227517635952,0.7167468245159702,0.08007592724762502,false,0.9028132992327366
1565,367.5188498402556,1771.0,81,66.35238549266822,385,263,348,201,31.616696757228443,-0.12468294954705883,203.92388155425118,231.64281150159744,0.4729203777567061,1.0,0.8089080999812064,0.6950549503752118,0.11385314960599457,false,0.883681535855449
398,367.83417085427135,418.0,83,24.145662842568036,379,349,355,324,21.81330159952402,-0.5890550775395633,83.80508652763321,337.70100502512565,0.7121183525595634,1.0,0.8594147206621342,0.6058322117541498,0.2535825089079844,false,0.9521531100478469
240,362.5625,243.0,84,22.611498264519394,369,154,356,132,13.572148016772882,-0.24902694791281435,60.2842712474619,143.39166666666668,0.8298757520103456,1.0,0.8170588235294117,0.45172253847775684,0.3653362850516549,false,0.9876543209876543
140,365.2857142857143,142.0,85,14.637381340251213,371,326,358,314,12.334129112728364,-0.9612768348120129,44.384776310850235,319.92857142857144,0.8930377730576403,1.0,0.8761624649859943,0.6588975212726602,0.21726494371333405,false,0.9859154929577465
170,367.54117647058825,174.0,87,16.44559692352252,374,314,360,299,13.67686106825092,0.1459258206150477,52.04163056034262,306.28823529411767,0.7887820059035471,1.0,0.8393310265282584,0.5410055304172952,0.29832549611096326,false,0.9770114942528736
177,367.638418079096,190.0,88,23.11022247464836,373,298,362,277,10.464602282691203,0.1218816382219353,57.45584412271571,288.0282485875706,0.6737747185302813,1.0,0.8228425833610279,0.6503651222771201,0.17247746108390782,false,0.9315789473684211
251,376.2749003984064,269.0,90,23.28548962132596,385,367,367,346,14.816332990641182,-0.5791206587830731,69.94112549695427,357.3585657370518,0.6447900870735728,1.0,0.868807124443403,0.6368725592426752,0.23193456520072786,false,0.9330855018587361
2188,387.35603290676414,2376.0,91,95.01512812206342,400,216,371,124,31.236543074570243,0.05062542941270217,252.4386001800126,167.64945155393053,0.43146508265803524,1.0,0.7912804244183966,0.6559611822871229,0.13531924213127378,false,0.9208754208754208
112,390.0,114.0,93,14.684823049236492,396,392,385,378,10.023892507015647,-0.4689284787684799,41.21320343559642,384.7857142857143,0.8286194840097674,1.0,0.8524159663865546,0.5241689696012634,0.32824699678529123,false,0.9824561403508771
139,395.62589928057554,140.0,95,17.79975964418614,400,238,391,221,10.096587736017645,-0.17553389343721937,46.384776310850235,229.05755395683454,0.8118461418977975,1.0,0.7711665961348568,0.6713560948855066,0.0998105012493502,false,0.9928571428571429
123,14.926829268292684,136.0,2,18.851801117207945,24,272,6,262,9.1593171094364,-1.463982123709602,48.8700576850888,266.8617886178862,0.6471862356651554,0.5203252032520326,0.768627450980392,0.8084177260647849,-0.03979027508439292,false,0.9044117647058824
144,28.333333333333332,147.0,3,15.409034893457592,36,260,21,246,12.303984417297317,-1.213078101521317,46.2842712474619,252.89583333333334,0.8447058384148394,0.2222222222222222,0.7793028322440085,0.721922275924398,0.05738055631961059,false,0.9795918367346939
2026,73.58489634748273,2693.0,4,79.73655502547155,117,275,31,225,42.19384248939263,-1.5395566490421857,271.14927829866735,247.40078973346496,0.34628397916376497,0.0,0.7498616030815091,0.741009816941385,0.008851786140124052,false,0.7523208317861121
4067,150.12785837226457,5628.0,8,95.77505449163009,189,333,98,241,69.47027905148882,-0.7687622271026042,444.5523445727472,292.0459798377182,0.2586057793458771,0.2247356774034915,0.7485799138932681,0.7903959771493558,-0.041816063256087777,false,0.722636815920398
1486,135.23553162853298,1831.0,11,55.72992222427277,163,227,108,183,38.56587005902666,-1.3857291392561757,248.52186130069785,205.69448183041723,0.30234269382872714,0.6850605652759085,0.7678938062438977,0.7118924122755315,0.05600139396836623,false,0.8115783724740578
127,122.7244094488189,128.0,13,14.974541713223495,129,235,116,223,11.024305512065268,0.8805137917847081,42.384776310850235,228.92125984251967,0.8883698157066459,0.5511811023622047,0.7987339817816891,0.804723057106054,-0.005989075324364879,false,0.9921875
367,130.17983651226157,383.0,15,22.85526952350399,143,276,119,252,21.386925567909042,1.1749176644425263,82.08326112068524,263.724795640327,0.684489394443327,1.0,0.7517657744296626,0.7959676525977627,-0.04420187816810006,false,0.95822454308094
108,133.86111111111111,112.0,16,12.834140064025778,139,252,128,240,11.10627393396431,-0.6723355300395565,39.79898987322333,246.7962962962963,0.8568198524102392,1.0,0.7392883079157587,0.752611143467288,-0.013322835551529244,false,0.9642857142857143
809,166.672435105068,916.0,17,38.99170846902921,186,95,148,61,28.695947290799207,-0.9328791636719173,140.12489168102783,78.03955500618046,0.5177591777093902,0.0,0.7565476623282197,0.7969853069701921,-0.040437644641972414,false,0.8831877729257642
121,170.88429752066116,141.0,20,19.694612850045786,176,199,164,182,9.067594037992615,0.4798266349173665,52.8700576850888,190.61157024793388,0.5439708978939066,0.4462809917355372,0.7230270620644951,0.660949239508888,0.06207782255560712,false,0.8581560283687943
131,170.18320610687022,134.0,21,15.980491455870828,176,218,165,202,10.701545816036617,-0.11785925452477622,46.62741699796952,210.15267175572518,0.7571787974698627,0.8473282442748091,0.713156713066906,0.690707984825632,0.022448728241273974,false,0.9776119402985075
374,181.1818181818182,384.0,24,23.69702431237826,193,106,169,86,20.326471482407328,1.4031515463235984,75.84062043356595,96.1524064171123,0.8171047061042865,0.0,0.7414386075285728,0.771929395458808,-0.030490787930235186,false,0.9739583333333334
142,175.6056338028169,148.0,25,15.069299440404976,183,250,169,237,12.681897219782414,-0.9347986421616155,48.04163056034261,243.96478873239437,0.7731481660246264,0.1056338028169014,0.712372272852803,0.725559359546288,-0.013187086693485006,false,0.9594594594594594
13018,235.69465355661393,16050.0,30,229.187432326274,289,245,185,25,77.74207266842404,-0.21335812128512754,811.7787873376899,130.07796896604702,0.24824398493578695,0.11583960669841757,0.7216240559828173,0.7123133741082772,0.009310681874540094,false,0.8110903426791277
111,199.66666666666666,124.0,35,17.238040907862118,207,21,193,8,9.469724933832804,1.0352663401266304,51.941125496954285,14.585585585585585,0.517023318469494,0.0,0.73721957251369,0.6884917822550709,0.048727790258619064,false,0.8951612903225806
226,219.3230088495575,234.0,39,21.46927138500307,227,258,210,239,14.009556054587527,-0.545733070733186,61.94112549695428,248.77433628318585,0.7402188124140175,0.4336283185840708,0.7332292208918965,0.7527598622011555,-0.019530641309259078,false,0.9658119658119658
730,257.5054794520548,772.0,47,35.70078356328791,273,32,241,1,28.163547800424766,0.432086890990963,121.2193000900063,14.193150684931506,0.6242940272115757,0.0,0.7335697018533444,0.6897565330860892,0.04381316876725516,false,0.9455958549222798
565,256.4867256637168,692.0,49,39.996554508944605,270,274,246,234,21.48846366116984,-0.29215530083051555,134.95331880577402,253.74690265486726,0.3898442861309466,0.03008849557522124,0.7080201284053446,0.7149480172034274,-0.006927888798082815,false,0.8164739884393064
147,260.13605442176873,150.0,51,17.83181305539328,268,326,251,315,10.650023046559383,1.4169988510947058,49.45584412271572,320.9251700680272,0.7552521338630689,0.0,0.7423235961051088,0.7682339825562331,-0.025910386451124312,false,0.98
618,269.9611650485437,685.0,53,41.11648977094041,281,223,256,182,21.01578290720787,-0.28525232529939354,123.05382386916239,203.92233009708738,0.5128709629043234,0.02750809061488673,0.7219747445903929,0.7862713267125035,-0.06429658212211065,false,0.9021897810218978
185,270.1945945945946,205.0,57,24.747855522076225,279,308,261,289,10.404642050729226,0.7847760113867198,68.18376618407356,297.5027027027027,0.5000571255432631,0.24324324324324326,0.7363645998940115,0.748159465806525,-0.011794865912513552,false,0.9024390243902439
114,271.36842105263156,119.0,59,14.947399739146492,278,277,266,263,10.3589168618753,-0.5950494854840755,44.62741699796952,269.4298245614035,0.7193019100083773,0.2631578947368421,0.7230478156174751,0.7051555449063536,0.01789227071112154,false,0.957983193277311
104,276.6057692307692,108.0,61,13.937591185445427,283,258,270,247,9.759052929335482,1.1286565761034206,40.04163056034261,252.82692307692307,0.815116519135704,0.0,0.722285067873303,0.7503976415741125,-0.02811257370080944,false,0.9629629629629629
147,277.82312925170066,151.0,62,16.77065028167324,285,169,271,155,11.65540789284138,0.7983744560569325,48.04163056034262,162.48979591836735,0.8003716929973242,0.2857142857142857,0.7557422969187676,0.8146351874082964,-0.05889289048952884,false,0.9735099337748344
118,276.53389830508473,120.0,64,17.117119780471135,281,132,272,116,8.959317167757357,-0.13248881066010945,44.62741699796952,124.48305084745763,0.7445405735174432,1.0,0.7573944832170156,0.8153946388682061,-0.05800015565119043,false,0.9833333333333333
267,283.91011235955057,274.0,66,22.389901365964192,292,345,275,325,15.410482983656165,-0.4643089518684455,65.11269837220809,334.1760299625468,0.7913885058315886,0.0,0.7429536608650951,0.8042628028453686,-0.061309141980273485,false,0.9744525547445255
262,288.28625954198475,284.0,69,24.642447906212595,299,37,279,16,14.412421260503606,0.6839723422112935,71.84062043356595,26.30534351145038,0.637927033436445,0.6755725190839694,0.7643316868732227,0.7539618049421971,0.010369881931025615,false,0.9225352112676056
756,296.85714285714283,857.0,71,39.60874952903015,314,335,279,298,26.53497949140893,0.6698812996873867,134.36753236814712,316.48015873015873,0.5261904679722331,0.0,0.7238665836705056,0.7410168870750438,-0.01715030340453816,false,0.882147024504084
112,293.35714285714283,137.0,74,21.404452279536663,298,93,289,74,8.17989285399471,0.1071788261290681,53.941125496954285,83.14285714285714,0.48371313311173514,0.8571428571428571,0.7764005602240894,0.8131539819719359,-0.03675342174784646,false,0.8175182481751825
5709,58.01226134174111,7211.0,2,166.95886827667476,118,334,1,212,50.79769595423663,0.736217840551152,436.1736649163069,272.0821509896654,0.3770952189712772,1.0,0.9594125546522687,0.8969474664976395,0.062465088154629256,false,0.7917071141311884
5402,165.62587930396148,6595.0,9,144.8529583901066,215,309,117,185,55.806040586709955,0.6541588798632241,518.8132752230961,246.67697149204,0.2521983748014539,1.0,0.9492947419619456,0.9082475368094758,0.041047205152469846,false,0.8191053828658075
1039,159.05967276227142,1072.0,12,62.33196053663133,182,388,140,335,21.523709054505748,0.6069027018378155,153.40916292848974,362.4340712223292,0.5547825738913917,1.0,0.9500839796938986,0.9042427315753888,0.04584124811850976,false,0.9692164179104478
206,183.52912621359224,207.0,13,19.588232567970653,193,398,173,382,13.910838867962688,1.0108481594829248,56.01219330881976,390.42233009708735,0.8251101440465696,1.0,0.9567294879116692,0.8967782983399849,0.05995118957168433,false,0.9951690821256038
574,205.06271777003485,623.0,14,36.67047525851315,221,178,189,145,21.583766203831694,0.7545632803795232,106.88225099390857,159.64808362369337,0.6314087166141896,1.0,0.9426180228188834,0.8986159169550169,0.04400210586386655,false,0.9213483146067416
220,204.4090909090909,236.0,15,28.352970529959407,216,400,190,389,10.614272520315156,-1.4318485014915778,67.62741699796952,395.84090909090907,0.6044869712389723,1.0,0.9448663101604279,0.9162152744781271,0.028651035682300763,false,0.9322033898305084
1990,236.21356783919597,2361.0,16,91.81608265937237,271,378,203,304,29.788251719716868,0.6822183044799304,252.49242404917496,338.16934673366836,0.392252966620533,1.0,0.9506729727066698,0.9120566509152134,0.038616321791456465,false,0.84286319356205
7152,311.99930089485457,10926.0,18,263.2959302315974,392,359,213,171,47.31269681906266,0.8204206857090324,677.3645737753169,263.6226230425056,0.19588104455988048,1.0,0.9540065578804223,0.9067688020917642,0.047237755788658076,false,0.6545853926414058
605,246.46115702479338,715.0,20,44.27597299131495,261,287,229,247,21.562727031293647,0.5947819961381,123.05382386916237,265.24793388429754,0.5020824151409641,1.0,0.9401134338032735,0.9249971221365251,0.015116311666748428,false,0.8461538461538461
587,280.5672913117547,615.0,22,42.78270307144639,299,399,260,369,18.043900144290824,0.9942186852935974,110.05382386916236,384.0579216354344,0.6090286054176232,1.0,0.9480575876006277,0.9008926893441083,0.04716489825651948,false,0.9544715447154472
399,282.83458646616543,417.0,23,39.09756925007923,298,165,267,138,13.379520300149512,0.8853332618810784,94.39696961966997,152.15037593984962,0.5626867058646718,1.0,0.9157403312202079,0.8760067731723475,0.039733558047860384,false,0.9568345323741008
134,301.7238805970149,137.0,25,18.83463144639774,310,175,293,163,9.289592753666762,1.1046273341108641,46.87005768508881,168.91044776119404,0.7665203448890942,1.0,0.9203102136376939,0.8895369211514397,0.030773292486254267,false,0.9781021897810219
224,321.79464285714283,249.0,26,25.427242537027848,331,183,312,163,12.081514392839429,0.8459040825056993,67.94112549695427,172.70535714285714,0.6098070041884377,1.0,0.9198004201680673,0.8966131907308378,0.023187229437229506,false,0.8995983935742972
195,367.5076923076923,198.0,29,26.81291559280079,379,400,357,382,9.538618513517086,0.8389825606812028,63.390872965260115,392.26666666666665,0.6098050411630207,1.0,0.9492609351432881,0.9036304033555265,0.04563053178776166,false,0.9848484848484849
656,375.1890243902439,762.0,30,43.308351303553685,391,229,360,190,21.47029830143566,0.7139578076735269,137.12489168102783,209.77743902439025,0.438410662863315,1.0,0.9296628407460542,0.9027658745617448,0.026896966184309368,false,0.8608923884514436
471,392.1613588110403,489.0,31,36.4281149692938,400,386,379,351,18.011345873441822,0.35124645390672715,93.84062043356596,367.26539278131634,0.6721234225039736,1.0,0.9443736730360934,0.9027074174865679,0.04166625554952552,false,0.9631901840490797
186,393.7096774193548,195.0,32,17.50489489201149,400,238,383,222,14.963746939102757,-1.45044615701686,56.248737341529164,230.79032258064515,0.7387495891092529,1.0,0.9317098882563779,0.8852399855647783,0.04646990269159956,false,0.9538461538461539
135,396.22222222222223,135.0,33,18.042185333608003,400,350,392,333,9.784862106328653,0.1432219315245181,45.31370849898476,341.1703703703704,0.8261985328880995,1.0,0.9383006535947712,0.911531279178338,0.026769374416433234,false,1.0
140,6.621428571428571,144.0,2,14.54398031344727,14,217,1,205,12.65004573312767,1.1846314289037183,44.97056274847714,211.72142857142856,0.8699238850939299,0.6,0.8407002801120447,0.783603229527105,0.057097050584939635,false,0.9722222222222222
151,12.331125827814569,153.0,4,17.38702857030091,18,56,6,40,11.133933317819173,0.3985808359759445,46.87005768508881,48.09933774834437,0.8637654632705464,0.0,0.795325282430853,0.45625362051714147,0.3390716619137115,true,0.9869281045751634
133,21.548872180451127,133.0,6,15.560255991475081,29,400,14,389,11.662406984089207,1.526839342487789,44.97056274847714,395.812030075188,0.8264276908392334,1.0,0.8472062509214211,0.8190852990942572,0.028120951827163898,false,1.0
376,51.03989361702128,393.0,9,27.182054039381022,62,257,41,232,18.071769644210725,0.6847377978109273,79.01219330881976,243.90691489361703,0.7568494048560183,1.0,0.8414789319983312,0.7523468000175462,0.08913213198078507,true,0.9567430025445293
306,76.73202614379085,351.0,11,25.409693032001925,88,400,67,379,17.693906140038685,-0.6403339793503829,81.69848480983501,389.2516339869281,0.576107177868193,1.0,0.8653082147891837,0.8450121521115439,0.020296062677639837,false,0.8717948717948718
388,88.17525773195877,421.0,12,23.42769878341624,99,339,77,318,22.19215502554705,-0.09047267402602698,80.76955262170047,328.14690721649487,0.7473881967629539,1.0,0.8680412371134022,0.8025790776993883,0.0654621594140139,false,0.9216152019002375
131,102.66412213740458,137.0,16,15.723104125949046,110,319,97,303,11.07775930168417,-0.4495293964902691,46.62741699796952,311.1832061068702,0.7571787974698627,1.0,0.8710073342314023,0.8459502528926767,0.02505708133872564,false,0.9562043795620438
5385,145.49415041782729,6774.0,17,105.97154182971944,189,400,102,304,76.77097119499034,0.25414001340023684,503.7239174480011,354.2792943361188,0.26669226956434994,1.0,0.883271979172356,0.8636407405208973,0.01963123865145866,false,0.7949512843224092
15756,183.41780908860116,26604.0,19,232.35050358957008,274,304,103,55,147.164687416112,-0.1258663403290352,1275.916918348064,180.42878903274942,0.12162169281689328,1.0,0.8898817257291335,0.8399733156065987,0.049908410122534774,false,0.5922417681551646
177,111.01129943502825,198.0,20,20.598129298977565,120,307,103,290,11.64334280465656,-0.9130534327732571,55.698484809835,298.0960451977401,0.7169623801339673,1.0,0.8858757062146894,0.8340954986645822,0.05178020755010715,false,0.8939393939393939
175,123.0,180.0,23,18.030749908906333,132,31,114,18,12.835198120157663,-1.3249809678483118,51.698484809834994,23.65142857142857,0.8227962107126652,1.0,0.8431820728291314,0.7024386711848702,0.14074340164426113,false,0.9722222222222222
265,128.7433962264151,274.0,24,22.71176018954883,138,181,121,159,15.7750798357297,0.39632470792564795,66.52691193458118,170.77358490566039,0.7524211739071707,1.0,0.866962634110248,0.8107810922835726,0.05618154182667534,false,0.9671532846715328
100,127.36,100.0,25,11.958574496022646,133,133,123,121,10.859341417557362,-0.006634379363092902,36.970562748477136,126.89,0.9193856936786339,1.0,0.8489411764705882,0.7990817263544537,0.04985945011613446,false,1.0
156,135.27564102564102,159.0,27,18.657638540686435,142,104,127,89,11.089722221216254,-0.7363836007285672,49.45584412271571,96.67948717948718,0.8014920604261141,1.0,0.8764957264957266,0.8286497767423802,0.04784594975334644,false,0.9811320754716981
175,142.81714285714287,182.0,28,17.6548783906938,150,131,135,117,12.836047282015585,0.8808804840551991,50.8700576850888,123.56,0.8498131606016667,1.0,0.8637535014005601,0.8383838383838387,0.02536966301672139,false,0.9615384615384616
123,155.82926829268294,126.0,29,15.190216965629096,162,297,150,284,10.58637057930161,0.7235533818759752,43.21320343559643,290.9837398373984,0.8277173356624736,1.0,0.8810776343057549,0.859248759744862,0.021828874560892886,false,0.9761904761904762
297,161.6195286195286,324.0,30,28.903547738005965,169,31,153,2,14.100016336828878,0.15882444625987718,79.84062043356595,16.72053872053872,0.5854886858179312,1.0,0.8605136330626528,0.8010795559099554,0.05943407715269744,false,0.9166666666666666
1137,195.39401934916447,1251.0,31,45.220355127295925,218,370,173,330,33.592335891605345,1.1558355528599515,151.19595949289334,351.0985048372911,0.6250143058199877,1.0,0.8845879248797146,0.870853266850841,0.013734658028873636,false,0.9088729016786571
258,186.01937984496124,263.0,32,20.584438675961696,196,18,177,1,16.476321019307477,-1.0369987753607006,64.04163056034261,8.271317829457365,0.790505340186287,1.0,0.8758777929776564,0.8313474107591751,0.04453038221848138,false,0.9809885931558935
2515,214.3872763419483,2870.0,33,73.61936432992294,251,296,177,239,45.756864559772424,-1.1343091768536424,264.5929291125633,266.455268389662,0.45143100651905865,1.0,0.8899949323665847,0.8669643817037573,0.02303055066282733,false,0.8763066202090593
6500,221.71738461538462,7890.0,34,157.0872080153985,262,144,179,1,58.60812129729071,0.2736049593673553,486.1025971044413,69.87046153846154,0.34567449566478053,1.0,0.8663197586726998,0.8083283850824604,0.057991373590239426,false,0.8238276299112801
154,205.2987012987013,155.0,35,17.640760154137563,210,164,199,148,11.439136445163912,-0.23586831985424808,47.55634918610404,156.48701298701297,0.8556843132312257,1.0,0.8715304303539598,0.8569393382352941,0.014591092118665716,false,0.9935483870967742
611,223.20458265139115,699.0,36,39.08613677443242,240,341,205,310,22.290714830484607,-1.11566603505704,116.22539674441619,326.63829787234044,0.5683933648667067,1.0,0.887911171015051,0.8733916486103311,0.014519522404719876,false,0.8741058655221745
374,230.1711229946524,424.0,37,31.928348935867533,239,378,220,347,16.65753057890079,0.24014806506544772,89.25483399593904,362.9438502673797,0.5899537595244148,1.0,0.8792911817133272,0.8690259329538268,0.010265248759500412,false,0.8820754716981132
184,238.20652173913044,242.0,38,24.137569168627106,248,312,227,293,13.870303387684611,0.9477509111232709,76.42640687119285,302.32608695652175,0.3958592549571635,1.0,0.8851875532821825,0.8772683583237215,0.00791919495846094,false,0.7603305785123967
227,244.68281938325993,250.0,39,31.270795509575883,256,348,232,327,9.698167013730945,-0.8912389139909221,75.25483399593904,337.51982378854626,0.5036941617742504,1.0,0.8816964671331089,0.871452762923351,0.010243704209757842,false,0.908
136,240.35294117647058,140.0,40,15.852076841522905,246,389,234,374,11.080340407563185,-0.5510698041775797,44.62741699796952,381.2352941176471,0.8581145593082397,1.0,0.8819204152249134,0.8721252603605548,0.009795154864358557,false,0.9714285714285714
269,264.70631970260223,299.0,46,28.456740435928875,271,397,258,371,13.316380397469066,0.14777134398029848,78.76955262170047,384.63940520446096,0.544810396203495,1.0,0.8819010131933815,0.8706931836070739,0.011207829586307616,false,0.8996655518394648
163,269.4846625766871,172.0,47,16.63459551639581,277,125,262,112,12.729980300081811,1.1600067054997805,49.62741699796952,118.25766871165644,0.8316759157667489,1.0,0.8523036208348369,0.8225536660161701,0.029749954818666824,false,0.9476744186046512
152,281.23026315789474,154.0,51,17.85150245592283,289,118,273,106,11.033242829005392,1.2253874562434246,47.21320343559643,111.76973684210526,0.856892841972307,1.0,0.8494066047471619,0.7722452361226181,0.07716136862454381,false,0.987012987012987
266,305.0601503759398,271.0,54,25.57857358363233,317,221,293,205,13.446102961523298,-1.2526723962663349,66.52691193458118,213.28195488721803,0.755260499091726,1.0,0.8508624502432552,0.8338187392220737,0.017043711021181518,false,0.981549815498155
394,304.71319796954316,426.0,55,29.94535972637772,318,276,293,252,18.19924893814268,-0.7464102045126854,92.66904755831214,264.3477157360406,0.5765496157276404,1.0,0.8736339205733056,0.8490635528491012,0.0245703677242044,false,0.9248826291079812
3739,362.35303557100826,4963.0,59,106.56115734926118,400,400,317,320,60.49391072851198,-1.1093346939873145,363.56349186104046,365.8804493179995,0.35547150853015913,1.0,0.8937757290666997,0.8636813629561416,0.030094366110558046,false,0.7533749748136208
156,327.40384615384613,176.0,60,18.86146278132593,338,207,319,194,12.380951368590047,-1.4959043354587949,57.94112549695428,199.14743589743588,0.5839297581570345,1.0,0.8544494720965307,0.8400825228411437,0.014366949255386952,false,0.8863636363636364
106,340.4339622641509,107.0,61,14.656370165789426,345,338,336,325,9.42658193009663,-0.04004392320021895,38.97056274847714,331.66037735849056,0.8770863958467844,1.0,0.8829078801331856,0.8455387205387206,0.03736915959446496,false,0.9906542056074766
306,372.4934640522876,308.0,64,25.361435821463985,385,218,360,202,15.574441202354317,-1.2998774363357861,67.94112549695429,210.37581699346404,0.833039925364562,1.0,0.8674612328591568,0.8244151870193662,0.04304604583979055,true,0.9935064935064936
279,385.7956989247312,282.0,67,30.61628638194586,400,400,371,389,12.200351678426243,1.559329898431147,73.21320343559641,395.5376344086022,0.6540865935702193,1.0,0.9012017710309933,0.8849033319621558,0.016298439068837545,false,0.9893617021276596
184,385.08152173913044,193.0,69,17.513819236939472,393,265,377,248,14.648660125973343,-0.5094656796672963,56.52691193458119,257.8804347826087,0.7236310038042557,1.0,0.88307757885763,0.8609483065953657,0.022129272262264355,false,0.9533678756476683
543,391.4106813996317,550.0,70,33.31151289127676,400,189,379,158,21.672769242804797,0.017527373171485675,93.698484809835,173.79558011049724,0.7772210557682123,1.0,0.8874661466796666,0.84988446557074,0.03758168110892657,false,0.9872727272727273
672,392.5833333333333,732.0,71,46.774909870114186,400,254,380,208,19.882351083072134,-0.02737396745882486,125.08326112068524,231.20386904761904,0.5397352045874912,1.0,0.8903011204481791,0.8536076499565346,0.03669347049164451,false,0.9180327868852459
233,393.84120171673817,243.0,72,20.354676339843635,400,208,385,188,15.596796671873228,0.2833149219211597,62.42031021678298,197.42060085836908,0.7514739662392357,1.0,0.8815114028443997,0.8472875816993463,0.0342238211450534,false,0.9588477366255144
119,392.88235294117646,129.0,73,18.329524174978665,399,277,386,261,8.913982959874726,-0.5128934930436834,47.698484809834994,269.2352941176471,0.6572758242931915,1.0,0.8809688581314878,0.8642756680731366,0.016693190058351237,false,0.9224806201550387
106,396.6981132075472,106.0,75,15.651390843996465,400,314,393,300,8.791448778559518,-0.04548064327288143,39.071067811865476,306.7358490566038,0.8725798261701345,1.0,0.9015168331483537,0.8675118323191345,0.0340050008292192,false,1.0
311,21.90032154340836,327.0,8,28.247055796163565,33,269,10,245,14.540964196377189,-0.7364067306375431,78.66904755831213,257.8617363344051,0.6314841706389623,0.0,0.7076350797553747,0.6627953745600808,0.0448397051952939,true,0.9510703363914373
169,22.473372781065088,176.0,9,17.303431909779018,32,226,15,211,13.831168905399126,-1.4182261949031083,54.2842712474619,218.9940828402367,0.7206900809932187,0.0,0.7046293073442396,0.662509803921569,0.04211950342267057,false,0.9602272727272727
286,22.62937062937063,333.0,10,29.16121084676775,32,323,15,297,14.417485616124747,0.2543549208372391,87.49747468305833,310.7062937062937,0.4694451532836246,0.0,0.7252982311805839,0.6489910249814214,0.07630720619916254,false,0.8588588588588588
860,42.76162790697674,1011.0,13,47.01225786031831,64,351,18,323,26.60885956822981,-1.4209425177794663,157.6812408671319,339.14767441860465,0.4346585805066294,0.0,0.7023666210670315,0.6290839791640199,0.07328264190301159,true,0.8506429277942631
116,65.01724137931035,120.0,18,15.409606718194176,71,81,59,67,10.173963732585458,-0.44709050185232435,44.04163056034262,74.29310344827586,0.7515209193943861,0.0,0.7273495605138606,0.5922684766214178,0.13508108389244278,true,0.9666666666666667
2115,101.01796690307329,2608.0,22,61.2453211205196,137,198,67,144,49.63635586806471,1.251807088427521,267.21424945612296,170.42836879432625,0.37222111741696995,0.0,0.7164474111157465,0.6807443255401816,0.0357030855755649,true,0.8109662576687117
132,76.5909090909091,132.0,23,14.807538246221995,83,226,70,213,11.48650293006268,0.8905511628447493,42.62741699796952,220.06060606060606,0.9128633272113804,0.0,0.712893642305407,0.6749926981716224,0.03790094413378453,false,1.0
133,101.00751879699249,139.0,31,18.21187063154459,107,230,94,215,9.728922055149972,-0.6450416349041428,47.45584412271572,222.5563909774436,0.7421336079737125,0.0,0.715406162464986,0.6810216189039716,0.03438454356101439,false,0.9568345323741008
1813,124.82460011031439,1925.0,34,51.95511670064491,151,107,102,54,45.70586432110935,0.5455446281905322,194.40916292848974,80.00937672366244,0.6028013378022883,0.0,0.7317002476666343,0.6415385010398749,0.09016174662675946,true,0.9418181818181818
189,110.8994708994709,229.0,35,19.22981299913718,120,379,102,360,15.965757923913607,-0.632326640898869,73.01219330881975,370.3703703703704,0.4455340270054599,0.0,0.6999273783587509,0.6287556752981094,0.07117170306064147,true,0.8253275109170306
107,111.1214953271028,110.0,36,14.79362229783567,118,136,105,125,9.438955840390598,-0.8405126891152018,39.798989873223334,130.01869158878506,0.8488863352582923,0.0,0.7107568260949237,0.6788147168979954,0.0319421091969283,true,0.9727272727272728
245,116.4938775510204,264.0,38,20.787469666566604,127,29,106,10,16.38690028487811,-0.8249187259445855,68.76955262170047,20.624489795918368,0.6510038399497207,0.0,0.7111484593837533,0.6368605542775769,0.07428790510617633,true,0.928030303030303
282,127.38652482269504,286.0,40,19.722653066296314,137,53,119,33,18.594019025539136,-0.18301055531537308,64.2842712474619,42.737588652482266,0.8575303950194605,0.0,0.7303991099986091,0.5988520194402546,0.13154709055835456,true,0.986013986013986
134,141.92537313432837,137.0,45,14.085515499982062,149,35,136,23,12.405836536321393,1.0813767053755046,43.79898987322333,29.46268656716418,0.8777816005617554,0.0,0.7234708808896694,0.5243661474872726,0.19910473340239676,true,0.9781021897810219
102,149.57843137254903,107.0,46,14.235185410507563,157,294,143,285,9.465046280704062,-1.5066590841426215,39.384776310850235,289.1372549019608,0.8263295228662676,0.0,0.7101499423298732,0.6696899449434949,0.04045999738637829,false,0.9532710280373832
146,157.6095890410959,156.0,49,18.334212970877388,165,134,150,118,11.006438063099306,-0.7294083575537148,51.698484809834994,126.14383561643835,0.686447124365995,0.0,0.7176470588235294,0.6691090757701916,0.048537983053337785,true,0.9358974358974359
444,162.43018018018017,514.0,50,34.081044910951974,173,286,151,254,18.310270321242434,-0.31175678100852994,99.3259018078045,270.6171171171171,0.5655458247632872,0.6891891891891891,0.7510863804981452,0.6952087948149975,0.05587758568314771,false,0.8638132295719845
379,169.2401055408971,417.0,51,26.33209023765758,179,257,157,231,19.732814483586072,0.599675807528917,90.25483399593904,244.37467018469658,0.5846663922528023,0.5382585751978892,0.7620570127787264,0.7053667305281583,0.05669028225056805,false,0.9088729016786571
250,167.08,255.0,52,21.08961001481875,175,98,160,78,15.419349837877622,-0.06454537588250463,61.698484809835,88.26,0.8252791538038916,0.0,0.7368156862745097,0.5873131681613217,0.14950251811318793,true,0.9803921568627451
113,181.1150442477876,118.0,54,15.912816624055884,189,69,174,60,9.243780172744719,-1.5440753473752875,41.79898987322333,64.20353982300885,0.8127495435817086,0.0,0.7488113829602636,0.37762758462684,0.37118379833342363,true,0.9576271186440678
4409,235.7078702653663,5766.0,57,140.2791700904393,288,336,179,233,46.78770531084856,0.8891034678733497,443.58787847868,285.6228169652982,0.2815727501830948,0.8144704014515763,0.813306116277312,0.7101675626888516,0.10313855358846036,false,0.7646548733957683
235,191.51063829787233,259.0,58,19.54981612618327,201,126,183,107,17.410985523827243,0.1568154140343051,71.84062043356595,116.15744680851064,0.5721864612884143,0.0,0.7222861910721734,0.6831223964551995,0.039163794616973946,false,0.9073359073359073
118,199.46610169491527,118.0,61,14.192156969670913,205,100,195,87,10.601966707735007,0.08197693573271816,39.55634918610404,93.64406779661017,0.9476750946997867,0.0,0.7534064473246925,0.429436967589092,0.32396947973560053,true,1.0
828,217.40821256038646,931.0,63,36.8359943327238,236,153,201,119,31.191670718933,-1.0887178473595092,133.0538238691624,134.03985507246378,0.5877403132029594,0.0,0.7340769157904713,0.6780332194039701,0.056043696386501196,true,0.8893662728249194
253,233.07905138339922,256.0,67,18.840385788912762,243,119,224,101,17.26767258623972,-1.164291524389324,59.941125496954285,109.50592885375494,0.8848722967471707,0.0,0.7300937766410909,0.5744029491905754,0.15569082745051543,true,0.98828125
102,236.2941176470588,102.0,68,11.995215222329017,242,94,231,83,10.904122818022616,1.2077102869852707,36.384776310850235,88.13725490196079,0.9682123483556626,0.0,0.7252210688196845,0.3299069345889425,0.395314134230742,true,1.0
131,256.51908396946567,134.0,71,15.334414337632937,263,19,249,8,11.213263157170356,-1.426424525814764,45.21320343559643,14.213740458015268,0.8052868408396688,0.0,0.7177069301002845,0.6469587234293118,0.0707482066709727,false,0.9776119402985075
907,287.6085997794928,995.0,77,55.13336500613365,317,23,262,1,22.426768671093985,-1.3999165445833572,155.39696961966996,11.03638368246968,0.47198919888882085,0.0,0.7224679507966364,0.6175158606063874,0.10495209019024898,false,0.9115577889447236
180,270.80555555555554,184.0,78,15.763236479418904,279,344,263,329,14.77459883569248,0.7103991655814829,52.24873734152916,336.48333333333335,0.8285729860231226,0.0,0.7519172113289758,0.6907653383934222,0.061151872935553575,false,0.9782608695652174
287,271.33101045296166,308.0,80,29.375829207867426,279,285,264,258,12.870099779698608,0.30170352804417977,75.11269837220809,272.18118466898954,0.6392416042888833,1.0,0.8476053836168616,0.7215178079871261,0.1260875756297355,false,0.9318181818181818
289,288.25259515570934,316.0,82,25.66110053913075,301,122,276,102,15.959829015445107,-1.1201638689186049,80.08326112068522,111.1280276816609,0.566270851034179,0.0,0.7182305448130808,0.6312485768500951,0.08698196796298574,true,0.9145569620253164
286,320.8006993006993,290.0,87,24.93509663895421,331,130,310,110,14.809289056481502,-0.7191101116552109,67.59797974644665,120.3986013986014,0.7865176334360058,0.0,0.7197723844782665,0.6889122315592905,0.030860152918976036,false,0.9862068965517241
137,324.24817518248176,140.0,90,15.46644443761598,331,380,316,367,11.991317990361784,-1.0695048462164838,46.8700576850888,373.7153284671533,0.7836812481328802,0.0,0.7369972806640904,0.6728837876614064,0.06411349300268399,false,0.9785714285714285
2723,371.6077855306647,3331.0,91,94.718574097173,400,66,318,1,49.53641109062672,1.0423056767005745,315.1309883354377,21.967315460888727,0.34456826992814055,0.0,0.736919343572905,0.6778078015658564,0.0591115420070486,false,0.817472230561393
818,341.4205378973105,1022.0,94,44.38852220108716,365,366,321,334,28.693884377649393,-1.5175107091152058,157.095454429505,349.1418092909535,0.41652006735305724,0.19559902200489,0.745956181983796,0.6964995895040998,0.04945659247969614,false,0.8003913894324853
595,342.41344537815127,648.0,96,33.20893620213581,360,96,327,64,25.576299742991786,-0.8242394341100552,114.22539674441617,81.42521008403361,0.573061826126234,0.0,0.7280408634041853,0.6791778576382325,0.048863005765952816,false,0.9182098765432098
334,342.59580838323353,356.0,98,24.697045219819877,357,117,332,97,18.649193351011686,-1.3425619344454742,79.59797974644665,106.23652694610779,0.662448682187546,0.0,0.7156040859457552,0.6840379901960785,0.031566095749676726,false,0.9382022471910112
163,344.17791411042947,179.0,101,16.866296034475667,352,393,336,377,14.259053203345372,-0.7090763201538623,58.284271247461895,385.1226993865031,0.6029686423821075,0.0,0.7372308432575484,0.6900740941537908,0.047156749103757556,false,0.9106145251396648
112,355.00892857142856,119.0,103,12.765173461280748,361,157,348,144,11.738947888282908,0.38125672286276957,43.248737341529164,150.20535714285714,0.7524558472675531,0.0,0.7465686274509803,0.6862793572311496,0.06028927021983066,false,0.9411764705882353
321,371.21183800623055,327.0,107,22.5183597998806,382,160,361,140,18.434668203798726,-0.7716847017314011,68.76955262170047,150.10280373831776,0.8529478882606545,0.0,0.7324415124305172,0.644583270861446,0.0878582415690713,true,0.981651376146789
401,384.20947630922694,419.0,109,32.203951403419026,394,365,376,334,16.381912196250063,0.1695330733416534,85.25483399593904,350.4638403990025,0.6932920344919763,0.3765586034912718,0.7656251528042641,0.6970175364935414,0.06860761631072276,false,0.9570405727923628
253,386.0790513833992,257.0,110,19.931437274136403,397,81,377,64,16.681675884156718,-1.3273843907285108,61.94112549695427,72.30434782608695,0.828652033366135,0.0,0.7302487793536383,0.6667167026300156,0.06353207672362271,true,0.9844357976653697
341,387.14369501466274,354.0,111,23.80502479874379,397,119,377,96,18.790915497154273,0.6176297585602524,73.59797974644665,107.8357771260997,0.7911019529797342,0.0,0.7114369501466272,0.6463181245652626,0.06511882558136461,true,0.963276836158192
137,393.53284671532845,150.0,113,18.626873107750107,400,195,384,182,10.813952294862155,-1.1512914095220317,50.62741699796952,189.25547445255475,0.6716745461374998,0.0,0.7274939172749392,0.6590474983096688,0.06844641896527037,false,0.9133333333333333
122,271.4590163934426,122.0,2,16.75375800559698,279,119,263,109,9.439583362084615,1.314389931697164,43.21320343559642,113.17213114754098,0.8209879264294457,0.0,0.6465123754419801,0.1540343174588952,0.49247805798308497,false,1.0
348,290.67816091954023,422.0,3,44.60944629594935,303,271,277,235,11.748417346724798,-0.6584608617393978,109.39696961966999,252.67241379310346,0.36540839793107815,0.0,0.647836375929682,0.29632962523348144,0.3515067506962006,false,0.8246445497630331
108,4.416666666666667,108.0,1,16.964449939129693,10,89,1,73,8.896079074471572,-0.34607452165835595,42.3492424049175,79.56481481481481,0.756732399036368,0.0,0.7406318082788672,0.04073223039215685,0.6998995778867103,true,1.0
533,10.529080675422138,668.0,2,34.71872773900913,25,338,1,305,24.892728431407708,-0.41602541051119174,128.5685424949238,320.31894934333957,0.40519831608632306,0.0,0.6747084574918151,0.6389421710713272,0.03576628642048785,false,0.7979041916167665
257,23.22568093385214,262.0,4,22.157898471207403,31,305,15,283,15.108704247928705,-0.15785627583856077,63.35533905932737,293.46692607003894,0.804593553074125,0.0,0.6845044632639047,0.6318978681815408,0.05260659508236387,false,0.9809160305343512
5127,78.22020674858592,6560.0,5,126.55482780590869,126,301,24,188,58.50155336893791,-0.6072849410030294,483.9310242291876,241.66393602496586,0.2751099204304626,0.0,0.6942713890705495,0.5778229006689414,0.11644848840160815,false,0.7815548780487804
198,248.34343434343435,202.0,15,18.9880006399739,255,275,240,257,13.708371816410093,0.42497877529224526,56.2842712474619,266.2878787878788,0.7854181980427192,0.0,0.5326005149534561,0.3242567135549872,0.20834380139846886,false,0.9801980198019802
223,263.17488789237666,262.0,16,25.195616563027833,275,71,250,55,13.204822469913525,1.265550752860264,78.08326112068522,62.73094170403587,0.45961991773402966,0.0,0.5395761892200828,0.45618242486411276,0.08339376435597001,false,0.851145038167939
146,264.3013698630137,152.0,17,18.315242514263087,273,12,256,1,10.454532378119838,1.128391826717841,48.384776310850235,5.945205479452055,0.7836916953125366,0.0,0.5900080580177276,0.4290740460708705,0.16093401194685708,false,0.9605263157894737
212,269.5188679245283,227.0,19,18.28515737358811,278,28,262,12,15.481811382692303,0.4815768970546519,65.52691193458118,20.28301886792453,0.6204493326612174,0.0,0.5699963004069553,0.4764153280359763,0.09358097237097895,false,0.933920704845815
263,336.7034220532319,291.0,23,30.157610430592445,350,114,324,97,11.780356493028126,-1.1173868287524953,77.25483399593904,105.67300380228137,0.5537506961368993,0.5627376425855514,0.5741892194140011,0.40935370099456775,0.1648355184194334,false,0.9037800687285223
1281,377.73458235753316,1584.0,24,65.73685179514038,400,400,345,362,31.44479064261764,-1.2864249212323733,204.08935777509512,387.43481654957066,0.3864722144804771,1.0,0.6490854265203351,0.42533853320333664,0.22374689331699843,false,0.8087121212121212
130,217.91538461538462,145.0,8,23.8032857439583,223,202,213,181,7.607317536370088,0.24637563105985094,55.112698372208094,191.42307692307693,0.5378359974532169,0.0,0.5962895927601809,0.5086691582710432,0.0876204344891377,false,0.896551724137931
155,305.83870967741933,157.0,14,19.059236810178582,315,179,297,166,10.68931303355116,1.164894623469863,50.2842712474619,172.16129032258064,0.7703307624034407,0.0,0.641720430107527,0.5148774161158063,0.1268430139917207,false,0.9872611464968153
309,315.5598705501618,333.0,15,28.552452715062575,325,288,307,261,14.979136842597082,0.4972950622706535,79.01219330881975,276.0906148867314,0.6219852821822066,0.0,0.615470524779491,0.5584577283984282,0.057012796381062825,false,0.9279279279279279
217,316.55299539170505,227.0,17,19.89739433757097,324,332,309,311,14.259455703674547,-0.1968931067931733,59.52691193458118,320.70046082949307,0.769560718085846,0.0,0.6110599078341011,0.5854446647572893,0.025615243076811844,false,0.9559471365638766
906,337.3057395143488,1090.0,20,43.31459308928622,358,352,317,311,33.696715776863265,0.9193646610078494,154.02438661763952,332.4569536423841,0.47990921131611847,0.0,0.6164394234515003,0.5405122093857241,0.07592721406577618,false,0.8311926605504587
102,358.3529411764706,104.0,32,14.445103245930623,364,362,352,350,9.151901052131157,0.7036678970575138,38.62741699796952,355.7549019607843,0.8590505095964065,0.0,0.6079584775086505,0.5417248693672719,0.06623360814137857,false,0.9807692307692307
1089,19.960514233241504,1099.0,2,54.282130129084656,52,400,1,367,28.68618477825663,1.1999023627271923,149.8050865276332,387.96510560146925,0.6097960743645289,1.0,0.9536829975332652,0.9147181154101571,0.03896488212310811,false,0.9909008189262967
651,40.494623655913976,714.0,5,33.78847963786517,57,215,22,188,26.32307651826813,-1.4434265491965435,114.39696961966999,202.1290322580645,0.6251177235300441,1.0,0.9185446221499349,0.8710002203128437,0.04754440183709119,false,0.9117647058823529
388,69.26546391752578,465.0,10,28.285655331281937,85,341,56,320,22.332603282495352,-1.5650474873471278,107.39696961966999,329.12628865979383,0.42272461297866976,1.0,0.9464119668485952,0.9208859749284807,0.02552599192011451,false,0.8344086021505376
170,65.21764705882353,170.0,11,19.592272524620224,74,204,57,192,11.069207541233823,1.092800957073225,49.79898987322333,197.83529411764707,0.8614254892654147,1.0,0.9161245674740485,0.8850702009198741,0.031054366554174373,false,1.0
1581,101.0695762175838,1953.0,13,83.60882315572883,137,322,63,276,27.137494432082043,1.0425481613177086,227.13708498984758,297.9911448450348,0.3850930122916743,1.0,0.9427639493495055,0.9170264436049645,0.025737505744540923,false,0.8095238095238095
250,90.948,276.0,15,22.261554912578774,101,127,79,108,16.245398267639978,1.1895741060912017,74.42640687119285,117.928,0.5671471670633051,1.0,0.8838274509803922,0.8473148598282292,0.03651259115216299,false,0.9057971014492754
100,89.15,104.0,16,16.155685723386146,96,207,82,196,8.233117198678578,1.025817544681685,41.21320343559642,201.91,0.7398388250087209,1.0,0.9233333333333331,0.8674620605053319,0.055871272828001195,false,0.9615384615384616
4002,140.303848075962,4851.0,18,82.74727789794781,180,386,96,315,68.25288931018864,1.1613378110086143,345.60512242138304,351.00499750124936,0.4210431505560906,1.0,0.9464757817169843,0.9194993126401848,0.026976469076799514,false,0.8249845392702535
187,108.98930481283422,191.0,19,22.39923482118136,118,137,98,122,10.931027118388073,1.0458834356325464,56.698484809834994,129.18716577540107,0.7309851668184908,1.0,0.8953339624619902,0.84873031179685,0.04660365066514016,false,0.9790575916230366
138,134.6231884057971,143.0,22,16.084118986488505,142,143,126,131,11.601760356799309,1.265221753056175,47.04163056034262,136.84782608695653,0.7836537509372793,1.0,0.8996589940323957,0.860358056265985,0.03930093776641064,false,0.965034965034965
312,168.91666666666666,343.0,25,29.450517774709695,184,220,155,204,15.483050716016827,1.525439400546053,80.18376618407356,212.47435897435898,0.6098058076132863,1.0,0.9353192559074913,0.9033646143282212,0.03195464157927008,false,0.9096209912536443
3715,230.5227456258412,4567.0,28,131.63750134140048,301,400,177,325,42.90715460843984,0.9565342584725698,367.18481220460006,369.2266487213997,0.34625755941841274,1.0,0.9501765497585303,0.9253160919540231,0.024860457804507186,false,0.8134442741405736
555,194.7117117117117,575.0,29,42.489040967059395,217,400,177,376,17.754018513201668,1.0929700395244295,107.29036790187178,390.37297297297295,0.6058726917197674,1.0,0.9449143260907966,0.9244586723578323,0.02045565373296432,false,0.9652173913043478
102,199.59803921568627,106.0,30,17.537676833350346,207,222,192,211,7.693527671275512,1.0857328272816769,42.62741699796952,216.63725490196077,0.7053943892087939,1.0,0.9407920030757401,0.9041999881523604,0.03659201492337971,false,0.9622641509433962
215,218.05581395348838,242.0,31,23.648222827853274,227,219,208,200,13.447896750566283,0.7426466623235298,75.59797974644667,208.33023255813953,0.4727460888348192,1.0,0.9337710898312815,0.9106953278548986,0.023075761976382947,false,0.8884297520661157
122,213.39344262295083,146.0,32,20.276944029299283,219,275,208,257,9.465623419698966,0.18608826595678626,54.52691193458118,266.25409836065575,0.5156415312452712,1.0,0.944808743169399,0.9262659691825916,0.01854277398680737,false,0.8356164383561644
137,233.75182481751824,143.0,34,16.351424511315454,240,280,228,265,11.177386517300913,0.28103412513830234,47.4558441227157,273.05839416058393,0.7644534157323207,1.0,0.9459567768713323,0.9341662866697062,0.011790490201626036,false,0.958041958041958
4650,333.9720430107527,6334.0,35,194.1410856691075,400,362,244,259,37.262368365985,1.1260629230421952,517.58787847868,310.90193548387094,0.2181195650819207,1.0,0.9493569470799075,0.9170955549640669,0.03226139211584056,false,0.7341332491316703
2058,282.53498542274053,2264.0,36,65.71340479244014,323,199,250,154,43.173610698547925,1.4537768917868246,215.23759005323595,177.0728862973761,0.5582374817305307,1.0,0.9409592408391928,0.9001521819150744,0.0408070589241184,false,0.9090106007067138
309,276.71844660194176,357.0,37,22.470827839746118,288,332,266,313,19.952643662844473,0.8831850630362679,85.01219330881975,323.06796116504853,0.5372864662958569,1.0,0.9470905514309281,0.9161894846434145,0.030901066787513587,false,0.865546218487395
346,282.08092485549133,374.0,39,22.76789209601968,292,387,270,364,21.176184762324088,1.560301708695505,78.42640687119285,375.14739884393066,0.7069054444729048,1.0,0.9454493936302845,0.9252643859847202,0.0201850076455643,false,0.9251336898395722
699,309.12589413447785,721.0,41,41.26360030740225,327,394,292,364,21.996121416893846,1.0364441453680062,111.53300858899107,378.87124463519314,0.7061227517360363,1.0,0.9423041319532103,0.9231594217071704,0.01914471024603992,false,0.9694868238557559
123,311.0,123.0,42,17.5952691350533,320,400,302,392,9.543371880893542,1.5707963267948966,45.72792206135786,396.7317073170732,0.7391831215196771,1.0,0.9352781763111749,0.9308740445330674,0.004404131778107501,false,1.0
255,324.18823529411765,276.0,43,24.750914478451943,337,140,311,124,14.07755304324155,1.42549359340074,69.49137802864846,131.89019607843136,0.6635722205116742,1.0,0.9206459054209919,0.8985928874473765,0.022053017973615363,false,0.9239130434782609
163,329.1411042944785,173.0,44,19.491875723532125,339,243,321,230,11.209249275382094,1.1106769241924592,52.87005768508881,236.96932515337423,0.732787242617411,1.0,0.9461325634548298,0.9288532382650025,0.01727932518982722,false,0.9421965317919075
437,346.94050343249427,457.0,47,28.634743541674933,362,155,333,134,20.31098177666944,1.2199549683495485,87.84062043356595,144.78489702517163,0.711705810927489,1.0,0.9267375600125636,0.9009671960629067,0.025770363949656927,false,0.9562363238512035
2845,375.39015817223196,3218.0,48,84.58663471650765,400,68,334,1,52.078845966829356,0.7797947982881941,282.71067811865476,26.169068541300526,0.4473090759355669,0.33778558875219683,0.9206009855611839,0.804809276651837,0.11579170890934687,false,0.8840894965817278
188,346.1223404255319,193.0,49,19.388012709335808,356,263,336,250,13.165844387252617,-1.4105694843312315,55.8700576850888,255.29787234042553,0.7568494048560184,1.0,0.948560700876095,0.9211994070095937,0.027361293866501324,false,0.9740932642487047
284,359.10915492957747,290.0,51,25.102411221008026,370,233,347,216,14.702952979349217,1.036841456508854,68.2842712474619,224.80633802816902,0.765397159922759,1.0,0.9433858050262355,0.9147178092648249,0.028667995761410547,false,0.9793103448275862
130,363.38461538461536,134.0,54,14.062245304076184,369,279,357,265,12.059615337843272,0.5259205089847112,43.45584412271571,272.2692307692308,0.8650811231956066,1.0,0.9480844645550528,0.922806470068133,0.025277994486919808,false,0.9701492537313433
1089,383.6776859504132,1233.0,56,46.96786659350482,400,269,361,224,32.927033485531965,0.8955880236222103,157.53300858899107,245.66850321395776,0.5514353574500217,1.0,0.9481481481481481,0.9153353973168209,0.032812750831327175,false,0.8832116788321168
137,381.8540145985401,152.0,58,20.18881006277672,388,149,377,130,9.51689305847686,-0.30806380455674215,53.11269837220809,138.93430656934308,0.6102864096695263,1.0,0.9262630599685129,0.8985184825375236,0.027744577430989237,false,0.9013157894736842
261,391.2605363984674,320.0,59,28.2879147267026,400,214,377,193,14.580927263901094,0.9555391378774021,80.18376618407356,201.51724137931035,0.5101260121380375,1.0,0.9383517391630983,0.9019229313346961,0.03642880782840219,false,0.815625
252,173.01984126984127,279.0,13,28.860899001337877,185,169,161,150,11.928627206455612,0.9830881731091597,72.18376618407356,158.734126984127,0.6077589031309897,1.0,0.7325241207594145,0.7060586824657923,0.026465438293622245,false,0.9032258064516129
1323,209.88510959939532,1501.0,15,50.9074577627747,232,262,187,216,35.95598269304236,0.8592754558298675,171.4386001800126,238.27362055933486,0.5656561122062067,1.0,0.7499118165784837,0.6809208970611884,0.0689909195172953,false,0.8814123917388408
267,203.2996254681648,270.0,16,20.584736285499854,211,216,196,197,16.743142521120838,-0.20585023770502525,61.21320343559643,207.05992509363296,0.8954284931763562,1.0,0.7449071014173458,0.6855370356528893,0.05937006576445658,false,0.9888888888888889
348,219.24137931034483,380.0,18,27.61476931395037,234,185,209,164,18.48492138521217,1.211412791001373,81.01219330881975,175.19252873563218,0.6663284050526574,1.0,0.7309330628803243,0.6903719992669968,0.040561063613327564,false,0.9157894736842105
333,226.86486486486487,389.0,19,27.276053385151958,238,29,215,3,17.79124036888053,-0.7325790127466807,89.91168824543142,15.657657657657658,0.5176328060022976,1.0,0.7346758523229107,0.6748696779656536,0.0598061743572571,false,0.8560411311053985
573,236.76265270506107,648.0,20,40.33731094466503,253,63,218,31,19.620435589968917,0.8141719711661899,121.71067811865476,45.86910994764398,0.4860792943726169,1.0,0.7447558430003768,0.6648244099021303,0.07993143309824646,false,0.8842592592592593
111,228.94594594594594,117.0,21,17.62028892328552,236,284,222,270,8.529141851559695,-0.7467834676591165,44.284271247461895,276.97297297297297,0.7112689305310727,1.0,0.7154213036565976,0.642160880745741,0.07326042291085666,false,0.9487179487179487
10696,312.905291697831,16206.0,24,270.00586362648755,400,235,238,1,71.52942962978163,0.5672391618642441,877.6194077712559,102.39799925205685,0.17450939820562675,1.0,0.7708386495959644,0.6483975812547242,0.12244106834124013,false,0.6600024682216463
1141,265.8764241893076,1236.0,26,67.15133445727024,290,262,243,209,22.27873916716759,0.7864223101161251,164.50966799187808,233.977212971078,0.5298008572406646,1.0,0.7295423690948772,0.6701705138808828,0.05937185521399446,false,0.9231391585760518
3011,297.5552972434407,3408.0,27,84.42834506233054,339,331,254,261,48.80413292403996,1.0419187848611262,301.4629867976521,299.27000996346726,0.41634430084704216,1.0,0.7306803159656428,0.6497103252177007,0.08096999074794209,false,0.8835093896713615
348,325.8103448275862,360.0,28,27.656077730890406,335,400,317,374,16.658912140631628,-0.11411670411946861,76.11269837220809,388.2557471264368,0.754874700035386,1.0,0.7376267748478702,0.6266821720450947,0.11094460280277552,false,0.9666666666666667
1971,362.8122780314561,2142.0,29,76.03509383216425,399,400,326,355,33.99371721030926,1.0780597633665527,208.5096679918781,378.9183155758498,0.5696972128970763,1.0,0.723466738293491,0.6488464431267604,0.07462029516673052,false,0.9201680672268907
785,347.03694267515925,849.0,30,47.05788343221586,365,359,330,321,22.199795135367328,0.69210017122594,126.84671708797583,340.4751592356688,0.613085517572427,1.0,0.7170325964780824,0.639864310743309,0.07716828573477341,false,0.9246171967020024
242,346.3099173553719,245.0,31,29.035200429609596,361,400,332,389,11.666065552250373,1.5283345498867207,69.4558441227157,395.9669421487603,0.6303875717700611,1.0,0.7394425538810563,0.6633986928104575,0.0760438610705988,false,0.9877551020408163
3495,29.410872675250356,4680.0,2,125.152422072013,75,213,1,101,43.05493757465004,-0.5394682494631641,365.53405460951757,149.06695278969957,0.32870125067879036,1.0,0.9063109764649776,0.881800554278634,0.024510422186343583,false,0.7467948717948718
1161,14.391042204995694,1377.0,3,57.81158744395971,33,272,1,214,27.942441519682994,0.3367764642667453,183.53910524340094,242.05254091300603,0.4330966888163161,1.0,0.8869737042103665,0.8859609318798077,0.0010127723305587422,false,0.8431372549019608
460,24.780434782608694,500.0,4,32.67930749937058,40,111,10,86,18.805803595837407,-0.9846020306378587,92.25483399593904,99.93478260869566,0.6791871056883155,1.0,0.9119693094629159,0.926200093020978,-0.014230783558062177,false,0.92
123,29.642276422764226,148.0,5,20.368043997086378,36,293,21,278,9.458360533619272,-0.7147203602584158,54.04163056034261,286.2439024390244,0.5292466126057731,1.0,0.8772198310218395,0.9260367694836218,-0.048816938461782255,false,0.831081081081081
318,42.405660377358494,321.0,6,20.874605301277562,52,94,32,74,19.822664045943984,1.452536092156332,69.698484809835,84.17295597484276,0.822603039804254,1.0,0.9179430262671107,0.93172330515784,-0.013780278890729303,false,0.9906542056074766
176,46.46022727272727,182.0,7,18.115579772303427,55,34,38,20,12.999000473688884,1.3392852117900202,55.45584412271571,26.727272727272727,0.71916392038862,1.0,0.9344474153297682,0.9439733145166456,-0.009525899186877407,false,0.967032967032967
1213,66.95300906842539,1446.0,8,60.08788473143438,93,270,39,229,29.18678430095758,-1.1205521447881095,175.09545442950497,248.3272877164056,0.4971883244182851,1.0,0.8873381504291743,0.8813868806862211,0.005951269742953236,false,0.838865836791148
4690,90.63710021321961,6054.0,9,97.05991824311035,140,229,40,141,79.45865810933611,-1.0064573945424256,425.2741699796952,191.2503198294243,0.3258702362646137,1.0,0.8952932814917014,0.875158952469877,0.020134329021824438,false,0.7746944169144367
1620,66.5746913580247,1919.0,10,52.17507127587375,93,78,41,27,43.093456694809355,-0.7631044950694429,204.89444430272832,52.31666666666667,0.4849137658709371,1.0,0.9250738320019363,0.9481601109499174,-0.023086278947981098,false,0.8441896821261073
362,56.33701657458563,383.0,11,25.320058685566437,69,185,43,166,18.764291106023474,-1.5456767383105312,83.84062043356595,175.88674033149172,0.6471567235215564,1.0,0.8933051673708158,0.8679243809077418,0.025380786463073957,false,0.9451697127937336
300,59.723333333333336,315.0,12,24.4940021089179,68,100,52,77,16.099847984772087,0.3909876856958917,71.45584412271572,89.42333333333333,0.738338662918984,1.0,0.9202352941176468,0.9288985392814844,-0.00866324516383754,false,0.9523809523809523
3077,90.90867728306792,3821.0,13,116.04809220812596,118,394,62,286,37.14280590219732,-0.36484041368024106,361.74725804511405,342.5333116672083,0.29547916587248757,1.0,0.8778068783574526,0.869438907911847,0.008367970445605666,false,0.8052865741952369
221,72.67420814479638,228.0,14,21.185047805917307,81,311,64,291,13.695209770288672,-0.4280957609452628,59.94112549695428,301.5022624434389,0.7729516900439715,1.0,0.8780764794605626,0.915576855742297,-0.037500376281734416,false,0.9692982456140351
127,75.88188976377953,131.0,15,13.783076834730887,83,322,70,310,11.943244542271552,-1.5281152745580264,43.59188309203678,315.73228346456693,0.839851156581229,1.0,0.8832484174772269,0.9087088420273769,-0.025460424550149963,false,0.9694656488549618
128,86.578125,130.0,18,13.380958323182943,93,399,80,386,12.775699943280648,-1.149490289830811,43.21320343559642,391.9765625,0.8613643818276151,1.0,0.8721200980392158,0.8448839797927906,0.027236118246425134,false,0.9846153846153847
2828,127.93140028288543,4032.0,19,103.92820306044514,170,151,81,74,43.802900084263,-0.8167146000912854,349.1614716074871,114.47984441301273,0.29149871100284214,1.0,0.9190753529134424,0.9327874648752255,-0.013712111961783013,false,0.7013888888888888
830,126.75180722891567,950.0,20,40.4402539110115,146,33,108,1,29.188583538347498,-0.9809474203433818,137.05382386916236,14.407228915662651,0.5552718310306227,1.0,0.9332860855185443,0.9439728250155437,-0.010686739496999387,false,0.8736842105263158
140,121.87142857142857,141.0,21,14.866467663071193,127,338,116,323,12.211485745838537,0.03746106260508269,44.384776310850235,330.0857142857143,0.8930377730576403,1.0,0.8700840336134452,0.8434143222506397,0.026669711362805493,false,0.9929078014184397
207,143.89371980676327,218.0,22,18.62255596114947,151,186,135,167,14.7568468850933,0.39087997035075106,60.18376618407357,175.82125603864733,0.7181604533772227,1.0,0.9050487827981437,0.9015197276954798,0.0035290551026638806,false,0.9495412844036697
489,151.4723926380368,513.0,24,27.31014928530492,162,223,139,196,23.54040592059979,-0.10441852233265789,90.66904755831214,210.42126789366054,0.7474817880769924,1.0,0.9074301295160191,0.8563145529500426,0.05111557656597654,false,0.9532163742690059
228,152.78070175438597,232.0,25,22.446134314896376,160,171,145,150,13.212130974488467,-0.35193423836686494,60.526911934581186,160.93421052631578,0.7820736924017548,1.0,0.9164258685930515,0.9128848128776477,0.0035410557154038624,false,0.9827586206896551
179,156.83240223463687,187.0,26,18.60574324489568,165,34,151,16,12.743810350542281,-0.13284503910141543,53.45584412271571,25.502793296089386,0.78717720838542,1.0,0.9285135283163546,0.9201620482903904,0.008351480025964197,false,0.9572192513368984
282,165.6241134751773,307.0,27,20.825842205631794,177,72,156,51,18.4151802079653,-1.5011109589429668,72.80508652763321,61.265957446808514,0.6685525161160701,1.0,0.9320122375191213,0.9429493664787786,-0.01093712895965726,false,0.9185667752442996
493,171.31440162271807,516.0,28,28.23410903475076,186,52,159,28,23.100089071495372,1.1471426952702926,89.59797974644665,40.16632860040568,0.7717210538240148,1.0,0.9325935648092909,0.8977144380619981,0.034879126747292766,false,0.9554263565891473
1350,203.74814814814815,1906.0,30,100.9661930807513,241,87,166,28,22.524165974792673,-0.9644975447275522,236.6223663640862,58.44592592592593,0.30299261686974166,1.0,0.9317792302106026,0.9061922135039235,0.025587016706679067,false,0.7082896117523609
506,192.40316205533597,549.0,31,36.28509893647966,209,150,173,130,18.419249101055932,1.4018368852317442,100.25483399593905,139.600790513834,0.6326299324917204,1.0,0.9212198713477487,0.8853953064479378,0.035824564899810896,false,0.9216757741347905
141,196.95035460992906,142.0,32,17.555263275582476,205,400,189,390,10.830492974148363,1.5268424190023466,46.72792206135786,396.12056737588654,0.811476671126389,1.0,0.9113336114587679,0.8646122770716327,0.046721334387135216,false,0.9929577464788732
142,205.21830985915494,142.0,33,15.252274557510702,212,159,198,147,11.918911182407014,-1.071361158409489,43.21320343559642,153.2887323943662,0.9555761110900106,1.0,0.928887047776857,0.8815759771110584,0.04731107066579865,false,1.0
185,221.30810810810812,187.0,35,25.429726499780568,233,78,209,68,9.430902644101232,-1.405932301249807,60.04163056034262,73.07027027027027,0.6448766269385321,1.0,0.9348171701112881,0.9042175360710316,0.03059963404025645,false,0.9893048128342246
605,243.61487603305784,631.0,37,31.430414033753607,260,224,231,193,25.547537778322134,-0.5885215573293043,101.49747468305833,207.9900826446281,0.7379972863619216,1.0,0.9143218279047155,0.8699854930038844,0.04433633490083111,false,0.9587955625990491
161,262.53416149068323,163.0,41,21.817414848423784,271,400,251,389,10.174115170807436,-1.2170934123187893,53.79898987322333,395.7080745341615,0.6990166125617985,1.0,0.9266593593959326,0.9523064717216363,-0.025647112325703714,false,0.9877300613496932
215,264.13488372093025,222.0,43,19.983974517970665,274,373,255,357,14.18138485736392,1.156690448156961,57.698484809834994,365.50697674418603,0.8115578947799743,1.0,0.9169904240766077,0.896837444655281,0.020152979421326656,false,0.9684684684684685
127,270.45669291338584,136.0,44,20.86914882839863,280,36,261,25,8.08076511342975,-1.2838217629708608,50.87005768508881,30.496062992125985,0.6167215508366379,1.0,0.947166898255365,0.9038647975894144,0.04330210066595064,false,0.9338235294117647
187,283.42245989304814,194.0,49,23.56509840786425,294,373,274,358,10.620893735081689,-0.9384620411449339,58.284271247461895,364.6417112299465,0.691749301383154,1.0,0.9152353989724236,0.9181363211951449,-0.002900922222721314,false,0.9639175257731959
132,17.765151515151516,139.0,5,15.10247230950501,25,268,10,256,12.063719505363473,1.3901715561116297,47.45584412271571,260.9469696969697,0.7365536560340606,0.007575757575757576,0.7347296494355318,0.7611072664359866,-0.026377617000454823,false,0.9496402877697842
122,29.508196721311474,125.0,8,14.542578542169593,36,272,24,257,11.157835123677287,0.17974475283107527,44.2842712474619,264.827868852459,0.7817550407638815,0.0,0.7275152684024428,0.7550988712316613,-0.027583602829218457,false,0.976
127,53.32283464566929,130.0,17,15.408988057549388,60,287,47,274,10.886378596328722,-0.7801929725534141,44.04163056034262,279.53543307086613,0.8227858341645434,0.0,0.7450980392156864,0.7479976232917411,-0.0028995840760547287,false,0.9769230769230769
464,106.0646551724138,566.0,21,31.65938989259304,119,290,90,260,21.658059866792804,-0.8518715484131317,124.71067811865476,275.82758620689657,0.37490442214827,0.0,0.704369506423259,0.7137906634638662,-0.009421157040607198,false,0.8197879858657244
988,173.93825910931173,1339.0,28,58.80196695893891,201,47,144,9,27.01106821263128,1.1402715033941535,206.3086578651014,29.01923076923077,0.2916969586713488,1.0,0.8143208700484241,0.7906829318169308,0.023637938231493294,false,0.7378640776699029
211,157.3649289099526,222.0,29,19.021638659916555,166,146,150,127,14.8383062045125,-0.07076374146473183,61.526911934581186,136.0616113744076,0.7004257163288821,1.0,0.806374872223771,0.770925853785223,0.035449018438547975,false,0.9504504504504504
143,162.7062937062937,149.0,30,15.790475704842734,169,125,155,111,11.818141006415772,-0.916764636552765,47.04163056034262,118.63636363636364,0.8120470027828329,1.0,0.7923488276429452,0.8070560859596897,-0.014707258316744465,false,0.959731543624161
177,161.77966101694915,185.0,31,22.57869639050608,167,165,155,144,10.394806476673125,0.24289130574564802,57.94112549695428,154.090395480226,0.6625356871397123,1.0,0.8035892323030907,0.7476313007400315,0.05595793156305917,false,0.9567567567567568
131,173.81679389312978,147.0,33,18.989416009270446,183,82,166,69,10.438916891505476,1.0805144749765887,52.8700576850888,75.99236641221374,0.5889271704471221,1.0,0.8051788654393054,0.778408886490376,0.026769978948929407,false,0.891156462585034
145,179.13103448275862,147.0,36,17.193099890707174,186,72,172,57,10.949660128649887,0.7701894958810512,48.2842712474619,64.22068965517241,0.7815675224563384,1.0,0.8150101419878294,0.7783195734434125,0.03669056854441688,false,0.9863945578231292
402,182.32089552238807,467.0,37,35.17427888285891,193,131,172,100,16.28097500609322,-0.3182656699715297,100.5685424949238,117.05721393034825,0.499472526590618,1.0,0.7999902448541609,0.7753934191702437,0.02459682568391719,false,0.860813704496788
129,197.74418604651163,146.0,39,17.113112098071486,206,59,190,47,11.300645186328717,1.3486895932311338,54.284271247461895,53.48837209302326,0.5501125470303269,1.0,0.8029183766529867,0.7753332148569401,0.027585161796046642,false,0.8835616438356164
2216,257.70216606498195,2614.0,44,70.03753593474177,287,400,229,339,44.56806337279729,-0.7727625489671837,253.72287142747447,368.0085740072202,0.4325739722271927,1.0,0.8843119558292634,0.9067903297682711,-0.022478373939007756,false,0.8477429227237949
243,274.38683127572017,252.0,45,24.742209465272555,284,339,264,319,12.926232177341188,-0.7480989578941961,64.18376618407356,328.7818930041152,0.7412517700267806,1.0,0.8899217300088763,0.921095472954008,-0.031173742945131644,false,0.9642857142857143
5041,315.6718904979171,6339.0,46,100.07931485591413,369,320,268,230,76.4200752805919,-1.3132828294269143,467.1025971044414,282.2572902201944,0.290336740920954,1.0,0.879112065377629,0.9041209842176804,-0.02500891884005141,false,0.7952358416153967
1011,295.64292779426313,1199.0,47,61.459249771325716,311,205,280,148,23.426700171851266,-0.2807599345671006,157.53910524340094,178.32047477744808,0.5118989875109047,1.0,0.884319543841275,0.7275777097194356,0.1567418341218394,false,0.8432026688907422
2797,320.7214873078298,3476.0,50,81.75354585328408,365,400,285,337,55.74792427885807,1.0874052458184875,307.48023074035524,378.3192706471219,0.3717645148918187,1.0,0.8874452319361781,0.9188914212080117,-0.031446189271833624,false,0.8046605293440736
1345,323.39479553903345,1602.0,54,62.027045147854814,348,231,305,175,32.12802565120047,0.41485794522519986,193.99494936611666,205.875092936803,0.4491085279669278,0.9918215613382899,0.8838370143596472,0.9056682267290687,-0.021831212369421427,false,0.8395755305867666
152,370.4342105263158,157.0,61,22.05481359438582,376,380,364,361,9.042988473408059,-0.3910489985589287,52.62741699796952,370.6907894736842,0.6896509551489792,1.0,0.8875128998968008,0.8840737124725404,0.003439187424260415,false,0.9681528662420382
109,5.26605504587156,124.0,2,17.130144068060805,13,87,1,73,10.190812923271881,0.6950952988876677,49.21320343559643,81.26605504587155,0.5655527141872678,1.0,0.8133837021046949,0.787565182511031,0.02581851959366388,false,0.8790322580645161
153,4.0130718954248366,164.0,4,24.806235955841384,8,336,1,315,8.18051927727049,-0.0028564993098511232,55.89949493661167,325.4901960784314,0.6152980332603138,1.0,0.7919261822376008,0.8148674854557205,-0.022941303218119713,false,0.9329268292682927
143,5.5174825174825175,155.0,5,16.299515297073786,13,352,1,337,12.62470835714444,0.28911557020333356,51.55634918610404,344.55944055944053,0.676054314207568,1.0,0.782613464966406,0.7375870566805955,0.045026408285810504,false,0.9225806451612903
128,6.796875,133.0,6,17.188773152304805,13,400,1,386,10.000106609736997,-0.5765774489577433,45.55634918610405,393.9765625,0.7750362350266795,1.0,0.7607843137254902,0.7329855223685927,0.027798791356897445,false,0.9624060150375939
6345,39.73932230102443,7927.0,7,164.47421948612475,71,347,3,189,54.22561205694661,-0.11811891290661572,479.44574285494906,267.1724192277384,0.34686665877333034,1.0,0.7874991888008157,0.778381076488116,0.009118112312699655,false,0.8004289138387789
201,34.06467661691542,220.0,9,22.053698638737835,40,20,26,1,13.113845062683568,0.4884638962126069,62.384776310850235,8.487562189054726,0.6490059480091883,1.0,0.8155497024680517,0.8122549019607845,0.0032948005072671593,false,0.9136363636363637
123,33.0,123.0,10,15.647020923198983,39,400,26,388,10.502133240041667,-0.7960269972167825,43.55634918610404,395.0894308943089,0.8147268588301035,1.0,0.7734736170891121,0.7641879393266742,0.009285677762437938,false,1.0
141,40.319148936170215,145.0,11,18.693360138393718,46,55,34,38,9.770849937740394,-0.46681643560456476,47.45584412271571,46.92198581560284,0.7867732234909284,1.0,0.8026700041718814,0.8013206657233344,0.0013493384485470106,false,0.9724137931034482
329,44.32522796352583,374.0,12,32.98864367146071,57,150,34,121,15.098534953622725,-0.5009881934475952,87.84062043356595,134.34650455927053,0.5358151299660042,1.0,0.8000357589844455,0.7540072052917556,0.04602855369268988,false,0.8796791443850267
198,41.792929292929294,216.0,13,27.668488005667875,50,380,36,355,10.022641520803905,-0.3446216574403213,70.76955262170047,366.77777777777777,0.49680064835105825,1.0,0.7864527629233513,0.7568895592425003,0.02956320368085097,false,0.9166666666666666
453,55.29801324503311,517.0,14,39.79669150113321,65,389,39,355,16.770510015729357,-0.553971682561434,109.98275605729688,373.1169977924945,0.4706075270081642,1.0,0.7789031727481284,0.8100033613445378,-0.031100188596409395,false,0.8762088974854932
239,51.48953974895397,251.0,15,28.74834343178509,60,39,42,14,11.075227824206875,-0.5704221424214271,72.42640687119285,26.14644351464435,0.5725506141519229,1.0,0.8092214291574371,0.788841001747234,0.020380427410203072,false,0.952191235059761
642,56.46417445482866,766.0,16,32.968011358146725,70,116,43,81,28.654342930358304,-0.3388034070710578,133.29646455628165,96.28660436137072,0.45405413040115866,1.0,0.8135727811373775,0.7792500225896812,0.034322758547696286,false,0.8381201044386423
424,52.9811320754717,474.0,17,48.77449060026414,63,80,46,35,12.444030314389698,-0.24617465543482003,110.08326112068524,55.492924528301884,0.4396763920379038,1.0,0.8130595634480209,0.8272403698321431,-0.014180806384122224,false,0.8945147679324894
184,63.494565217391305,188.0,18,15.923719830916259,71,400,56,385,15.198494019819591,-0.9574411230630367,52.62741699796952,393.82608695652175,0.8348406299171854,1.0,0.7783887468030691,0.7662250485779897,0.012163698225079456,false,0.9787234042553191
189,65.47089947089947,200.0,19,24.882343803755667,74,177,57,156,10.649126267731864,-0.632813316064073,61.35533905932737,167.010582010582,0.6309093263038815,1.0,0.7868451084137359,0.7640543364681299,0.02279077194560597,false,0.945
119,67.91596638655462,124.0,20,20.77430990417679,77,8,59,1,7.614899539286722,-1.514950036454061,48.14213562373095,3.8151260504201683,0.6452174751758915,1.0,0.8094249464491676,0.8351906709926178,-0.025765724543450164,false,0.9596774193548387
717,77.50348675034867,819.0,21,40.1751506316015,91,132,59,95,26.071956787267396,-0.5625077841671057,127.05382386916236,115.50767085076708,0.5581533543523176,1.0,0.8092761232805541,0.7990431791594649,0.010232944121089216,false,0.8754578754578755
150,89.27333333333333,154.0,28,20.849756774906304,99,306,80,297,9.508592499215517,1.4748306627231569,51.21320343559643,301.54,0.7186827792701962,1.0,0.788470588235294,0.8088076311605724,-0.02033704292527838,false,0.974025974025974
224,90.35267857142857,231.0,29,18.565321068406533,100,99,81,81,15.84174450409749,-0.7101988898285494,60.31980515339463,89.36160714285714,0.7736384076479674,1.0,0.8127450980392157,0.7933732752360209,0.019371822803194827,false,0.9696969696969697
121,87.42148760330579,124.0,30,14.461100612755045,94,45,82,31,11.00766833729927,-0.30809397177246967,42.62741699796952,37.925619834710744,0.8367913832770987,1.0,0.8156214551936475,0.8300134300295462,-0.014391974835898713,false,0.9758064516129032
151,93.23841059602648,156.0,31,17.801683643329405,101,297,84,286,11.185954794253446,1.3133532262245378,48.62741699796951,290.92715231788077,0.8024618761829213,1.0,0.7839761069990909,0.7974108562343856,-0.01343474923529464,false,0.967948717948718
145,95.9103448275862,148.0,34,15.486849663479864,101,351,89,336,12.410542054566738,-0.266681635008388,46.62741699796952,343.9448275862069,0.8380986689551915,1.0,0.7799323867478025,0.8102167182662539,-0.030284331518451335,false,0.9797297297297297
103,97.18446601941747,103.0,36,15.943554409304221,101,275,93,260,8.314448828300911,-0.14381212958456535,39.55634918610404,267.2621359223301,0.8272079216447291,1.0,0.7822577574719207,0.7997127055950591,-0.017454948123138414,false,1.0
356,104.28651685393258,402.0,37,24.944507145697052,116,331,93,305,20.096998567356504,0.5192442682743393,86.66904755831214,318.71629213483146,0.59556862962127,1.0,0.7731328486450763,0.8027809000457937,-0.029648051400717468,false,0.8855721393034826
387,110.20671834625323,478.0,38,40.78756000805547,129,42,95,15,15.120905600718482,-0.8651646975460768,120.22539674441619,27.136950904392766,0.3364560881173083,1.0,0.8258499265339213,0.8140941008283231,0.011755825705598189,false,0.8096234309623431
121,101.07438016528926,123.0,39,14.429606359963916,107,252,95,238,11.233522763865512,-0.1894738373112064,43.45584412271571,245.8595041322314,0.805190891589757,1.0,0.793971803597472,0.8013503699778209,-0.00737856638034895,false,0.983739837398374
164,103.28658536585365,167.0,40,17.197378182962083,110,89,96,73,12.457149842739232,-0.417537660414751,50.2842712474619,80.5548780487805,0.815059645381705,1.0,0.8215447154471546,0.8295039108539589,-0.007959195406804342,false,0.9820359281437125
103,103.96116504854369,103.0,41,12.498282531193048,110,14,98,4,10.558604990747712,-1.2214065092086506,36.97056274847714,9.349514563106796,0.9469672644889924,1.0,0.8232628973919663,0.8437747512798224,-0.020511853887856035,false,1.0
557,112.3931777378815,637.0,43,34.541592256145755,125,311,101,276,23.100197661909423,-0.029723581826093425,118.05382386916236,293.310592459605,0.5022326487068062,1.0,0.7802654275354669,0.7607843137254905,0.019481113809976414,false,0.8744113029827315
114,115.03508771929825,134.0,44,21.44643570721142,124,167,107,154,8.19686475578073,-1.0896867090147477,54.11269837220809,160.0,0.4892336645590784,1.0,0.8091503267973855,0.773681047615055,0.03546927918233056,false,0.8507462686567164
185,118.90810810810811,207.0,46,26.104735303316968,126,216,109,195,10.264292926447242,-0.547878084452215,63.11269837220809,206.07027027027027,0.5836440936471483,1.0,0.8000847906730261,0.8031896102575834,-0.003104819584557328,false,0.893719806763285
165,118.37575757575758,174.0,49,16.927781981084706,125,345,111,328,13.420050811219127,-0.03628661207964107,53.698484809834994,337.4,0.7190676406338197,1.0,0.7732620320855615,0.7908269932578713,-0.017564961172309768,false,0.9482758620689655
662,135.01057401812687,777.0,52,42.12416804151014,148,327,124,285,22.159084516064723,-0.1450071515079191,145.53910524340094,307.08761329305133,0.392742999149172,1.0,0.7904685741366035,0.735754366055104,0.054714208081499516,false,0.851994851994852
295,141.47457627118644,319.0,55,25.433782878036222,151,279,131,255,15.883979656951315,-0.5780281219995588,76.42640687119285,266.6508474576271,0.6346656533280611,1.0,0.7987238285144568,0.7754210822710288,0.023302746243427985,false,0.9247648902821317
247,157.29554655870444,260.0,58,25.39379408890747,164,268,149,243,13.350776201386237,-0.0157879773619001,70.18376618407356,254.99595141700405,0.630134819614684,1.0,0.8059855521155832,0.7399246235327325,0.06606092858285073,false,0.95
123,170.73170731707316,142.0,63,20.836160833005298,178,44,165,26,8.845181888616857,-0.4778834752768783,54.941125496954285,33.959349593495936,0.512058844218963,1.0,0.8250916626813325,0.797277447564392,0.02781421511694049,false,0.8661971830985915
143,173.94405594405595,159.0,65,19.777672535190188,180,170,167,152,10.35931364516286,0.38080000194940794,53.112698372208094,160.53846153846155,0.6370142816258557,1.0,0.8254490607431785,0.7990899313311823,0.02635912941199614,false,0.89937106918239
117,179.63247863247864,138.0,67,21.119340496200515,187,63,172,47,8.393591703770088,-0.7251078618451027,56.112698372208094,55.111111111111114,0.4669532670141698,1.0,0.8318417965476789,0.8215333773959022,0.010308419151776715,false,0.8478260869565217
220,191.44545454545454,239.0,68,27.42526785906058,202,88,182,67,11.368397775533088,-0.6295670764460457,72.18376618407356,76.73636363636363,0.5305831694000703,1.0,0.8347237076648842,0.797824987354578,0.03689872031030628,false,0.9205020920502092
134,200.8134328358209,139.0,72,17.401536624440755,207,374,196,358,10.142780005518595,-0.27417318638436483,46.384776310850235,365.46268656716416,0.7826430432683803,1.0,0.7868305531167689,0.7354183778774669,0.05141217523930197,false,0.9640287769784173
205,205.18048780487806,221.0,73,19.92787203132193,213,358,197,339,14.509718569290348,-0.11390167573274142,61.35533905932738,347.5121951219512,0.684319639641776,1.0,0.7985652797704447,0.726456170703576,0.07210910906686863,false,0.9276018099547512
237,215.62447257383965,242.0,75,28.658190627038415,225,336,205,313,10.77326811654229,-0.7291145527719292,67.84062043356595,324.662447257384,0.6471107102768295,1.0,0.8076942169272773,0.7253648262374005,0.08232939068987677,false,0.9793388429752066
256,230.41015625,283.0,79,24.312563220069684,242,91,221,71,14.841467000165105,-0.7943269849315029,69.59797974644665,79.9921875,0.664135297394223,1.0,0.8341911764705887,0.8224477279063287,0.011743448564260017,false,0.9045936395759717
113,227.23008849557522,113.0,81,16.74003401628218,232,355,223,339,8.63484315788189,-0.2780506709564283,41.798989873223334,347.05309734513276,0.8127495435817085,1.0,0.8052056220718373,0.7638480392156868,0.04135758285615054,false,1.0
150,228.38,163.0,82,19.22061711835881,235,180,224,161,10.766303906711647,-0.03341515673788622,53.45584412271571,170.81333333333333,0.6596457053509106,1.0,0.8277908496732025,0.7718247411324083,0.0559661085407942,false,0.9202453987730062
102,231.6078431372549,104.0,83,14.98387669084798,236,304,227,290,8.800851590473387,0.2389957025240078,39.38477631085023,296.7156862745098,0.8263295228662678,1.0,0.8053056516724334,0.7430515375549126,0.0622541141175208,false,0.9807692307692307
110,234.20909090909092,110.0,84,14.22689081326465,239,291,229,277,9.971440586706752,-0.24186277741693837,39.798989873223334,284.0272727272727,0.8726868867141323,1.0,0.8197504456327984,0.7254717271523996,0.09427871848039882,false,1.0
152,235.57894736842104,159.0,85,21.06505487639798,242,338,230,318,9.842824370382608,-0.22960406523860727,53.698484809834994,327.85526315789474,0.6624138265232763,1.0,0.8165376676986582,0.7484415988617671,0.06809606883689112,false,0.9559748427672956
132,241.67424242424244,133.0,86,15.011836253605336,248,24,235,12,11.345770077407444,1.1480386567170497,43.21320343559643,17.727272727272727,0.8882820187597278,1.0,0.8304812834224597,0.8427556968733442,-0.012274413450884425,false,0.9924812030075187
132,243.4318181818182,149.0,87,19.414655005847738,252,52,235,42,9.494597817521903,1.463216791964339,50.87005768508881,46.67424242424242,0.6410019268538284,1.0,0.8350267379679142,0.8658988750394829,-0.030872137071568773,false,0.8859060402684564
126,245.53968253968253,128.0,88,16.237760355264147,251,77,239,62,10.193321133834576,-0.5511933170421033,44.04163056034262,69.46031746031746,0.8163072055490747,1.0,0.830532212885154,0.8389579305900765,-0.008425717704922508,false,0.984375
357,249.80672268907563,405.0,89,24.96933761194168,262,320,239,296,20.687564219532145,-0.42037342467969585,88.3259018078045,306.96918767507003,0.5750451164603405,1.0,0.8198824627890374,0.7803997274585514,0.039482735330486074,false,0.8814814814814815
100,255.09,100.0,92,13.960689842662292,260,129,251,116,9.19147099853913,-0.3293047016726962,36.970562748477136,122.02,0.9193856936786339,1.0,0.8375686274509804,0.7974100258539822,0.040158601596998134,false,1.0
657,265.9741248097412,760.0,94,36.13558321134703,281,101,252,65,25.453928474244268,-0.43522841621543606,124.36143571373725,80.89345509893455,0.5338309866970363,1.0,0.8406840361715469,0.8141670526478313,0.026516983523715565,false,0.8644736842105263
2524,281.8866877971474,2827.0,96,78.28543872612552,311,309,253,231,43.35874258053976,-0.4761696917652153,246.10764773832472,270.0578446909667,0.5236595106676832,1.0,0.8228022746341013,0.7730454578835283,0.049756816750572974,false,0.8928192430137956
226,265.7300884955752,237.0,98,20.131324289584807,274,67,257,49,14.922885262758145,-0.5969980017863344,61.941125496954285,58.2787610619469,0.7402188124140174,1.0,0.8375845913586675,0.8368983957219253,0.0006861956367422151,false,0.9535864978902954
163,276.7361963190184,164.0,101,21.149241615487117,282,134,272,114,10.006081945211847,-0.03220465293193068,52.62741699796952,124.19018404907976,0.7395599058505501,1.0,0.8396487429327558,0.8711376669757224,-0.03148892404296655,false,0.9939024390243902
153,281.1830065359477,173.0,102,19.176967130956957,290,149,272,135,11.905156896951338,-1.2765509601779539,56.76955262170047,141.88888888888889,0.5965822824611008,1.0,0.8352172241445597,0.8074624383212289,0.027754785823330796,false,0.884393063583815
172,280.7732558139535,175.0,103,16.51760011096941,288,40,274,25,13.480456203182664,0.6604886413389631,50.04163056034261,32.93604651162791,0.863128399155374,1.0,0.8463520291837662,0.8653129196884233,-0.018960890504657102,false,0.9828571428571429
598,288.1521739130435,625.0,105,44.86876476078736,301,100,276,59,17.291397438270707,-0.39145394610666345,111.74011537017762,79.83779264214047,0.6018563086488017,1.0,0.8374713095940722,0.8679888188365874,-0.030517509242515173,false,0.9568
130,286.67692307692306,133.0,107,13.999002468482658,293,24,279,12,12.372502473686598,1.1748430886743713,44.62741699796952,17.23846153846154,0.8202565640446408,1.0,0.8403016591251884,0.8486060775020909,-0.008304418376902545,false,0.9774436090225563
572,297.5769230769231,617.0,108,42.219392593154296,309,397,286,358,17.998968350433476,-0.3681638090898269,110.70458146424487,378.6136363636364,0.5865090315280292,1.0,0.821596051007816,0.7809085199916269,0.04068753101618905,false,0.9270664505672609
349,305.6532951289398,444.0,110,40.89408514077027,320,318,296,286,15.339064740856019,-0.54767844626467,102.25483399593904,299.3266475644699,0.41943782721873246,1.0,0.826585763245126,0.7861762569951727,0.04040950624995332,false,0.786036036036036
2693,339.81062012625324,3495.0,113,81.62648304569946,377,386,304,316,51.685010053945796,-0.9653355509444751,362.57568516986015,349.03341997772003,0.2574238994758821,1.0,0.8308555951158783,0.8514412936489336,-0.020585698533055363,false,0.7705293276108727
203,315.62068965517244,217.0,115,26.46504381589063,322,115,310,91,10.360556179182755,-0.19267794379876454,63.4558441227157,102.94581280788178,0.6335233851264369,1.0,0.843098618757848,0.8419435781625267,0.0011550405953212328,false,0.9354838709677419
140,318.6142857142857,142.0,118,18.651315585364802,325,58,313,42,9.703873537356388,-0.4296693148338774,46.62741699796952,49.95,0.8091987148532883,1.0,0.8449019607843136,0.8143723985757985,0.030529562208515104,false,0.9859154929577465
487,327.864476386037,523.0,119,38.39735683098074,341,90,315,55,16.899055876727385,-0.5710351651190674,105.18986283848345,72.5400410677618,0.5530839395443695,1.0,0.8503522969762859,0.8577085736255288,-0.007356276649242877,false,0.9311663479923518
647,336.5579598145286,819.0,121,38.1565761756297,354,306,320,276,26.406758434007926,1.154491320374931,139.78174593052023,292.57496136012367,0.41611485811476784,1.0,0.8336636663939151,0.8400389643036704,-0.006375297909755329,false,0.78998778998779
209,329.3205741626794,217.0,122,19.375420784834287,337,323,322,305,13.99583106233451,-0.5149574673661134,57.248737341529164,314.1961722488038,0.8013538452343008,1.0,0.829571254339056,0.7987943826179122,0.03077687172114374,false,0.9631336405529954
433,337.98152424942265,470.0,123,30.672997136650352,350,205,326,178,19.103021483571226,-0.4710622493476757,90.9116882454314,191.64434180138568,0.6583522358926003,1.0,0.849359235611104,0.8091400095949987,0.04021922601610539,false,0.9212765957446809
228,338.719298245614,250.0,125,21.788408835693943,349,258,329,240,14.314615170358017,1.0067513008092792,65.59797974644667,248.59649122807016,0.6658306487507114,1.0,0.8328001375988991,0.8278786224466586,0.0049215151522405964,false,0.912
179,339.77653631284915,184.0,126,17.42373320165348,347,240,333,223,13.284969807552821,-0.4067698519156921,53.112698372208094,232.03351955307264,0.7973815133638334,1.0,0.8324022346368715,0.8397069789884637,-0.0073047443515922295,false,0.9728260869565217
240,346.18333333333334,261.0,127,23.16118133469742,356,61,334,44,14.400905112879272,1.1862327069815424,72.01219330881976,52.7625,0.581579417944944,1.0,0.8448529411764707,0.8460999446800667,-0.001247003503595967,false,0.9195402298850575
317,345.5236593059937,339.0,128,24.378703290208346,357,222,334,204,17.665420102195547,1.4509661625568115,79.11269837220809,211.97160883280756,0.6364682309742212,1.0,0.8410713181171527,0.8510156158271698,-0.009944297710017036,false,0.9351032448377581
179,352.10614525139664,193.0,132,21.116532354458837,359,154,344,136,11.255462055131511,-0.6104979858379952,57.87005768508881,144.9217877094972,0.6716686288090837,1.0,0.8422828349216781,0.8267009328003049,0.015581902121373226,false,0.927461139896373
126,355.0238095238095,130.0,133,14.779184092601191,360,50,350,36,11.112675887364553,-0.024054632702773884,43.21320343559643,42.32539682539682,0.8479055633615584,1.0,0.8478057889822593,0.8428964109008087,0.004909378081450644,false,0.9692307692307692
277,367.09386281588445,298.0,135,24.94162944120336,376,221,357,198,15.340152346675865,-0.517995182974447,71.84062043356595,210.4404332129964,0.6744495735186842,1.0,0.833354569264529,0.8450306372549022,-0.01167606799037324,false,0.9295302013422819
899,376.2402669632925,1030.0,136,48.547860162079786,393,183,362,134,26.04651101490491,0.1504745437281219,149.53910524340094,160.27363737486095,0.5051961128167582,1.0,0.8345045693472048,0.8437381598793364,-0.009233590532131575,false,0.8728155339805825
185,371.8,189.0,137,20.744402477162186,378,239,367,219,11.56639011025164,0.01481764849872636,54.04163056034262,229.07567567567568,0.7960213279029917,1.0,0.8373714891361946,0.8396061814556335,-0.002234692319438847,false,0.9788359788359788
270,382.9925925925926,287.0,139,20.348902313054477,392,314,374,294,17.861837737368973,0.16659243558788764,74.56244584051393,304.6222222222222,0.6102859012629726,1.0,0.834495279593319,0.8680252736495504,-0.03352999405623136,false,0.9407665505226481
380,384.60526315789474,417.0,140,28.53322883666769,395,295,375,266,18.466542451268293,-0.012394665824215256,85.59797974644665,279.9315789473684,0.6517280770014626,1.0,0.8414241486068115,0.8549912564646356,-0.013567107857824112,false,0.9112709832134293
121,385.55371900826447,123.0,141,18.44726432211277,392,240,379,225,8.493153431079888,-0.6457098413900958,44.87005768508881,232.87603305785123,0.7552347743871807,1.0,0.8435909901150542,0.8686052952254348,-0.025014305110380608,false,0.983739837398374
150,389.36,154.0,143,17.27136305497874,395,125,383,108,11.453656204257994,-0.32600287915507475,49.45584412271572,115.91333333333333,0.7706654427174171,1.0,0.8435032679738561,0.8506067048944436,-0.007103436920587458,false,0.974025974025974
289,36.951557093425606,332.0,7,28.811541826134434,52,239,24,221,15.006922053133012,1.1803832116707134,80.42640687119285,231.8719723183391,0.5614490787646101,1.0,0.7985209308636949,0.7423300354624612,0.056190895401233676,false,0.8704819277108434
119,38.563025210084035,125.0,11,18.122948938635687,47,272,31,262,8.817425095134857,1.3765032938419612,45.21320343559643,267.5042016806723,0.7315201073276381,1.0,0.7776898994892074,0.7405960053018877,0.037093894187319676,false,0.952
165,54.67878787878788,172.0,15,21.037182713293035,64,297,44,285,10.388134763028157,-1.2594046380683412,56.526911934581186,291.08484848484846,0.6489082371070772,1.0,0.77825311942959,0.7752248032971153,0.0030283161324746732,false,0.9593023255813954
361,60.232686980609415,419.0,16,33.301950100602596,76,264,47,242,16.303961811863243,1.0886835378104414,101.1543289325507,253.82825484764544,0.4433514359003433,1.0,0.789126065938841,0.7763772175536886,0.012748848385152445,false,0.8615751789976134
126,95.0079365079365,126.0,28,14.459210193014899,102,337,88,325,11.301298528485166,1.0306479196590592,42.62741699796952,330.45238095238096,0.8713695396108632,1.0,0.7669779022720198,0.7949784791965568,-0.028000576924537057,false,1.0
290,105.98965517241379,373.0,30,30.30206538957913,120,365,94,342,15.362827283373017,0.9308089330198218,100.81118318204308,353.27241379310345,0.3585836124482293,1.0,0.7684246112238,0.7679557537300638,0.0004688574937362633,false,0.7774798927613941
158,114.31012658227849,191.0,35,27.55409160481709,127,143,104,128,8.7543545658211,-1.161493272715728,73.42640687119285,136.1012658227848,0.3682666557794045,1.0,0.8052866716306774,0.7976497448294388,0.007636926801238508,false,0.8272251308900523
230,125.13913043478261,286.0,36,30.938090423083086,139,341,110,326,11.987350197347752,1.525756602509051,87.84062043356595,334.12608695652176,0.37458200575131,1.0,0.7740835464620632,0.7537456008044248,0.020337945657638468,false,0.8041958041958042
247,124.23076923076923,342.0,37,29.906126394676274,136,110,112,90,14.65243347784309,-1.1101852315928418,98.5685424949238,100.29554655870446,0.31947004847743826,1.0,0.8234341509883307,0.8300755519881767,-0.006641400999846003,false,0.7222222222222222
114,155.5438596491228,117.0,59,13.830711997096586,161,91,148,80,11.031270878803463,-1.2954717741925141,41.79898987322333,85.94736842105263,0.8199420174187149,1.0,0.8188510491916063,0.848128995187819,-0.029277945996212695,false,0.9743589743589743
107,158.74766355140187,107.0,61,13.408394138463162,165,136,153,124,10.496392922470514,0.7824670586485661,39.21320343559643,130.02803738317758,0.8744379486543448,1.0,0.814110317024006,0.8165697457690303,-0.0024594287450242502,false,1.0
120,171.50833333333333,125.0,65,13.584316455795792,177,37,165,24,11.837309744378208,-0.6719443583208283,43.38477631085023,30.775,0.801154700068421,1.0,0.8051960784313725,0.8369985104876322,-0.031802432056259655,false,0.96
148,172.63513513513513,154.0,66,16.55784123223364,180,161,165,148,11.769520145949379,0.7484107427278579,48.21320343559643,153.9189189189189,0.8000914008692208,1.0,0.8228139904610491,0.7369416085993631,0.085872381861686,false,0.961038961038961
186,179.9516129032258,192.0,71,26.457272011378905,194,400,168,391,9.49402293235256,1.4177403115720293,63.00609665440987,396.247311827957,0.5887862482930655,1.0,0.770461733080329,0.808860275744481,-0.0383985426641521,false,0.96875
208,182.73557692307693,219.0,73,23.16701455956049,194,48,171,35,12.045243174908277,-1.424096713892208,62.526911934581186,41.26923076923077,0.6685582282672818,1.0,0.7990950226244344,0.7966421351149159,0.002452887509518553,false,0.9497716894977168
612,191.31372549019608,794.0,75,37.99077100259324,209,345,178,308,27.829590407671244,0.38721048476964987,147.88225099390857,328.0947712418301,0.35166502783207726,1.0,0.7735934896834556,0.7686164600369297,0.00497702964652591,false,0.7707808564231738
115,186.56521739130434,137.0,76,17.845736929664586,193,298,179,284,9.901770597263662,-0.6859038424291006,50.8700576850888,292.0695652173913,0.558448648395381,1.0,0.7752770673486786,0.6887923767637898,0.08648469058488883,false,0.8394160583941606
3311,225.40803382663847,4150.0,77,94.20610633381526,275,197,180,135,51.4379480271027,1.3803124953403203,367.16147160748704,171.410752038659,0.3086418695896832,1.0,0.7829279703424712,0.7225156845650207,0.0604122857774505,false,0.7978313253012048
105,199.33333333333334,120.0,80,17.057131131197536,206,12,192,1,9.260686222908301,1.009095662804477,50.42031021678298,5.2,0.519024831710273,1.0,0.7579084967320261,0.7615293614236455,-0.0036208646916193743,false,0.875
115,201.8695652173913,118.0,81,14.60329889196167,209,323,195,312,10.364651731601969,-1.3175857323959195,42.384776310850235,318.03478260869565,0.8044293606792463,1.0,0.7749360613810741,0.7073442394709366,0.06759182191013746,false,0.9745762711864406
311,207.12861736334406,324.0,82,25.614771743943564,219,391,195,373,15.970333430908926,1.164713347707745,74.76955262170047,382.5755627009646,0.6990700382024997,1.0,0.7707710737027932,0.776074914270641,-0.005303840567847828,false,0.9598765432098766
134,213.8955223880597,154.0,91,19.194965050481116,220,268,208,250,10.430164698890588,-0.1898396139696838,53.11269837220809,258.85820895522386,0.5969224736913614,1.0,0.7771144278606963,0.7436720142602499,0.03344241360044642,false,0.8701298701298701
109,225.3394495412844,114.0,98,13.962958832092314,231,392,220,379,10.548711901430378,0.5668172480246922,41.79898987322333,385.61467889908255,0.7839796482336835,1.0,0.7786652275589133,0.7835411838281282,-0.004875956269214887,false,0.956140350877193
128,229.8671875,135.0,100,15.94881289666778,237,67,223,54,10.757701456379216,0.8399391648080169,46.87005768508881,60.25,0.7321985384015228,1.0,0.6949448529411764,0.7213294353886137,-0.026384582447437355,false,0.9481481481481482
163,237.17177914110428,200.0,101,25.70474053791323,249,367,225,355,10.348859875749403,-1.4399360670355308,67.59797974644665,360.80981595092027,0.4482600498254159,1.0,0.7846505473354985,0.7798580240532069,0.0047925232822916275,false,0.815
267,242.9625468164794,286.0,105,20.675056055000688,254,251,234,234,17.290858646520828,-0.9479714989143466,67.94112549695429,242.5131086142322,0.7268681701710393,1.0,0.7678196372181832,0.7682373944221916,-0.00041775720400838434,false,0.9335664335664335
133,252.87218045112783,140.0,111,18.59079606399061,262,296,244,286,9.463512067586171,-1.4365676660408286,50.2842712474619,290.57142857142856,0.6609934929010168,1.0,0.7774436090225564,0.748024868483979,0.029418740538577404,false,0.95
119,257.6386554621849,126.0,112,18.185484363096297,266,279,249,269,8.75043599438076,1.3480930072629782,47.45584412271571,274.0504201680672,0.6640142808185849,1.0,0.7863239413412422,0.8027308808719864,-0.016406939530744236,false,0.9444444444444444
255,271.17254901960786,271.0,118,23.853929574362514,281,369,262,346,14.684631758216659,-0.6830744284142676,69.76955262170047,356.89019607843136,0.6582913797161647,1.0,0.7828681276432142,0.7836518412242947,-0.0007837135810804252,false,0.940959409594096
242,278.05785123966945,252.0,122,22.505449501980912,290,382,269,366,14.49986972772277,1.1609171017559248,64.5269119345812,374.8801652892562,0.7303709092384998,1.0,0.7786258304974885,0.8271340231813807,-0.04850819268389228,false,0.9603174603174603
183,283.6775956284153,185.0,124,17.552410991632936,292,274,275,259,13.409624576031586,0.9091955931700059,51.698484809834994,266.74863387978144,0.8604097517738156,1.0,0.7742633665488051,0.7925079289091017,-0.01824456236029659,false,0.9891891891891892
139,283.9712230215827,140.0,125,17.24063412465848,292,244,276,232,10.491676236036428,-1.1312841928263953,46.04163056034262,238.4748201438849,0.8239925266710921,1.0,0.7665114966850048,0.7612591475336574,0.005252349151347424,false,0.9928571428571429
107,292.3457943925234,108.0,127,14.315407756329332,298,391,287,377,9.840451977811382,0.3660750613253553,40.62741699796952,384.0373831775701,0.814620281160905,1.0,0.7911306578706248,0.8128612582473752,-0.021730600376750453,false,0.9907407407407407
124,298.1532258064516,127.0,128,15.628900199069841,304,247,293,233,10.268290546256111,0.43970182157312176,42.62741699796952,240.34677419354838,0.8575382770773573,1.0,0.7676470588235292,0.7203715674303912,0.047275491393138025,false,0.9763779527559056
672,332.8764880952381,881.0,130,34.69423955064027,353,400,315,364,31.17525821404756,-1.0111006165341054,156.81727983645297,378.0952380952381,0.34339289452491384,1.0,0.7798085901027082,0.815222907577353,-0.03541431747464485,false,0.7627695800227015
102,331.12745098039215,109.0,132,14.545805749963039,336,294,326,281,9.441929006197999,-0.12947830385323597,42.62741699796952,287.22549019607845,0.7053943892087939,1.0,0.7831218762014609,0.7728463897407308,0.010275486460730066,false,0.9357798165137615
125,390.256,127.0,137,15.376873931438212,397,353,383,341,10.570346640326227,-1.1406321497356136,42.62741699796952,347.072,0.8644539083441102,1.0,0.7859450980392156,0.7874320812662413,-0.0014869832270256733,false,0.984251968503937
105,39.23809523809524,105.0,12,14.338633572830753,46,164,32,155,9.415554022938608,-1.4969379781520529,38.384776310850235,160.21904761904761,0.8955320533051832,0.0,0.7085714285714285,0.2779199999999999,0.43065142857142863,true,1.0
236,51.19491525423729,236.0,16,18.561457953017932,60,69,42,53,16.341743226400137,-1.4736536415427386,56.284271247461895,60.57203389830509,0.9361550239297058,0.0,0.7407444333665667,0.46855408830198736,0.27219034506457934,true,1.0
111,58.810810810810814,124.0,18,16.055021650077276,65,303,51,292,10.002958752320037,-1.2524103572009928,48.04163056034261,298.22522522522524,0.6043622987938981,0.0,0.7411764705882354,0.37692560993863194,0.3642508606496035,true,0.8951612903225806
191,71.05759162303664,193.0,20,20.429417971794848,79,397,62,380,12.349462530821638,0.8224228524465085,55.11269837220809,388.13612565445027,0.7902051962581881,0.0,0.7214659685863877,0.6407337128399748,0.08073225574641285,true,0.9896373056994818
110,71.60909090909091,111.0,21,13.299930156090454,77,67,66,54,10.797327033403045,0.04074118621695366,39.21320343559643,59.92727272727273,0.8989549004857751,0.0,0.7475935828877004,0.3003060952887942,0.4472874875989062,true,0.990990990990991
325,110.75076923076924,338.0,33,28.644279240922398,119,67,103,38,14.856678231348942,0.07106282321936969,77.94112549695429,52.64,0.672294996816521,0.0,0.7431915535444948,0.4031851916024141,0.3400063619420807,true,0.9615384615384616
158,117.5632911392405,160.0,37,16.193073205224284,126,396,110,384,12.501897414989692,-1.548666231375634,46.62741699796952,390.11392405063293,0.9132385496201397,0.0,0.7443782576321669,0.541320754716981,0.20305750291518587,true,0.9875
123,126.55284552845528,131.0,43,19.65692799782064,135,9,118,1,8.476368310463604,-1.5695657545406,47.55634918610405,4.073170731707317,0.6834361722561088,0.0,0.7117168818747011,0.5391743195168361,0.17254256235786491,true,0.9389312977099237
153,130.52287581699346,154.0,44,14.506812898162782,137,61,123,47,13.629668089104197,0.7504745015199019,45.45584412271571,53.65359477124183,0.9305117052338827,0.0,0.7592720748430091,0.45822698156569364,0.30104509327731543,true,0.9935064935064936
107,135.74766355140187,109.0,45,15.132338931266595,141,27,131,13,9.252846366363569,-0.40898874380268285,41.21320343559643,19.598130841121495,0.7916275427593311,0.0,0.7049660985889685,0.48499458679177226,0.21997151179719626,true,0.981651376146789
101,140.88118811881188,101.0,47,14.28450189401999,147,130,134,120,9.108849604459028,-1.04659409583725,37.798989873223334,125.48514851485149,0.8883228832058928,0.0,0.724286546301689,0.39232144835335253,0.33196509794833645,true,1.0
125,159.048,125.0,52,14.821216013965945,166,84,152,74,10.812403426961069,1.3747973920869652,40.97056274847714,78.608,0.9357848688414012,0.0,0.7435607843137255,0.3664162532482872,0.3771445310654383,true,1.0
325,185.31384615384616,336.0,59,24.828475290410694,199,274,174,255,17.261194102786103,-1.1815490239951172,72.76955262170047,264.0246153846154,0.7712475814107607,0.0,0.7210980392156859,0.3889095287237702,0.3321885104919157,true,0.9672619047619048
126,199.68253968253967,134.0,66,14.55000079935981,205,48,194,34,11.505699675063369,0.19223267543616793,46.04163056034261,40.92857142857143,0.7469284774140839,0.0,0.709181450357921,0.5194502656074858,0.18973118475043527,true,0.9402985074626866
240,213.14583333333334,241.0,70,19.383551284958248,221,83,205,65,15.86918382081918,-0.36147706754127656,57.45584412271571,74.05,0.913592838685127,0.0,0.7235130718954248,0.49989738469645295,0.22361568719897185,true,0.995850622406639
179,259.6480446927374,200.0,80,21.76037776132826,266,40,253,18,11.815008018473275,0.03700879142311438,68.18376618407356,29.93854748603352,0.4838390566067249,0.0,0.7017855186767445,0.4876108815160996,0.21417463716064494,true,0.895
283,298.0742049469965,295.0,85,24.2778758544617,307,232,287,213,15.538558811774474,0.842634850223903,69.11269837220809,221.46643109540636,0.744527254850565,0.0,0.6993417861844383,0.42210758649009333,0.277234199694345,true,0.9593220338983051
117,294.6837606837607,117.0,86,14.542280713158897,300,194,289,181,10.284827580041915,0.5823467977739026,39.79898987322333,187.64957264957266,0.9282215067777592,0.0,0.6942517177811296,0.5632387220622515,0.13101299571887814,true,1.0
132,305.6666666666667,137.0,90,14.457897303105005,312,395,299,382,11.963115370009453,0.8867297411731633,43.21320343559643,388.030303030303,0.8882820187597278,0.0,0.7376411170528818,0.4714265155603525,0.26621460149252935,true,0.9635036496350365
161,310.27329192546586,181.0,91,16.521516741955082,318,105,301,90,14.654445305499005,-1.5029746802480806,60.76955262170047,98.62732919254658,0.547852517650762,0.0,0.6963341858482524,0.49905366168405196,0.1972805241642004,true,0.8895027624309392
179,313.5921787709497,185.0,94,16.2264341419476,321,148,306,132,14.62704213583774,0.26424482123283255,54.87005768508881,138.98882681564245,0.7471229229189599,0.0,0.7032314601818382,0.4060297275674765,0.2972017326143617,true,0.9675675675675676
175,329.9142857142857,182.0,100,17.11406890719055,338,109,321,95,13.444462653902482,-1.5152166404103289,52.2842712474619,102.33142857142857,0.8044624819688043,0.0,0.7093109243697479,0.6072572455276933,0.10205367884205452,true,0.9615384615384616
431,375.1090487238979,496.0,108,31.652182601671605,392,226,358,204,20.350006292521705,-1.3639553268232945,106.5685424949238,213.34338747099767,0.4769019321552787,0.0,0.7029707474637183,0.48356431577866754,0.2194064316850508,true,0.8689516129032258
283,374.3356890459364,295.0,109,24.39926014350395,385,123,362,105,15.360654691796066,-1.1139890032355684,71.59797974644665,114.37102473498233,0.6937368487478558,0.0,0.7278181944155754,0.4306501547987615,0.2971680396168139,true,0.9593220338983051
136,369.2132352941176,137.0,110,15.735927637034825,376,147,362,134,11.357929112313684,-0.9895605483886384,44.62741699796952,141.26470588235293,0.8581145593082397,0.0,0.7105824682814303,0.4915285684166141,0.21905389986481627,true,0.9927007299270073
271,383.2878228782288,287.0,113,24.67165682843923,394,98,371,82,14.844173159491646,1.2016916943575229,69.94112549695427,88.61254612546125,0.6961677832547338,0.0,0.7215541567180375,0.43060461782624265,0.2909495388917948,true,0.9442508710801394
160,393.375,161.0,115,17.9395875770359,399,167,388,149,11.480361386553097,-0.06291914038805396,49.45584412271571,158.0875,0.8220431388985786,0.0,0.712720588235294,0.6298627450980394,0.08285784313725464,true,0.9937888198757764
121,393.60330578512395,133.0,116,15.994133049839364,400,324,388,309,11.048632436192246,-0.42214892300446266,50.2842712474619,316.0413223140496,0.6013549822633312,0.0,0.7209204342894181,0.490631246046806,0.23028918824261208,true,0.9097744360902256
107,394.76635514018693,116.0,117,18.263183433063446,400,348,388,333,8.107455048923729,-0.7463210416498293,44.62741699796952,341.0093457943925,0.675134248867512,0.0,0.709657320872274,0.5484264880329357,0.16123083283933826,false,0.9224137931034483
258,395.06976744186045,258.0,118,26.485907043496514,400,388,389,363,12.815395586662122,-0.07486424378166762,65.55634918610404,376.12015503875966,0.75439716958391,0.0,0.7148654810761512,0.34549115489716664,0.3693743261789846,true,1.0
1081,16.21276595744681,1259.0,3,48.740102232069226,33,119,1,70,31.13171516799677,-0.06922258278165971,168.36753236814715,96.76780758556892,0.4792022674255756,1.0,0.7122671455261106,0.648745837957825,0.06352130756828556,false,0.8586179507545671
159,7.89937106918239,177.0,4,20.163749731401925,18,282,1,269,11.997580016404408,-1.2484245367620062,58.384776310850235,274.2327044025157,0.5861486203033411,0.0,0.6697496608706377,0.4891019937386719,0.18064766713196578,false,0.8983050847457628
106,23.471698113207548,106.0,7,12.482397833314057,29,287,17,276,10.881231891887237,1.2290979631537489,37.21320343559643,281.91509433962267,0.9618815953393657,0.0,0.6767665556788751,0.5867197120394052,0.09004684363946991,true,1.0
187,27.925133689839573,190.0,8,18.30992476573457,34,71,21,52,13.143664649649626,0.0915315161894958,53.698484809834994,61.3475935828877,0.8149433260516624,1.0,0.7129915067631332,0.6578735282861712,0.05511797847696198,false,0.9842105263157894
398,48.37688442211055,463.0,15,34.74934205510537,61,319,37,286,17.594422539628805,0.44316723443726597,114.22539674441619,303.0150753768844,0.3833253895768758,0.0,0.6710316287318945,0.6072843386718556,0.06374729006003887,false,0.8596112311015118
353,60.02549575070822,360.0,19,27.256414128340282,73,80,48,61,16.68812937758949,-1.1976414398439286,75.35533905932736,70.47308781869688,0.7811897078924056,1.0,0.7152807865355771,0.6427639099920415,0.07251687654353567,false,0.9805555555555555
235,65.17446808510638,254.0,21,24.05987339095468,74,300,55,281,13.225237300184013,0.745621719401294,65.94112549695429,290.21276595744683,0.679148921394724,0.0,0.6756278681685439,0.6118184260005372,0.06380944216800677,false,0.9251968503937008
295,68.43728813559322,328.0,22,24.829107344318473,81,283,56,264,17.236303211314866,1.3693123267580194,79.25483399593904,272.4677966101695,0.5901743884724322,0.0,0.6686340977068793,0.5917298584014336,0.07690423930544577,false,0.899390243902439
308,78.98701298701299,340.0,23,24.482588937266154,92,316,67,296,17.453164718160195,-1.3885251524332407,81.25483399593904,306.11038961038963,0.5862220714896232,0.0,0.6751846193022663,0.5828419946067007,0.09234262469556553,false,0.9058823529411765
412,83.22087378640776,501.0,24,35.740787194132736,98,265,70,233,19.839342834100886,-0.5815713865234821,113.29646455628166,246.873786407767,0.40334285163750583,0.0,0.6651627641347797,0.519145213097464,0.14601755103731573,false,0.8223552894211577
130,77.0,132.0,25,15.853222076905645,85,341,70,330,10.787998512721854,-1.410266043141142,43.798989873223334,335.76153846153846,0.8515791647240907,0.0,0.7032277526395173,0.518133596722271,0.18509415591724632,true,0.9848484848484849
437,100.35926773455378,463.0,28,35.53650144236363,113,85,86,56,16.28502939841465,-0.7634162670991471,94.32590180780451,72.16475972540046,0.6172049053148829,1.0,0.7138690716561223,0.6317894086768568,0.0820796629792655,false,0.9438444924406048
620,108.5758064516129,689.0,30,45.09961896323348,129,108,87,87,18.794076019017616,1.362501566916606,129.7401153701776,96.43387096774194,0.46286356282637314,1.0,0.7078937381404176,0.6619940971917833,0.0458996409486343,false,0.8998548621190131
217,112.11981566820276,229.0,32,19.56421421557402,121,287,103,270,15.25864143663805,-0.9312789410217412,61.941125496954285,278.99078341013825,0.710741072096645,0.0,0.6850275594108611,0.5533549199496313,0.13167263946122987,false,0.9475982532751092
140,134.85714285714286,148.0,38,15.89845205514388,143,104,127,91,11.90177648398679,-1.0695077164640487,51.2842712474619,96.41428571428571,0.6689128248318709,1.0,0.7023809523809523,0.6717098530435136,0.030671099337438723,false,0.9459459459459459
166,136.72289156626505,182.0,39,19.086989776887076,144,287,127,273,12.279174493261358,1.3718951871538496,56.2842712474619,279.9156626506024,0.6584819236115727,0.0,0.6812898653437278,0.6064981949458483,0.07479167039787948,false,0.9120879120879121
276,158.55434782608697,301.0,43,26.734275024091822,170,104,148,82,13.872715737727445,-0.7371290324631455,76.01219330881975,92.8731884057971,0.6002779874193614,1.0,0.712901392441034,0.650087238285145,0.06281415415588898,false,0.9169435215946844
1019,165.07262021589793,1226.0,44,44.90316030759061,189,206,149,166,33.802138812821504,-0.42318535477139074,161.6812408671319,183.45240431795878,0.48985188180355393,1.0,0.7043545190401972,0.5923499331948265,0.11200458584537065,false,0.8311582381729201
145,178.94482758620688,147.0,51,15.881131234169676,187,77,172,65,11.879693856884796,-1.2566928330209404,46.627416997969526,70.64827586206897,0.8380986689551911,1.0,0.70631507775524,0.6364601461886532,0.06985493156658684,false,0.9863945578231292
817,187.1750305997552,960.0,52,48.20506391499498,201,301,174,254,23.54425377563124,0.05181982438174627,158.61017305526642,276.65361077111385,0.4081030519552999,0.0,0.6793721650226799,0.6112297138176422,0.0681424512050377,true,0.8510416666666667
1093,200.3769441903019,1262.0,53,41.45707750490166,219,333,176,291,37.93237437386805,-0.9444030320154111,170.8528137423857,313.77310155535224,0.4705283061739594,0.0,0.6956640295642504,0.6449715370018979,0.05069249256235253,false,0.8660855784469097
616,195.70616883116884,676.0,54,46.824478880719866,215,110,178,77,17.86084766615817,-0.9008903325627805,118.22539674441617,92.59415584415585,0.5538204854494829,1.0,0.7105551311433665,0.6602209209475649,0.05033421019580164,false,0.9112426035502958
334,205.22754491017963,358.0,56,33.583463755012986,220,77,190,59,13.359299131757668,-1.1884214911913902,87.59797974644665,67.67964071856288,0.5469758481112431,1.0,0.7163085593518842,0.638486755034309,0.07782180431757524,false,0.9329608938547486
176,206.6193181818182,180.0,60,16.89711616012998,215,354,199,339,13.562027177879923,-0.9931927850527889,51.42031021678297,347.22159090909093,0.8364753494833224,0.0,0.7066622103386808,0.5905732484076438,0.11608896193103702,true,0.9777777777777777
457,217.57549234135666,551.0,61,48.05346938202227,237,119,200,86,13.800492122187164,-0.9312986419807703,115.53910524340094,102.19912472647702,0.4301976802054972,1.0,0.7185137512335349,0.6623363351855401,0.056177416047994755,false,0.8294010889292196
189,209.2962962962963,216.0,62,20.265426041249476,217,250,202,230,13.604540066392317,0.17093208318377032,63.94112549695428,241.57671957671957,0.5809130264072421,0.0,0.6833281460732443,0.5907805993783359,0.09254754669490839,false,0.875
238,216.28151260504202,249.0,63,19.35613083979438,225,344,205,325,16.644694933108763,-0.8747693542282349,63.526911934581186,334.99159663865544,0.7410906462251132,0.0,0.6880705223265776,0.6291245160484576,0.05894600627811997,false,0.9558232931726908
176,214.625,178.0,64,16.928713056760753,221,268,208,251,13.516701356624404,-0.0366791552422444,50.87005768508881,259.15340909090907,0.8546692358051043,0.0,0.6844028520499109,0.6451679747196107,0.03923487733030018,true,0.9887640449438202
339,224.29793510324484,425.0,65,28.19361538016292,237,132,210,109,20.78097238563368,-1.1971863529144342,97.49747468305833,121.77876106194691,0.44814940914371015,1.0,0.7201804615651567,0.6480402509472641,0.07214021061789255,false,0.7976470588235294
1102,244.82758620689654,1251.0,67,46.82388823871064,271,340,222,304,32.48347973630101,-1.523705119915228,181.82337649086284,322.7459165154265,0.41888231175152724,0.0,0.6923205579872604,0.6638206739006284,0.028499884086632066,false,0.8808952837729817
163,233.30674846625766,163.0,69,17.3869687103602,240,196,225,183,12.114919192856743,0.9927196442940311,47.21320343559643,188.79754601226995,0.918904823957145,0.754601226993865,0.6884397930951522,0.6295833156111327,0.058856477484019565,true,1.0
541,247.4048059149723,579.0,74,33.71916111319891,261,97,233,68,21.30012088648543,-0.8453576867657097,102.32590180780451,81.86691312384472,0.6492858936306469,1.0,0.7310354825849011,0.6149325056655832,0.11610297691931792,false,0.9343696027633851
300,249.00333333333333,318.0,76,25.62977805263009,260,128,238,106,15.995965785702507,-0.7917695086496288,75.59797974644665,116.20666666666666,0.6596457053509107,1.0,0.7229803921568628,0.6530557240078163,0.06992466814904652,false,0.9433962264150944
105,256.2190476190476,105.0,78,12.95271326058972,262,372,251,360,10.443242958838663,-0.6039124622014234,37.21320343559643,366.04761904761904,0.9528072406663528,0.0,0.7023342670401495,0.6499761564139249,0.05235811062622453,false,1.0
138,260.8623188405797,151.0,79,18.43325987752232,268,259,255,242,10.424947892593908,0.43699336607290434,52.2842712474619,250.7536231884058,0.6343761286382572,0.0,0.6799374822392726,0.6381210325856964,0.041816449653576226,false,0.9139072847682119
779,282.0590500641849,845.0,80,40.910758441755846,301,400,260,373,25.769857284029957,1.1449921028563572,136.94722215136417,387.6585365853659,0.5219643800779836,0.0,0.7086712477031895,0.653949534173898,0.05472171352929145,false,0.9218934911242603
541,275.720887245841,586.0,81,29.15875844277916,289,90,262,65,24.817961445788605,-1.2624518159996772,102.91168824543142,76.6894639556377,0.6419152946818792,1.0,0.7240404479721649,0.6427274333156686,0.08131301465649632,false,0.9232081911262798
1029,286.8095238095238,1279.0,82,46.11984731457376,312,130,266,94,33.63404550477856,1.4475016507967062,190.89444430272832,112.36345966958211,0.3548449758963097,1.0,0.727647249375941,0.6562718890715464,0.07137536030439462,false,0.8045347928068803
102,272.88235294117646,102.0,83,13.846302414316213,278,353,268,340,9.498214981996714,0.4238680560874114,37.798989873223334,346.7156862745098,0.8971181592772383,0.0,0.7076893502499041,0.6334431372549022,0.07424621299500189,false,1.0
422,295.7464454976303,470.0,87,31.443106426250942,309,222,280,198,18.91211074948349,1.1754687389374632,96.5685424949238,209.11137440758293,0.5686577490975429,1.0,0.703233900195149,0.6149914229257598,0.08824247726938916,false,0.8978723404255319
152,290.3881578947368,168.0,88,18.168575240856256,299,318,282,304,12.077162740765297,1.2501933387261648,58.52691193458118,311.2631578947368,0.557624994590853,0.0,0.7014447884416924,0.6618841378586244,0.03956065058306801,false,0.9047619047619048
1842,324.98317046688385,2451.0,92,60.122715008110475,350,335,296,273,48.495388345348,0.6207947333020182,270.8355697996826,305.22366992399566,0.3155644614480405,0.0,0.7024951565859787,0.6542665874430583,0.0482285691429204,true,0.7515299877600979
173,318.0693641618497,175.0,95,15.346139371418818,325,189,311,175,14.508353835909798,1.0235595758582061,49.21320343559642,182.0693641618497,0.8976203628843795,1.0,0.7079678114020176,0.6405239317051542,0.06744387969686338,false,0.9885714285714285
256,322.87890625,273.0,98,19.68118407604446,332,129,314,113,17.125915726132835,1.5558085044917302,65.11269837220809,120.82421875,0.758784484992085,1.0,0.7214307598039216,0.6752812600450019,0.04614949975891969,false,0.9377289377289377
163,330.0122699386503,179.0,99,25.026161153590472,340,400,318,390,9.784156774899365,-1.4353595368876253,60.384776310850235,396.5766871165644,0.5617493062488467,0.0,0.7176951762300012,0.6823272259723564,0.03536795025764483,false,0.9106145251396648
509,339.9489194499018,593.0,104,31.85514403251312,354,377,327,342,23.389980092793923,0.19282359712536626,116.53910524340094,360.6974459724951,0.4709602871760104,0.0,0.7142416888169806,0.6883364163275377,0.025905272489442854,false,0.8583473861720068
606,345.43399339933995,663.0,105,36.65070917132704,360,149,332,115,22.55354003986196,0.5573950660919603,111.9827560572969,132.56105610561056,0.6072677032981676,1.0,0.7431113699605258,0.6647453188837887,0.07836605107673711,false,0.9140271493212669
237,356.36708860759495,255.0,110,25.07223357188181,365,285,348,262,12.866484844098423,0.39483784510176434,68.18376618407356,273.44303797468353,0.6406137229932614,0.0,0.7032514271531396,0.6599128540305015,0.04333857312263811,false,0.9294117647058824
221,362.1131221719457,263.0,111,27.726584961056204,373,334,350,315,12.705486928503637,-1.035279190163744,72.5269119345812,326.1764705882353,0.527963336742298,0.0,0.6914027149321268,0.6746121525533295,0.01679056237879728,false,0.8403041825095057
144,361.0416666666667,150.0,114,17.14483424053895,368,300,353,286,11.326858100108726,0.7905338204516738,50.04163056034261,292.9375,0.7226191248742666,0.0,0.6926470588235296,0.6710439105219553,0.021603148301574282,false,0.96
183,370.55737704918033,186.0,117,17.64241163186804,378,159,363,143,13.595355789509728,-0.8242646813510874,53.45584412271571,150.69398907103826,0.8047677605281109,1.0,0.7382620807885997,0.6524588110004387,0.085803269788161,false,0.9838709677419355
381,379.90551181102364,468.0,118,38.32269533895769,397,301,368,271,15.230501619979261,0.66206704470387,100.56854249492379,285.98162729658793,0.47338067818663054,0.0,0.7180587720652563,0.5060518731988473,0.212006898866409,false,0.8141025641025641
132,379.7651515151515,143.0,119,21.605607361166754,388,133,372,116,8.460100736759907,0.7254258410525889,53.112698372208094,124.6969696969697,0.5880131830392514,1.0,0.7180035650623885,0.6847278566599052,0.033275708402483284,false,0.9230769230769231
294,387.9013605442177,318.0,121,22.190567375443766,397,337,377,315,17.80535613666997,0.8542826128077978,76.42640687119285,326.4183673469388,0.6325142443337287,0.0,0.6988395358143257,0.6805376941599857,0.018301841654340012,false,0.9245283018867925
327,392.18654434250766,342.0,122,25.09246488537087,400,107,383,81,17.158288039315604,0.14171847370753735,74.11269837220809,93.36085626911316,0.7481218946922079,1.0,0.7217365233555194,0.6782480471863545,0.04348847616916496,false,0.956140350877193
270,393.2962962962963,277.0,123,20.864439277486813,400,381,385,362,17.11633885111661,0.12348230929231495,65.21320343559643,371.3296296296296,0.7978156651601122,0.0,0.7145679012345677,0.6762310721390008,0.038336829095566904,false,0.9747292418772563
891,25.453423120089788,964.0,2,35.939324586948864,43,183,8,149,33.08447870986813,0.7900974038865856,130.91168824543144,166.25140291806957,0.6533271718989772,0.0,0.5430558306375307,0.48081918192150225,0.062236648716028464,false,0.9242738589211619
146,49.36986301369863,151.0,3,15.013692835866925,57,166,43,154,12.713900227443315,-1.2039736207753668,47.384776310850235,160.08904109589042,0.8171185130773985,0.0,0.556835885038947,0.5327115615284816,0.02412432351046534,false,0.9668874172185431
137,94.37956204379562,139.0,6,18.765080469350277,103,214,86,202,9.455688033516353,1.1848063421846833,47.45584412271571,208.06569343065692,0.7644534157323205,0.0,0.5318162301416917,0.5319093962621652,-9.316612047349793e-5,false,0.9856115107913669
187,133.6524064171123,200.0,10,19.15884244660109,143,166,125,150,13.6417388611943,0.904675401956022,57.8700576850888,158.0855614973262,0.7016873384765289,0.0,0.588256265072874,0.5786258304974885,0.009630434575385483,false,0.935
248,166.8266129032258,262.0,12,19.462268365673147,176,217,158,199,17.51278040141602,0.3157439453407776,63.698484809834994,209.2741935483871,0.7680744896803879,0.0,0.5749841872232762,0.6131914395977083,-0.03820725237443212,false,0.9465648854961832
222,171.26126126126127,223.0,13,26.315057111015644,180,144,162,121,10.95041407658152,-0.6153374493471611,64.42640687119285,133.06306306306305,0.6721017350621987,0.0,0.6342695636813287,0.5622926093514332,0.07197695432989548,false,0.9955156950672646
747,192.7764390896921,861.0,15,38.91931429065305,211,221,174,193,26.76244217587419,1.5671376310259666,130.12489168102786,206.17001338688087,0.5543827441161024,0.0,0.552237709005959,0.5559146506636662,-0.0036769416577071556,false,0.867595818815331
433,189.97228637413394,472.0,16,38.63154712770052,201,126,176,91,14.916681072219294,-0.528238912920911,100.22539674441617,108.98614318706697,0.5416792409227628,0.0,0.6464791921387496,0.59562572503749,0.0508534671012596,false,0.9173728813559322
207,187.2512077294686,216.0,17,19.608256904892148,195,150,178,132,14.094529115516822,-0.5565174044028554,59.112698372208094,141.256038647343,0.7444210421301488,0.0,0.5917021881216253,0.6510769074469172,-0.059374719325291814,false,0.9583333333333334
1547,208.13251454427925,1681.0,18,63.656826728831945,226,100,191,36,31.57816042433885,0.16773556546384916,183.98885271170676,68.1519069166128,0.5742713565162316,0.0,0.6607120676324832,0.6487532923617213,0.011958775270761945,false,0.9202855443188578
263,210.40684410646386,278.0,21,19.474694648928356,221,134,201,116,17.693313618172404,1.2846953728191057,66.94112549695427,125.19011406844106,0.737529833653814,0.0,0.6136882129277565,0.6213928874671727,-0.007704674539416145,false,0.9460431654676259
318,250.1572327044025,348.0,26,27.845163493588874,261,209,237,186,15.775968946125351,-0.7478816890225356,78.42640687119285,197.80188679245282,0.6496992235329011,0.0,0.5876556912073004,0.44103641456582643,0.146619276641474,false,0.9137931034482759
278,247.86690647482015,301.0,27,25.385438780749347,260,186,238,167,14.94847607499762,0.9958715671409989,74.42640687119285,178.0503597122302,0.6306676497743954,0.0,0.6204824375793481,0.5846641635377555,0.035818274041592546,false,0.9235880398671097
160,8.33125,161.0,1,21.013393584886515,18,58,1,44,10.155376164704588,1.0403643739103758,52.62741699796952,51.625,0.7259483738410308,1.0,0.8335539215686273,0.8567836648620147,-0.02322974329338745,false,0.9937888198757764
325,11.461538461538462,336.0,2,26.711529876008406,24,127,1,108,16.025318099926146,-1.1135131458285201,74.2842712474619,116.88615384615385,0.7401154848632773,1.0,0.8422805429864257,0.863368910115828,-0.021088367129402208,false,0.9672619047619048
2672,31.549026946107784,3115.0,3,71.53406979175493,73,264,1,204,52.022968266487375,0.9679133971817568,261.3086578651014,233.0194610778443,0.4917436032392362,1.0,0.8510934014324295,0.8878801148250859,-0.03678671339265638,false,0.8577849117174959
362,24.93646408839779,368.0,4,31.094948851430182,39,173,10,159,15.238359560585659,1.5482080110211667,77.4558441227157,166.58011049723757,0.7582458673535843,1.0,0.8501679124688553,0.8766542682646827,-0.026486355795827476,false,0.9836956521739131
273,58.80952380952381,281.0,8,22.630975036700715,71,274,49,258,16.144564921651618,1.433273157907416,65.698484809835,266.01465201465203,0.7948072204091515,1.0,0.8560224089635855,0.8903520056133779,-0.034329596649792404,false,0.9715302491103203
193,62.523316062176164,196.0,9,22.337167255550757,73,219,52,208,11.23177339256069,-1.5610433552338352,57.59188309203678,213.52331606217618,0.7312141973032209,1.0,0.8549425988011782,0.8752051175079963,-0.020262518706818167,false,0.9846938775510204
184,81.55434782608695,184.0,10,21.167098489515084,92,216,72,206,11.265013932022702,-1.4760225322478315,53.55634918610404,210.8423913043478,0.8061312518181497,1.0,0.8537723785166237,0.8786274509803923,-0.024855072463768613,false,1.0
115,79.5304347826087,115.0,11,14.318472266121779,85,245,73,235,10.498776163182256,1.147566180185303,39.89949493661166,239.81739130434784,0.9077639003454675,1.0,0.8583802216538787,0.8848390677025529,-0.02645884604867421,false,1.0
157,87.26751592356688,178.0,12,17.608023097429946,94,400,79,387,12.56524208749904,0.7525513787471813,54.42031021678297,393.6687898089172,0.6661737109510667,1.0,0.8742350443362056,0.8965982005233539,-0.022363156187148348,false,0.8820224719101124
1393,109.21320890165111,1703.0,14,54.040186892128794,139,186,82,145,38.23476091615919,1.533496049519955,185.6812408671319,163.32376166547022,0.507720759382928,1.0,0.8462959052967924,0.8709265921244529,-0.024630686827660453,false,0.817968291250734
923,109.92307692307692,1115.0,15,54.508328906622516,136,245,86,210,25.831941634679545,-1.002943177265414,155.95331880577402,226.69014084507043,0.4768945095112735,1.0,0.8510653665583241,0.882597323252573,-0.03153195669424891,false,0.8278026905829596
182,99.97252747252747,192.0,16,20.993854055235868,106,392,94,373,11.589985741260794,-0.20096651627013015,56.62741699796952,382.04945054945057,0.7132269542437408,1.0,0.8793148028442146,0.8955590002991486,-0.016244197454933995,false,0.9479166666666666
5584,174.68803724928367,7325.0,18,125.15005467733067,243,77,106,1,74.92582450492876,-1.5068464407045994,465.0904037956217,27.305336676217767,0.32439975385870307,1.0,0.8175754255857073,0.8530890617116411,-0.035513636125933834,false,0.762320819112628
171,122.69590643274854,183.0,19,24.60017639964455,134,384,111,375,9.23986723697572,-1.5114341740461292,58.87005768508881,380.0,0.6200362081835078,1.0,0.8740511409242058,0.8880660177740163,-0.01401487684981051,false,0.9344262295081968
149,142.5704697986577,154.0,20,16.50951275135862,149,136,136,119,11.960941165809976,-0.13617616309238947,50.2842712474619,127.59060402684564,0.7405115070845978,1.0,0.8455849453875509,0.8625408034108321,-0.016955858023281145,false,0.9675324675324676
115,153.29565217391306,115.0,21,15.650113991143558,161,121,146,112,9.38236592162526,-1.329378346576968,39.798989873223334,116.81739130434782,0.9123544724738656,1.0,0.8444330775788575,0.8585672905525851,-0.014134212973727522,false,1.0
708,179.58757062146893,759.0,24,35.40751174535004,196,100,167,64,26.624223405585948,0.07321068028301964,115.9827560572969,84.35875706214689,0.6613879416913733,1.0,0.8298936523762049,0.8598680926916225,-0.029974440315417517,false,0.932806324110672
321,185.01869158878506,354.0,25,30.389376670260813,198,159,170,144,14.511483876789987,1.5469732502935447,78.5269119345812,151.5638629283489,0.6541507716797721,1.0,0.8517989127115024,0.8711500330469263,-0.019351120335423855,false,0.9067796610169492
347,196.10951008645534,387.0,28,30.73404380464958,205,80,188,50,16.225762624537385,0.0019111799750507702,89.84062043356596,64.23054755043228,0.5402488534456181,1.0,0.8310900152568235,0.8526912380751227,-0.021601222818299237,false,0.896640826873385
114,202.14912280701753,127.0,30,19.562268226495828,209,341,195,326,8.35170796583946,0.6882115030137798,51.11269837220809,334.2456140350877,0.5483490522290733,1.0,0.8562091503267972,0.888578431372549,-0.03236928104575176,false,0.8976377952755905
176,204.7840909090909,178.0,31,17.236999036395066,214,52,197,39,13.23230990327616,1.4353882743130808,50.4558441227157,46.11931818181818,0.8687595251476898,1.0,0.8337566844919784,0.8486139283299527,-0.014857243837974377,false,0.9887640449438202
633,249.79936808846762,727.0,34,33.09777212166983,266,400,234,369,27.22845688014564,-0.4439626262154893,115.98275605729691,383.83096366508687,0.5913256597325413,1.0,0.8414273766378589,0.8359471455537986,0.005480231084060372,false,0.8707015130674003
371,248.71967654986523,407.0,35,28.684091970909584,260,371,237,345,17.4582600899753,-0.5982309227228377,86.18376618407358,358.19676549865227,0.6276721169484853,1.0,0.8411500449236301,0.8650819918760346,-0.023931946952404526,false,0.9115479115479116
115,244.31304347826088,119.0,36,12.86150345552327,251,348,238,335,11.988221580027734,1.5338000385045534,42.2842712474619,341.75652173913045,0.8082579856670336,1.0,0.8515942028985506,0.876436834514714,-0.024842631616163402,false,0.9663865546218487
195,249.4102564102564,203.0,37,20.838768183947273,259,230,241,214,12.258390340419911,-0.8192997220262425,57.112698372208094,221.4820512820513,0.7512407132411133,1.0,0.8480040221216691,0.8756062692635582,-0.02760224714188908,false,0.9605911330049262
5203,303.8350951374207,6323.0,38,117.73929705358513,365,364,258,274,65.04298327672274,-1.0053165091263794,405.9898987322333,314.78646934460886,0.39667354141953287,1.0,0.8276605126001972,0.8275053187080379,0.00015519389215934432,false,0.8228688913490432
167,323.22754491017963,190.0,42,25.319424851421577,335,273,312,261,9.878990011560917,1.2620253489588311,60.2842712474619,266.41317365269464,0.5774552107738656,1.0,0.8476693671480563,0.8611772850365482,-0.013507917888491927,false,0.8789473684210526
2682,370.80089485458615,3069.0,45,76.42945871574106,400,270,331,209,48.56373403490295,0.982260085570494,246.48023074035518,236.78523489932886,0.5547591241147366,1.0,0.8397640040356193,0.8536540289365302,-0.013890024900910847,false,0.873900293255132
2848,372.6727528089888,3489.0,47,85.46651661338144,400,125,342,38,47.77125949282379,0.5450823383999464,327.8355697996826,79.60744382022472,0.33299499381704895,1.0,0.8584944371006833,0.8766891891891891,-0.01819475208850585,false,0.8162797363141301
245,369.9551020408163,247.0,51,23.332305805695146,382,210,359,196,13.772302232679731,1.3889903964580692,62.87005768508881,203.80816326530612,0.778911705959422,1.0,0.8315326130452182,0.8522999721215501,-0.02076735907633187,false,0.9919028340080972
1610,383.21552795031056,1775.0,52,71.43093655803041,400,200,362,135,30.186720558731604,-0.3650306832016034,195.95331880577405,166.8913043478261,0.5269027839909423,1.0,0.836110096212398,0.8537628924402133,-0.01765279622781535,false,0.9070422535211268
183,371.8251366120219,191.0,53,17.58591799852088,379,305,365,288,13.732831626283577,-0.5322126946082464,54.62741699796952,297.10928961748635,0.770618839490894,1.0,0.832229722490089,0.8193833762461217,0.0128463462439673,false,0.9581151832460733
355,388.8281690140845,374.0,54,26.65053244704385,400,136,376,115,17.351207422067297,0.9358307321746541,77.18376618407356,125.72957746478873,0.7488352585321574,1.0,0.8499199116266227,0.8782314494425223,-0.028311537815899568,false,0.9491978609625669
451,390.8137472283814,458.0,55,28.09636677507905,400,303,379,279,21.42642742143555,-0.5626933984354829,84.62741699796952,292.2838137472284,0.7913420338947059,1.0,0.8294248076170605,0.7805021808322529,0.04892262678480763,false,0.9847161572052402
139,3.827338129496403,143.0,1,24.841054798913465,8,103,1,80,7.444051080060786,0.10583170469507537,55.55634918610404,92.06474820143885,0.5659228980595915,1.0,0.8724784877979967,0.7896029586211709,0.08287552917682584,false,0.972027972027972
413,14.830508474576272,463.0,3,37.24909371380726,35,231,1,213,15.688210276050956,-1.3054200911711618,95.698484809835,221.5641646489104,0.5666955369637586,1.0,0.874889616863695,0.8198265865485983,0.05506303031509674,false,0.8920086393088553
141,8.035460992907801,150.0,5,19.615568910475137,18,344,1,334,10.247009231111907,1.443127315577947,50.14213562373095,339.92907801418437,0.7047309129940968,1.0,0.8768182450285077,0.813530042241977,0.06328820278653069,false,0.94
3908,127.05220061412487,4946.0,8,111.66868512246576,178,318,63,249,53.9798767032649,1.3757661070574498,407.33304448274095,281.4933469805527,0.29598188562524463,1.0,0.8794067473458161,0.848480448179272,0.030926299166544102,false,0.7901334411645774
872,89.13302752293578,1044.0,10,42.64738454872281,114,48,70,12,31.615839941372297,-1.4394371330646551,147.95331880577405,29.678899082568808,0.500583955922027,1.0,0.8782424896564128,0.8426030628674132,0.03563942678899967,false,0.8352490421455939
595,90.66218487394958,709.0,11,49.05723909638259,116,212,71,189,17.810690436821456,1.359400925191892,133.29646455628165,202.23025210084035,0.42081340745901774,1.0,0.8716955017301039,0.834175307549921,0.03752019418018293,false,0.8392101551480959
284,93.06338028169014,290.0,13,28.133806607470724,107,13,79,1,13.222799516852074,-1.4479104966118965,70.6274169979695,6.366197183098592,0.7154537382629653,1.0,0.8699254349627177,0.8192390435798145,0.050686391382903206,false,0.9793103448275862
102,98.45098039215686,104.0,17,16.663327214220335,106,73,91,62,8.140667876763848,-1.0506691170989755,42.04163056034262,67.46078431372548,0.7251885404722848,1.0,0.8514801999231063,0.7860346020761247,0.06544559784698156,false,0.9807692307692307
115,103.6,116.0,18,14.829645280494539,111,157,97,146,10.227726265393008,-1.2527179338407564,41.45584412271571,150.97391304347826,0.8408841743956874,1.0,0.8697016197783461,0.8313664311278338,0.03833518865051233,false,0.9913793103448276
109,108.6697247706422,110.0,19,15.842106655469536,116,336,101,326,8.93556123845587,-1.217395651435705,41.21320343559643,330.6238532110092,0.8064243192595055,1.0,0.8827486958085987,0.8320700876095122,0.05067860819908654,false,0.990909090909091
127,121.14173228346456,134.0,21,16.072280345944684,127,12,113,1,11.147164376481514,1.1140765817581686,44.72792206135785,5.21259842519685,0.7977303953835361,1.0,0.8830631465184499,0.8406754499907216,0.042387696527728225,false,0.9477611940298507
1733,139.5268320830929,2049.0,22,50.76860267020292,168,90,113,37,47.37634033244507,0.9736199948983287,225.96551211459382,64.41084824004616,0.4265049798456148,1.0,0.866345337904348,0.8196333588490451,0.04671197905530289,false,0.8457784285017081
749,141.29105473965288,846.0,24,49.09983691972983,166,374,116,349,21.238868625947454,1.4638769592357759,137.39696961967,362.3070761014686,0.4985828931423538,1.0,0.8757297311447941,0.847999145162152,0.02773058598264211,false,0.8853427895981087
600,140.46333333333334,669.0,26,35.7943777021882,161,253,124,226,23.935327503313367,-1.2354281265179508,125.29646455628165,237.74166666666667,0.4802678119261134,1.0,0.8777385620915035,0.8464310347254482,0.03130752736605524,false,0.8968609865470852
160,136.325,164.0,28,18.215929067763845,144,33,128,19,11.403916134302117,0.8649083971523347,50.2842712474619,26.09375,0.7951801418358098,1.0,0.8587745098039212,0.8308959404657389,0.027878569338182335,false,0.975609756097561
138,148.3768115942029,149.0,29,16.178083889644768,155,323,142,308,11.524843019172028,0.3445018506227355,48.8700576850888,315.2608695652174,0.7261113863560281,1.0,0.8767831770389315,0.85207100591716,0.024712171121771487,false,0.9261744966442953
611,167.44353518821603,652.0,31,33.09414089158832,180,30,150,1,25.6353191379332,0.822679654556505,109.25483399593904,13.48772504091653,0.6432351242198583,1.0,0.8622573088155068,0.8307779429461314,0.031479365869375386,false,0.9371165644171779
904,169.73893805309734,964.0,32,37.22136208767962,191,129,150,94,32.03576240343289,1.3858225199311482,130.53910524340094,112.98451327433628,0.6666486920059413,1.0,0.8390334895019956,0.7984239083627597,0.04060958113923596,false,0.9377593360995851
113,156.15929203539824,118.0,33,13.302532069876092,163,352,150,340,11.225814499866456,-1.306066768635533,41.21320343559643,346.3805309734513,0.8360178722598544,1.0,0.873954537567239,0.851760867479129,0.022193670088109907,false,0.9576271186440678
220,178.41363636363636,225.0,35,22.070626006367004,186,88,171,67,13.19308095338039,-0.3360458671441138,61.112698372208094,77.68181818181819,0.7402350156331065,1.0,0.8590196078431372,0.8206015437849349,0.03841806405820236,false,0.9777777777777777
3475,236.00892086330936,4408.0,36,108.50097372883657,289,263,177,210,46.460207278288166,-1.505947074381858,425.58787847867995,237.6871942446043,0.24109387265536233,1.0,0.8920716603188036,0.8464640738364834,0.04560758648232022,false,0.7883393829401089
411,190.60097323600974,439.0,37,29.45808605705714,205,382,177,363,18.32872078935863,1.1911231886408251,88.42640687119285,372.4184914841849,0.6605226726390693,1.0,0.8776298840704168,0.8585659405324981,0.019063943537918626,false,0.9362186788154897
235,188.12765957446808,252.0,38,19.304102577959434,198,23,181,4,16.79168423423953,-0.8843058343797262,63.698484809834994,13.4,0.7278125204632708,1.0,0.871823112223613,0.8346097441746784,0.0372133680489346,false,0.9325396825396826
168,194.21428571428572,168.0,39,15.454488362163003,201,117,187,103,14.163527155405488,0.95077444429183,47.798989873223334,109.97619047619048,0.924020716204538,1.0,0.8264939309056955,0.8084055036928735,0.018088427212822,false,1.0
189,202.68783068783068,200.0,41,23.72158357620745,213,144,191,129,10.777597369177931,1.0899543757966283,59.941125496954285,135.71428571428572,0.6610310833407718,1.0,0.846291109036207,0.8055381968029706,0.040752912233236405,false,0.945
157,207.15923566878982,163.0,43,18.796650900071285,216,358,199,346,11.14967946806261,1.2790654889361814,50.87005768508881,352.4012738853503,0.7624038069397807,1.0,0.8771325090545773,0.8687298212457676,0.008402687808809706,false,0.9631901840490797
7540,310.06246684350134,8813.0,44,210.64537568320569,400,400,203,344,53.340735315646505,-1.5285656169649124,586.5695885154503,379.4622015915119,0.27538616908683916,1.0,0.8845108441254482,0.8669681742043548,0.017542669921093434,false,0.8555542947917849
107,211.09345794392524,107.0,45,12.886503703474128,217,331,205,319,11.007189296262023,-0.8477416505046091,39.21320343559643,325.5981308411215,0.8744379486543448,1.0,0.8793109767271394,0.8609207952322457,0.018390181494893687,false,1.0
164,218.78658536585365,175.0,47,27.027269620416494,230,135,208,119,8.11126439047871,1.0563003833754885,62.526911934581186,126.73170731707317,0.5271324492107414,1.0,0.8396700143472022,0.8152093802345057,0.0244606341126965,false,0.9371428571428572
111,215.4954954954955,118.0,48,15.185036806749062,223,213,208,204,9.496495456032449,-1.492637716794209,42.04163056034261,208.36036036036037,0.7891757646316043,1.0,0.8784313725490195,0.846032713603576,0.03239865894544347,false,0.940677966101695
434,229.71658986175115,463.0,50,28.197514392514705,242,372,216,347,20.411355407015176,0.9957261987614479,88.66904755831213,357.6958525345622,0.6936741433912714,1.0,0.8806993765248038,0.8260879961740794,0.05461138035072444,false,0.937365010799136
631,241.4389857369255,658.0,52,41.38749555464972,259,353,219,331,20.06759164763613,1.451977433223293,111.49747468305833,341.85578446909665,0.6378361960457748,1.0,0.8851247630589479,0.8695023826263576,0.015622380432590344,false,0.958966565349544
163,245.43558282208588,172.0,55,18.44172811223353,254,314,236,301,11.931002610510303,1.2701536054310862,56.2842712474619,307.03067484662574,0.6465816478836526,1.0,0.8868519186815831,0.8575488911160796,0.029303027565503514,false,0.9476744186046512
285,259.0385964912281,296.0,58,28.538168892488756,273,171,245,155,13.426012212177078,1.3405363972063629,76.18376618407356,161.90175438596492,0.6170634843784726,1.0,0.8733402132782939,0.8328375779931722,0.04050263528512177,false,0.9628378378378378
126,253.66666666666666,129.0,59,15.801207076888382,260,88,248,74,10.251798902555464,-0.576545040271967,42.62741699796952,81.25396825396825,0.8713695396108632,1.0,0.8089324618736382,0.7614542031032177,0.047478258770420556,false,0.9767441860465116
239,262.32217573221754,298.0,60,37.31242530516998,277,280,251,255,10.741223924371594,0.8040873195783428,84.08326112068524,268.5355648535565,0.42480407150214716,1.0,0.8888341947657725,0.8593131885832099,0.029521006182562592,false,0.802013422818792
505,269.1782178217822,583.0,61,35.38078168956076,287,317,252,296,20.307449844078086,-1.4063567408262068,108.42640687119285,307.51683168316833,0.5397977999525965,1.0,0.8880139778683754,0.8682698824464229,0.019744095421952546,false,0.8662092624356775
1544,285.5453367875648,1717.0,62,58.30365099279459,316,353,256,316,35.52017413812534,1.4089687881912165,184.36753236814712,333.51748704663214,0.5708056641940242,1.0,0.8879863862643501,0.8720823178987277,0.015904068365622415,false,0.8992428654630169
112,266.42857142857144,114.0,63,14.695499905235751,272,67,260,54,9.965767267455808,0.6464037995207124,40.87005768508881,59.88392857142857,0.8425921046170983,1.0,0.8228641456582633,0.7954106948517887,0.027453450806474544,false,0.9824561403508771
251,291.0836653386454,257.0,66,25.05690266415051,302,186,280,170,13.039088215032692,1.088320440304442,64.87005768508881,177.3824701195219,0.7495403501252879,1.0,0.8880556206546365,0.8513035176617465,0.03675210299289,false,0.9766536964980544
145,293.6965517241379,155.0,67,20.94704956283139,303,223,285,210,9.205989713117031,-1.0567197420767647,52.62741699796951,215.7103448275862,0.6578907137934342,1.0,0.8713725490196077,0.8308843216001263,0.04048822741948144,false,0.9354838709677419
156,312.0897435897436,161.0,70,25.98062071569896,324,44,300,36,8.086326440394915,-1.5288839302625938,57.798989873223334,39.98717948717949,0.5868052157154793,0.16666666666666666,0.8002513826043237,0.7253286100494084,0.0749227725549153,false,0.968944099378882
373,313.769436997319,417.0,71,28.577338545608352,328,190,301,169,17.829026097278895,-1.076991828188432,84.76955262170046,179.41823056300268,0.6522872859420846,1.0,0.8891026651947646,0.8259379876518085,0.06316467754295607,false,0.894484412470024
119,307.98319327731093,121.0,72,15.661888108150901,316,239,301,230,9.83816939105717,1.5240363947255218,42.384776310850235,234.28571428571428,0.832409512355046,1.0,0.8777063766683143,0.8564227766333511,0.021283600034963213,false,0.9834710743801653
2746,359.0833940276766,3001.0,73,96.26439165619873,400,42,303,1,41.47424069511883,1.4312672495794643,261.6396103067893,16.705389657683902,0.5040845767204448,1.0,0.896469731373977,0.7688765235824063,0.12759320779157068,false,0.915028323892036
632,341.75474683544303,831.0,75,45.58740691135848,368,268,322,243,22.048597198478884,1.218035537405044,137.88225099390854,256.5411392405063,0.4177439920041666,1.0,0.885511293124845,0.8604376843085523,0.025073608816292725,false,0.7605294825511432
124,342.3306451612903,164.0,76,21.1526938065929,351,213,333,200,10.97327026137646,1.1610693389011666,60.526911934581186,205.1451612903226,0.4253383239377965,1.0,0.867394054395952,0.8383627531143286,0.029031301281623345,false,0.7560975609756098
177,354.6214689265537,194.0,79,18.271564104936434,361,174,346,157,14.144739588027196,-0.5454489771598194,58.526911934581186,166.41242937853107,0.6493396318590854,1.0,0.8728481222997673,0.8103447725713561,0.0625033497284112,false,0.9123711340206185
268,375.1268656716418,279.0,81,31.858059036016783,390,342,361,332,11.028221056269945,-1.5396721728490486,71.79898987322333,337.07089552238807,0.6532929770243802,1.0,0.8748463564530291,0.8630389096325313,0.011807446820497836,false,0.9605734767025089
824,384.81553398058253,938.0,82,36.29755956420229,400,218,366,182,31.807577247004414,0.8095477290624901,156.22539674441617,197.9271844660194,0.4242616759370812,1.0,0.8791738054445074,0.8444285354439275,0.03474527000057992,false,0.8784648187633263
117,393.1709401709402,117.0,84,16.589900384456197,400,292,385,284,9.141958749502994,-1.570509685530436,41.31370849898476,288.47008547008545,0.8614049517852299,1.0,0.879638009049774,0.8491034795421062,0.030534529507667774,false,1.0
232,394.1681034482759,234.0,85,21.47592794762848,400,43,387,24,14.047758285326758,-0.13073165988412047,57.55634918610405,33.577586206896555,0.8800581546038364,1.0,0.8634043272481405,0.8046206308610402,0.05878369638710035,false,0.9914529914529915
146,394.06164383561645,147.0,86,15.40406894150487,400,253,387,242,12.528267331857117,-1.438348071769013,45.89949493661167,247.8835616438356,0.8708571188702479,1.0,0.8775987107171636,0.8558363970588236,0.021762313658339916,false,0.9931972789115646
131,396.85496183206106,135.0,88,20.190257394953967,400,352,392,333,9.0725392262524,-0.0916738643669696,49.55634918610404,343.1145038167939,0.6703205763439881,1.0,0.8737015416853763,0.8653726810589559,0.008328860626420354,false,0.9703703703703703
153,6.326797385620915,158.0,1,15.844065992487074,13,15,1,1,12.873127840804862,-0.5334876424011525,47.55634918610404,6.764705882352941,0.8501279215868671,0.0,0.7462770729206716,0.6272844272844273,0.11899264563624423,false,0.9683544303797469
7154,64.31856304165501,9116.0,2,164.052144989132,118,179,1,50,66.68262323482242,0.7698084107589441,526.3574311003805,114.1446743080794,0.32448698524252195,0.0,0.7612480608681829,0.6238985872838801,0.13734947358430272,false,0.7847740236946029
110,111.14545454545454,114.0,3,16.757685894058042,118,223,103,213,8.74769182335652,-1.157111335961266,44.04163056034262,218.43636363636364,0.7126491477015732,0.0,0.7188948306595365,0.5575194671169903,0.16137536354254622,false,0.9649122807017544
754,136.91777188328913,941.0,4,41.09032329814222,155,183,118,144,28.090481678247112,-0.4128896982784996,145.7817459305202,161.72944297082228,0.4458357761244818,0.0,0.7349456493472725,0.6565274436912316,0.07841820565604085,false,0.8012752391073327
101,132.44554455445544,101.0,7,13.067706805749578,138,228,127,217,9.981035989476375,0.676647162621773,36.970562748477136,222.68316831683168,0.9285795506154202,0.0,0.7111628809939816,0.5116027280477407,0.19956015294624097,false,1.0
114,142.82456140350877,116.0,8,14.72494288450412,148,229,138,216,10.13669285913416,-0.30303581372616983,40.97056274847714,223.17543859649123,0.8534358003833579,0.0,0.7105263157894737,0.5824221453287202,0.1281041704607535,false,0.9827586206896551
281,157.1423487544484,292.0,9,33.38040311790098,172,13,141,1,11.610808884284394,1.5103696280218146,77.21320343559643,5.277580071174377,0.5922881477640112,0.0,0.7339752983043747,0.6565374677002587,0.07743783060411602,false,0.9623287671232876
118,154.0,119.0,10,16.680870692825795,161,40,147,28,9.095849411374518,-0.9251244033978638,42.04163056034261,33.779661016949156,0.8389436056444082,0.0,0.7099368560983716,0.6437319030684623,0.06620495302990936,false,0.9915966386554622
717,172.45885634588564,860.0,11,40.864091744640675,187,185,158,144,24.808664053384543,-0.2998052883285217,138.0243866176395,164.9246861924686,0.47295232860375885,0.0,0.7122214018103759,0.6136031039241728,0.09861829788620302,false,0.8337209302325581
143,181.83216783216784,145.0,14,14.626162229317574,189,26,174,13,12.832820268381717,1.391617416481348,46.04163056034261,20.09090909090909,0.8477045418270951,0.0,0.7217880159056629,0.6502545769689089,0.07153343893675401,false,0.9862068965517241
242,184.9793388429752,275.0,15,23.381519107159285,195,199,177,178,15.74472812410442,0.33320418588026124,72.18376618407358,189.5702479338843,0.5836414863400771,0.0,0.699740722735375,0.6268555782200417,0.07288514451533334,false,0.88
464,197.08620689655172,493.0,16,32.179387858238805,212,52,183,29,19.11323358357454,-1.083867348747959,91.84062043356596,40.75646551724138,0.6912867402643039,0.0,0.7134550371872884,0.6658374362961046,0.04761760089118383,false,0.9411764705882353
149,196.55704697986576,171.0,17,21.395755797120326,206,259,186,248,10.222722415326347,-1.4655658266361706,55.112698372208094,253.8993288590604,0.6164427970809947,0.0,0.7262534544018949,0.418663318986131,0.3075901354157639,false,0.8713450292397661
155,204.00645161290322,167.0,18,32.21604492152474,219,8,189,1,6.873532618303502,1.55195476653717,68.00609665440987,3.225806451612903,0.4211587863040175,0.0,0.7421631878557875,0.6551443850267379,0.08701880282904961,false,0.9281437125748503
169,198.11834319526628,174.0,19,17.536639291174467,207,31,189,18,12.684559904468884,-1.505018408023548,52.04163056034261,24.4792899408284,0.7841421117511737,0.0,0.7133542174266155,0.6677410690303518,0.045613148396263736,false,0.9712643678160919
844,227.29857819905214,932.0,20,43.337155428583344,243,73,212,29,28.056211725935768,0.07989301913614422,137.78174593052023,55.03909952606635,0.5586874853544801,0.0,0.6939503763590745,0.6259235255994821,0.06802685075959247,false,0.9055793991416309
1359,235.11258278145695,1688.0,21,55.630432402554135,263,246,214,201,35.79430706963669,0.7025414685698926,207.48023074035524,224.39514348785872,0.39671249204139203,0.0,0.7045549640017894,0.4463984591497808,0.2581565048520086,false,0.8050947867298578
5475,340.5842922374429,8891.0,22,205.5414093477235,400,72,220,1,65.66613366522714,1.3483398935758586,567.6761902332485,24.2337899543379,0.2134974189892607,0.0,0.7113524935088194,0.6027727115186851,0.1085797819901343,false,0.6157912495782252
101,256.3168316831683,101.0,23,14.301459843788537,261,75,252,61,9.063530851646227,0.2445949373980342,37.79898987322333,68.10891089108911,0.8883228832058931,0.0,0.6959813628421666,0.5848580441640383,0.1111233186781283,false,1.0
417,318.6978417266187,459.0,25,40.97640976741587,335,117,301,91,13.370766972987937,-0.9391583223710176,101.74011537017762,103.93285371702638,0.5062458399584212,0.0,0.6855785959467717,0.5353647850298214,0.1502138109169503,false,0.9084967320261438
165,394.1636363636364,195.0,27,21.14180024849039,400,136,385,118,12.44854693610563,0.8268950721512893,61.62741699796952,124.98181818181818,0.5459412092273892,0.0,0.6808318478906715,0.5731098284825416,0.10772201940812998,false,0.8461538461538461
136,395.94117647058823,142.0,29,17.06142043701819,400,78,389,61,11.199997303201163,-0.29020224362905256,49.384776310850235,70.24264705882354,0.7007491674635985,0.0,0.6832756632064592,0.656074648508921,0.027201014697538106,false,0.9577464788732394
2886,31.65038115038115,3934.0,3,72.58326381261813,67,332,1,263,64.60708183543852,0.7895087077621875,341.9421715174808,294.6340956340956,0.31017076418166656,1.0,0.8916323563382386,0.7742247997790664,0.11740755655917212,false,0.733604473817997
476,15.27310924369748,511.0,4,38.02249169388303,35,362,1,343,17.239088662897977,-1.3223907257921055,97.94112549695429,351.86764705882354,0.6235720428838154,1.0,0.9089718240237274,0.775205566097407,0.13376625792632046,false,0.9315068493150684
149,10.973154362416107,149.0,6,17.027992927364792,18,156,3,142,11.433932538326475,0.796909897448425,46.2842712474619,149.04026845637583,0.8740359022486879,1.0,0.8492170022371363,0.7624473285016015,0.08676967373553479,false,1.0
923,24.759479956663057,1034.0,7,42.317102149899895,43,111,6,73,29.458441117930274,0.5119581367588596,138.36753236814712,91.53304442036837,0.6058193955837486,1.0,0.8366622055105899,0.6755422383430587,0.1611199671675312,false,0.8926499032882012
1445,41.33494809688581,1930.0,8,72.69166564629339,73,50,14,1,32.0319543793108,-0.9914449662397427,246.96551211459382,24.504498269896192,0.2977179991439372,0.1695501730103806,0.8431209715720199,0.6563122067637569,0.18680876480826303,false,0.7487046632124352
114,36.3421052631579,115.0,9,13.758274740999502,42,77,30,64,10.853573501179774,-0.7256707054699792,40.04163056034262,70.53508771929825,0.8934931075141367,1.0,0.8388372893016856,0.6885259043992386,0.150311384902447,false,0.991304347826087
371,75.14016172506739,470.0,14,40.044354163441675,91,359,54,341,15.708048747061488,-1.4070930065458218,118.22539674441617,351.39892183288407,0.33355097419116586,1.0,0.8716029808149676,0.8098544390794067,0.06174854173556088,false,0.7893617021276595
331,72.1117824773414,361.0,15,23.491512559100453,83,46,63,21,19.24609565140163,-0.0864178059544174,81.66904755831213,32.91238670694864,0.6236240799626499,0.0,0.8332681713168653,0.6923827852620427,0.1408853860548226,false,0.9168975069252078
252,83.1984126984127,278.0,17,23.993203767720996,92,122,74,99,14.412817114404357,0.34486817830810723,71.76955262170047,110.5436507936508,0.6147944335973694,0.0,0.8194989106753814,0.6846427161468615,0.13485619452851993,false,0.9064748201438849
381,86.51968503937007,442.0,18,33.14020062024641,98,163,75,133,16.22821549356459,0.6417517308152073,95.74011537017762,147.29133858267716,0.5223323771457401,0.0,0.8229838917194179,0.6208658734148932,0.2021180183045247,false,0.8619909502262444
123,87.1219512195122,126.0,20,13.65026546064033,93,28,80,16,11.765958754280245,-0.9140521531154384,42.04163056034262,22.601626016260163,0.8744920635106963,0.0,0.8283755778734255,0.7469955724225176,0.08138000545090796,false,0.9761904761904762
310,90.96774193548387,335.0,21,23.93571083658195,100,86,80,61,17.986049589558686,-0.1398531000282576,76.25483399593904,74.19354838709677,0.6699413713701077,0.0,0.8221505376344088,0.6536083236310548,0.168542214003354,false,0.9253731343283582
482,100.86514522821577,538.0,24,29.51605554932282,113,112,89,80,22.28603007627892,-0.04626889286763797,101.9827560572969,96.78008298755186,0.5823759250475334,0.0,0.8298104303962252,0.755877219997947,0.07393321039827816,false,0.895910780669145
646,121.19349845201238,733.0,26,41.073599694158894,140,23,101,1,21.682979459819478,1.4183195151282142,126.46194077712559,9.880804953560371,0.5076012664328549,0.0,0.8344806653311482,0.7421603148301578,0.09232035050099041,false,0.8813096862210096
323,117.52321981424149,356.0,28,23.792228728328187,130,351,106,329,19.81089840794361,-1.0088534061625571,82.42640687119285,341.8885448916409,0.5974198511945419,1.0,0.8843076549505254,0.7892310315430523,0.09507662340747314,false,0.9073033707865169
108,121.5,114.0,30,14.409896916297766,128,51,115,42,9.704106639793636,-1.4528588010848071,39.79898987322333,46.583333333333336,0.8568198524102392,0.0,0.8298838053740014,0.6833366870123193,0.1465471183616821,false,0.9473684210526315
126,121.95238095238095,131.0,32,20.239094018316248,126,89,117,70,8.216620970072075,-0.21448546513647837,48.384776310850235,79.61904761904762,0.6763366685573946,0.0,0.8331777155306568,0.7639683933274809,0.06920932220317588,false,0.9618320610687023
126,130.5,135.0,38,16.96106718500872,137,328,124,313,10.379433066628575,0.4562780023705765,47.45584412271571,320.5952380952381,0.7030739443961489,1.0,0.8721132897603485,0.8082598707057761,0.06385341905457242,false,0.9333333333333333
130,139.53846153846155,130.0,39,13.978176292446632,146,74,133,62,11.959890881782611,0.9221445832652732,41.21320343559643,67.34615384615384,0.9617904725113369,0.0,0.8343288084464554,0.7231666332821441,0.11116217516431126,false,1.0
160,142.54375,163.0,40,16.148453057452897,151,338,135,326,13.112850142178855,1.2111354255815863,48.62741699796952,332.625,0.8502907297302474,1.0,0.8850980392156858,0.8070191906549857,0.07807884856070002,false,0.9815950920245399
315,151.40952380952382,338.0,41,25.95797315829012,163,288,138,268,16.75468658870029,-1.1212269555699135,74.18376618407356,278.6825396825397,0.7192877465362564,0.8603174603174604,0.8912916277622162,0.8264592390829888,0.06483238867922736,false,0.9319526627218935
145,153.19310344827585,152.0,44,18.071501252831105,161,250,144,239,10.72108663301375,1.4474549517603805,48.62741699796952,244.17241379310346,0.7705759738180368,0.0,0.8577687626774846,0.6807562747045193,0.17701248797296532,false,0.9539473684210527
228,169.14912280701753,243.0,46,20.546513105696796,177,284,161,266,14.938189634954169,-0.5195489898906841,63.698484809834994,275.53508771929825,0.7061329985771309,0.6710526315789473,0.8911248710010322,0.7775778546712803,0.11354701632975195,false,0.9382716049382716
120,170.24166666666667,122.0,47,13.533217882700656,176,113,165,100,11.414504046529578,0.04521480266419006,41.21320343559643,106.9,0.8878065900104647,0.0,0.8319934640522875,0.6640467250730083,0.16794673897927914,false,0.9836065573770492
913,195.90032858707556,1024.0,49,42.66968576488623,218,115,172,85,28.822589454010988,-1.3113504788782455,150.36753236814715,100.03176341730558,0.5074257427710941,0.0,0.8422524321886476,0.7700395897627735,0.07221284242587411,false,0.8916015625
3285,222.42922374429224,4179.0,50,125.68821226665884,266,260,172,171,39.16478658863693,-0.8754380899255937,369.81832585697947,219.80395738203958,0.3018341544732077,0.0,0.874060942489629,0.7040751842138132,0.16998575827581575,false,0.7860732232591529
302,183.8112582781457,341.0,51,25.917231025276887,196,328,172,309,16.182849261363454,-1.0766262663759703,84.08326112068522,319.3344370860927,0.5367817137809561,1.0,0.8795481106349826,0.8358933109510153,0.04365479968396735,false,0.8856304985337243
152,186.9671052631579,155.0,52,19.47594883588787,198,400,179,389,10.907303649278164,1.2336526786953326,52.00609665440987,395.8157894736842,0.7062280036291075,1.0,0.8750257997936013,0.860688890940992,0.014336908852609298,false,0.9806451612903225
278,193.6474820143885,292.0,53,20.21652067494851,203,207,183,187,18.42805210505765,0.29427213784991324,69.01219330881976,198.18705035971223,0.7335048666769591,0.0,0.8599238256453661,0.7155201750121536,0.14440365063321248,false,0.952054794520548
123,201.78048780487805,125.0,56,17.42718194178891,209,181,194,169,9.188724863639873,0.9329707303163751,44.627416997969526,174.4959349593496,0.7760889029037752,0.0,0.8538817152877409,0.8105346366668594,0.043347078620881496,false,0.984
377,213.19893899204243,419.0,58,26.35145732557106,223,146,201,118,21.197982018485728,0.33779944253383654,89.01219330881976,131.9681697612732,0.5979325684263099,0.0,0.8599365475633228,0.8189627706649358,0.04097377689838699,false,0.8997613365155132
237,214.29113924050634,257.0,62,22.288637982188565,225,393,205,377,14.226465435889741,-1.2364055531483997,65.35533905932738,384.67932489451476,0.6972621100858757,1.0,0.8835608505005379,0.8607088371794257,0.022852013321112197,false,0.9221789883268483
254,218.53149606299212,273.0,63,20.445394266145122,230,293,209,274,18.202922403365392,1.1977747500715046,67.94112549695427,285.25984251968504,0.691477585106532,1.0,0.9024239617106686,0.826009790248038,0.07641417146263063,false,0.9304029304029304
427,228.04449648711943,480.0,66,33.83745536149784,241,112,217,83,17.42289596157349,0.5629155210189118,98.32590180780451,98.77049180327869,0.5550113473539673,0.0,0.8519355283096848,0.821430661816966,0.030504866492718774,false,0.8895833333333333
781,238.49807938540332,903.0,69,36.88280081642998,256,85,223,49,29.978763194312254,0.47025315483675867,141.12489168102786,67.69526248399488,0.49278065980838576,0.0,0.8510607315909721,0.7807146134861286,0.07034611810484348,false,0.8648947951273532
706,244.06090651558074,762.0,71,35.41775669777515,261,164,229,133,26.266222201478833,1.036616994759803,117.15432893255071,147.95042492917847,0.6463948440739341,0.0,0.8592845636838305,0.8353525612927738,0.02393200239105675,false,0.926509186351706
302,249.0794701986755,328.0,73,24.02865586987908,259,133,238,111,17.770430704274435,0.7160828747424509,75.11269837220809,120.83112582781457,0.6726514442342953,0.0,0.8554083885209715,0.829482020821358,0.02592636769961343,false,0.9207317073170732
211,259.8862559241706,249.0,76,26.42308737329581,270,298,248,280,11.356253697708812,-0.892426466554062,68.18376618407356,289.5165876777251,0.5703354242682622,1.0,0.9109376452002603,0.8268140666939628,0.08412357850629748,false,0.8473895582329317
615,267.16747967479677,693.0,77,36.66297906771288,281,112,253,78,22.94210457775309,0.5193891468934652,119.05382386916237,95.6959349593496,0.5452532737589806,0.0,0.8575928582815244,0.7942834276567774,0.06330943062474703,false,0.8874458874458875
1178,276.0670628183362,1360.0,78,51.09632159793909,301,186,254,139,32.1930468816127,0.7942685161775679,172.2020561473032,163.5314091680815,0.49920449698457914,0.0,0.8709344518792239,0.7971710423299757,0.0737634095492482,false,0.8661764705882353
784,268.6505102040816,840.0,79,36.84388542615472,286,400,255,361,28.937548433997325,-0.29895081650959693,121.9827560572969,381.0229591836735,0.6621083176634793,1.0,0.8872148859543815,0.8524551701022292,0.03475971585215232,false,0.9333333333333333
1775,278.9645070422535,2146.0,80,66.59628175455893,303,268,257,197,38.63262645524405,-0.17200139773961157,237.07821048680188,237.68619718309859,0.39684868040576793,0.09521126760563381,0.8882584921292457,0.801432735256265,0.08682575687298066,false,0.8271202236719478
325,271.2769230769231,343.0,81,25.525231924342496,283,130,260,110,16.9436773305182,-1.0546295745566927,73.94112549695427,119.76307692307692,0.74700087611389,0.0,0.8594027149321269,0.7956795131845845,0.06372320174754242,false,0.9475218658892128
180,270.46666666666664,200.0,82,17.970357942170434,279,308,261,292,13.761695394159469,-1.246875950140074,58.11269837220809,300.6111111111111,0.6697925085172323,1.0,0.8897603485838782,0.8551515883560821,0.03460876022779613,false,0.9
129,277.3255813953488,130.0,84,13.93881536130874,284,318,270,305,12.065309536679859,-1.0651936098387214,43.4558441227157,311.5581395348837,0.8584266530171791,1.0,0.888189694482444,0.8590836666341498,0.02910602784829419,false,0.9923076923076923
1211,305.85383980181666,1423.0,85,66.80447228529438,324,372,287,313,25.35836897575811,-0.3627440513915931,187.50966799187808,342.737407101569,0.4328193589551121,1.0,0.8931267304609705,0.8558184622163472,0.0373082682446233,false,0.8510189739985945
482,303.103734439834,515.0,86,29.525763492343764,315,210,291,181,21.542678713256564,0.5877624653836606,94.32590180780453,196.53526970954357,0.6807614745120676,0.0,0.8761614189244165,0.7670105008828179,0.1091509180415986,false,0.9359223300970874
105,304.1047619047619,106.0,88,13.144314394806454,309,314,299,301,10.397181132774273,0.20993924677997367,39.21320343559643,307.5904761904762,0.8580933141000581,1.0,0.8960224089635854,0.8400885935769661,0.055933815386619345,false,0.9905660377358491
248,309.9274193548387,249.0,90,19.336015330864736,319,261,301,243,16.557239636533257,0.6814860979219596,59.698484809834994,252.46370967741936,0.8744498905256761,0.8266129032258065,0.9090290955091717,0.7967497976028275,0.11227929790634417,false,0.9959839357429718
214,324.1682242990654,218.0,91,17.97768138459725,332,363,317,346,15.377047718681123,-0.18998991967825354,56.62741699796952,354.4766355140187,0.8386294956492337,1.0,0.8881803188565147,0.8602649970879438,0.027915321768570922,false,0.981651376146789
1576,356.1732233502538,1984.0,92,67.83904734389421,380,332,322,277,36.691105140130475,-0.8946267716679706,226.48023074035524,307.4758883248731,0.3861050478543814,0.8711928934010152,0.8862346969244549,0.80542928939084,0.08080540753361487,false,0.7943548387096774
245,338.8448979591837,252.0,94,20.136723981168306,348,18,328,1,17.20245986839238,0.8643571791426562,65.24873734152916,7.563265306122449,0.7231555517310935,0.6285714285714286,0.8788635454181675,0.8196450144038657,0.059218531014301745,false,0.9722222222222222
104,359.9519230769231,104.0,98,13.816628448428254,366,278,353,267,9.900550321132572,0.9857966275979209,38.62741699796952,271.58653846153845,0.8758946372355518,0.0,0.8752262443438912,0.8367188254612191,0.03850741888267206,false,1.0
105,358.55238095238093,106.0,99,15.781771026562293,362,204,354,189,8.547363723462809,0.0212713041536647,40.384776310850235,196.35238095238094,0.8090284604135068,0.0,0.8680859010270774,0.7903276227618123,0.07775827826526505,false,0.9905660377358491
349,367.0888252148997,363.0,100,23.34319279125808,376,355,356,332,19.803251585349834,0.44451644104226784,78.18376618407356,342.56733524355303,0.7174673083069439,0.997134670487106,0.8806337434687346,0.84671482628139,0.03391891718734452,false,0.9614325068870524
3211,388.0218000622859,4602.0,101,170.80104796592542,400,153,357,1,34.12851929524602,0.0669840626269473,453.6934341759516,66.86047960137029,0.1960311921853297,0.5780130800373715,0.8835937738533592,0.8188640101201775,0.06472976373318173,false,0.6977401129943502
120,374.15833333333336,127.0,102,15.93985375565395,381,42,368,28,10.05827221873332,-0.7747702035900347,44.627416997969526,35.38333333333333,0.7571599052719757,1.0,0.8688888888888887,0.8273116353140245,0.04157725357486419,false,0.9448818897637795
184,394.70108695652175,208.0,106,24.869278431250383,400,398,389,374,10.718277225349905,0.1512169120225034,68.07716446627535,387.6630434782609,0.49891294260604524,1.0,0.8856564364876386,0.8401897696015345,0.04546666688610412,false,0.8846153846153846
146,396.5753424657534,147.0,107,20.947167840229014,400,173,392,154,9.286468118554176,0.0878169264006179,51.10660171779821,162.4041095890411,0.7024391552206757,0.0,0.873757722266989,0.7490870918156939,0.12467063045129512,false,0.9931972789115646
182,112.21428571428571,194.0,4,21.874825553742067,120,400,100,386,12.084291715145207,-1.054279151906274,58.00609665440987,394.7967032967033,0.6797261344023954,0.0,0.6296918767507003,0.2089790974962935,0.42071277925440675,false,0.9381443298969072
111,107.72072072072072,119.0,5,20.13952903851501,115,139,101,123,7.369890502763683,-0.636731951900253,48.284271247461895,130.67567567567568,0.5983034137424386,0.0,0.5807807807807808,0.3368515205724508,0.24392926020832995,false,0.9327731092436975
3752,168.99786780383795,5553.0,10,140.32366892821628,216,174,123,59,43.47562279793767,-0.7655234345078049,449.00209204105306,108.62633262260128,0.2338707803137902,0.0,0.6279328149170119,0.3097999499577023,0.3181328649593096,false,0.6756708085719431
101,134.21782178217822,104.0,11,11.815629756550026,140,186,129,175,11.08008607525913,-0.681933056346981,37.21320343559642,180.45544554455446,0.9165098219743015,0.0,0.5836924868957485,0.32277934544051323,0.26091314145523525,false,0.9711538461538461
283,144.35689045936397,287.0,12,30.469235029490616,151,32,139,2,12.14230942348219,0.033162905782652845,74.5269119345812,17.33922261484099,0.6402801629905264,0.0,0.6058338529758192,0.3818875651526434,0.22394628782317577,false,0.9860627177700348
225,172.40444444444444,241.0,18,19.56866369311258,183,400,163,385,15.818180001182448,1.136247791116134,62.834523779156065,393.8933333333333,0.7161363629682787,0.0,0.6453333333333334,0.30853959069966785,0.33679374263366557,false,0.9336099585062241
144,176.13194444444446,148.0,20,15.153923011018867,183,31,169,19,12.40531323217832,1.3974586319046458,45.21320343559643,24.430555555555557,0.8852008021443687,0.0,0.6534858387799564,0.4157169117647058,0.23776892701525054,false,0.972972972972973
3063,211.48579823702252,4034.0,21,135.6656090852111,253,394,171,291,36.42289988402812,-0.6383495020349654,328.53405460951757,337.9575579497225,0.3566120990198507,0.0,0.6941189273619998,0.26195694903878414,0.4321619783232156,false,0.7592959841348538
484,198.12603305785123,534.0,24,47.94701204006771,218,225,178,193,14.604223353396021,-0.9014191386537932,117.88225099390854,211.2417355371901,0.4376816965649508,0.0,0.6544401231567007,0.20134649066598315,0.4530936324907176,false,0.9063670411985019
823,195.70230862697449,1075.0,25,57.92243677457832,212,59,182,9,24.003161121528308,-0.04268377444590301,165.4386001800126,32.00121506682868,0.37786442469222575,0.0,0.6013198961236991,0.396299572460563,0.20502032366313605,false,0.7655813953488372
139,190.02158273381295,142.0,27,15.915242240351366,196,267,183,251,11.842855418523868,0.4189067567064615,47.45584412271572,259.35971223021585,0.7756133196116243,0.0,0.6823811539004091,0.3478657388132199,0.3345154150871892,false,0.9788732394366197
442,208.33484162895928,465.0,29,30.99599837937037,222,292,193,268,19.11540788161541,-1.0235922827925288,89.42640687119285,282.05882352941177,0.6945452904901481,0.0,0.6738088900718657,0.43975570556091287,0.23405318451095286,false,0.9505376344086022
276,218.7246376811594,282.0,30,25.359277462714058,232,271,206,257,14.225938490031517,-1.527441112348251,67.698484809835,263.6159420289855,0.7567650188568205,0.0,0.6911338448422847,0.32275989641139474,0.36837394843088994,false,0.9787234042553191
572,246.87237762237763,591.0,32,34.46184704720796,261,267,230,237,22.242849260859217,-0.813731169874066,98.9827560572969,253.91433566433565,0.7336464302365596,0.0,0.6352461264225971,0.25501230149854615,0.380233824924051,false,0.9678510998307953
146,240.4931506849315,148.0,33,15.943267467153925,246,396,234,381,12.03395874899908,0.0323744744589736,46.62741699796952,387.78767123287673,0.8438786597755721,0.0,0.6885576148267526,0.3303849745026215,0.3581726403241311,false,0.9864864864864865
150,251.2,154.0,34,19.871200620015248,260,15,242,4,9.874974392495343,-1.2769482432966506,50.627416997969526,9.86,0.7354100870118608,0.0,0.6009411764705882,0.3055234677283687,0.2954177087422195,false,0.974025974025974
284,280.09859154929575,299.0,37,30.40866511993868,293,249,267,230,12.720362823308644,-1.0893151386179287,74.18376618407356,240.60211267605635,0.6485006984644343,0.0,0.6608257387462027,0.29242242351486053,0.3684033152313421,false,0.9498327759197325
1050,303.54285714285714,1220.0,38,43.575761538357405,322,225,284,179,35.06415145144408,-0.1404635709186671,176.26702730475878,202.09333333333333,0.42467530020408517,0.0,0.640997198879552,0.2147965201421707,0.42620067873738127,false,0.860655737704918
108,297.3425925925926,115.0,40,14.813245651507406,303,17,292,3,10.111035960407374,-0.05336783632456778,43.45584412271571,9.13888888888889,0.7186827792701963,0.0,0.5782135076252723,0.31320222241820256,0.2650112852070698,false,0.9391304347826087
126,300.53968253968253,130.0,41,16.55904092326253,306,382,295,366,9.982005878255048,0.09601149345261394,44.8700576850888,373.86507936507934,0.7864428229155769,0.0,0.7166511048863989,0.34015976761074795,0.376491337275651,false,0.9692307692307692
134,315.910447761194,137.0,42,17.88599008157876,321,25,310,8,9.788292633551348,-0.2583558587246406,46.87005768508881,16.78358208955224,0.7665203448890942,0.0,0.6069944395668716,0.32493072599160794,0.28206371357526366,false,0.9781021897810219
171,342.6198830409357,185.0,46,22.014257053293093,355,14,335,1,11.917822873934409,-1.2112989908255218,58.59188309203678,5.4035087719298245,0.6259376315666897,0.0,0.6140350877192983,0.45433798937635245,0.15969709834294582,false,0.9243243243243243
254,345.01181102362204,310.0,47,34.84575615402993,351,64,337,33,11.221213407586113,0.19672575180719695,82.76955262170047,46.732283464566926,0.4659103573226206,0.0,0.5935000771962327,0.4139278279983114,0.17957224919792125,false,0.8193548387096774
220,351.8818181818182,235.0,48,22.57251885719036,363,400,343,387,13.567269951224125,1.545102415008211,64.04163056034261,394.3818181818182,0.674074321089082,0.0,0.6863636363636364,0.5030228758169935,0.18334076054664294,false,0.9361702127659575
114,367.780701754386,116.0,52,15.007421950745156,375,57,361,46,9.906727267308456,-1.0062465780588903,41.21320343559642,51.14912280701754,0.8434162605099418,0.0,0.6223254213966287,0.39444904722452356,0.22787637417210516,false,0.9827586206896551
336,374.1488095238095,348.0,53,27.775632444257635,382,48,363,23,16.288496585207294,0.48140995866169123,76.76955262170047,33.651785714285715,0.7164256426441464,0.0,0.6178338001867412,0.31575115340253745,0.3020826467842037,false,0.9655172413793104
503,383.93836978131213,583.0,54,41.2292406826769,400,400,365,382,17.74471950541552,-1.5140705430526884,112.52691193458118,392.9821073558648,0.49918904693843325,0.0,0.7049078080536391,0.3688703800104111,0.33603742804322795,false,0.8627787307032591
165,381.2,166.0,55,16.171739782113818,388,69,374,55,13.187045027988429,0.9990538251658917,48.62741699796952,61.35757575757576,0.8768623150343176,0.0,0.6091978609625668,0.4211938388408978,0.188004022121669,false,0.9939759036144579
179,380.9888268156425,190.0,56,27.64645918735022,387,134,376,109,8.784254979405855,0.2704481627997313,62.8700576850888,121.10055865921788,0.5690824300683126,0.0,0.6311534669733815,0.32854697009460254,0.30260649687877894,false,0.9421052631578948
127,86.48031496062993,140.0,5,19.583966621350182,94,62,78,48,9.262200495241675,0.8717590221227184,56.112698372208094,55.83464566929134,0.5068638026564065,1.0,0.734012660182183,0.6579896326346633,0.07602302754751977,false,0.9071428571428571
118,115.1864406779661,130.0,11,19.361743654931956,121,127,110,110,8.536733988877959,0.2983481327797093,48.87005768508881,118.60169491525424,0.620877852101531,1.0,0.7004652708541044,0.6077189714936108,0.09274629936049361,false,0.9076923076923077
170,131.96470588235294,172.0,14,18.822948361841156,140,153,123,139,11.754807854704614,1.0319448297934197,52.284271247461895,146.4,0.7814778396268388,1.0,0.6979008073817763,0.5631094915842444,0.1347913157975319,false,0.9883720930232558
101,136.2970297029703,107.0,16,16.06600343355548,142,244,131,230,8.576851910065715,0.3805526804907967,42.04163056034261,237.20792079207922,0.7180788488990274,1.0,0.5507668413900213,0.5311071153352172,0.01965972605480415,false,0.9439252336448598
105,137.94285714285715,105.0,17,13.463595262691161,144,142,132,130,10.178826980660068,-0.6804479605286564,38.04163056034261,135.96190476190475,0.9117607989936505,1.0,0.7180578898225957,0.7179664048029636,9.1485019632076e-5,false,1.0
209,146.01913875598086,216.0,19,20.66347872224155,155,177,137,161,13.508405679795025,-0.686250275650454,59.698484809834994,169.1531100478469,0.7369355932252675,0.9712918660287081,0.7071770334928231,0.7223792481111012,-0.015202214618278087,false,0.9675925925925926
142,150.9788732394366,146.0,21,15.003342194306747,158,128,143,115,12.515394239368225,1.5025178019448004,46.87005768508881,122.11971830985915,0.8122827535391893,1.0,0.7628279480806407,0.830145851444026,-0.06731790336338528,false,0.9726027397260274
121,160.45454545454547,125.0,24,14.462213522292988,168,117,154,106,11.217456684944601,1.367287884233917,42.62741699796952,112.58677685950413,0.8367913832770987,1.0,0.7738778155890456,0.7363067017851919,0.037571113803853695,false,0.968
111,164.59459459459458,114.0,26,14.257504492261095,172,245,158,234,10.217245179177112,1.1843004929281034,41.04163056034261,239.52252252252254,0.8281016107161779,1.0,0.597950892068539,0.6275773420479305,-0.029626449979391456,false,0.9736842105263158
156,170.91666666666666,156.0,27,20.630553229499963,181,132,161,122,9.726685603367388,1.416858937273683,50.62741699796952,127.15384615384616,0.7648264904923355,1.0,0.7662393162393161,0.8351647371121369,-0.06892542087282083,false,1.0
110,171.4181818181818,110.0,29,14.111127942778321,178,314,165,305,9.956302978967,-1.5140241972338797,38.14213562373095,309.1727272727273,0.9501507971837656,1.0,0.5166131907308379,0.42062358150091167,0.09598960922992622,false,1.0
134,174.28358208955223,149.0,31,18.92812475582587,180,292,168,275,9.981364151184842,0.3832173422044739,52.284271247461895,283.17910447761193,0.6159884147646847,1.0,0.5304945858940591,0.5614521452145216,-0.030957559320462513,false,0.8993288590604027
161,187.27329192546583,199.0,38,23.142135217208665,194,83,180,61,11.827910587821025,0.09815776551015067,66.76955262170047,72.7888198757764,0.45381495907086006,1.0,0.8032639142613565,0.7303869696026563,0.0728769446587002,false,0.8090452261306532
121,188.30578512396696,124.0,42,14.4873989691896,194,246,183,232,10.898986317927358,0.08825826534918224,43.21320343559643,239.44628099173553,0.8142585171964172,1.0,0.6279047156052505,0.6049944160670806,0.02291029953816992,false,0.9758064516129032
175,204.5142857142857,195.0,47,22.44788483960848,216,285,195,274,10.759512587735328,-1.3909928778133005,59.112698372208094,278.98857142857145,0.6293414607380485,1.0,0.5858375350140056,0.6010372800212778,-0.01519974500727217,false,0.8974358974358975
300,221.68333333333334,331.0,51,29.562110699713827,237,148,206,131,14.488371194401193,-1.435939409130361,82.42640687119284,138.94,0.5548791187565406,1.0,0.7911503267973857,0.8066339474120968,-0.015483620614711091,false,0.9063444108761329
122,215.62295081967213,123.0,53,13.439004572685826,222,186,209,174,11.776083582384087,-1.1622052558491696,41.21320343559643,180.20491803278688,0.9026033665106392,1.0,0.7549662487946,0.8405652767436088,-0.08559902794900887,false,0.991869918699187
109,223.13761467889907,118.0,55,17.779019341941925,229,80,216,66,8.481812804735641,0.6634640066398414,45.4558441227157,72.06422018348624,0.6629135677810016,1.0,0.8329915452419502,0.6986810436122077,0.13431050162974245,false,0.923728813559322
188,239.32978723404256,198.0,60,21.702209312202115,248,42,232,24,11.415506737937623,0.6521513392605897,58.526911934581186,33.6968085106383,0.6896940722571077,1.0,0.838715060492282,0.82679399911951,0.011921061372771935,false,0.9494949494949495
204,250.26470588235293,228.0,61,22.456348927760885,262,121,240,106,13.262614268712255,1.3655242709197535,63.94112549695428,113.32352941176471,0.6270172348522612,1.0,0.8309111880046137,0.8475529241385186,-0.01664173613390485,false,0.8947368421052632
103,248.7864077669903,103.0,63,14.388598528908606,254,58,243,45,9.2784654714968,0.6737764880556418,38.627416997969526,51.300970873786405,0.8674725734159788,1.0,0.8400152293927279,0.8265027517689942,0.013512477623733643,false,1.0
126,282.6904761904762,135.0,73,17.8623440831858,291,96,274,85,9.74217413490383,-1.3434252898531949,47.45584412271571,90.44444444444444,0.7030739443961489,1.0,0.827077497665733,0.8731294358234091,-0.04605193815767605,false,0.9333333333333333
114,314.1666666666667,117.0,82,16.650945836551035,321,220,306,210,8.982623403888194,-1.3209805049929912,43.21320343559643,215.5,0.7671526525652194,1.0,0.7428964568283454,0.6412909012185318,0.10160555560981355,false,0.9743589743589743
108,320.3611111111111,115.0,86,18.571097711243244,328,129,312,118,7.803515301545751,1.1245459005537515,45.21320343559642,122.78703703703704,0.6639006016082768,1.0,0.8503631082062454,0.8118511234280951,0.03851198477815032,false,0.9391304347826087
131,329.41984732824426,154.0,87,19.906963895207767,338,167,319,156,10.313164018787548,1.553707399224709,56.526911934581186,161.86259541984734,0.5151938124910735,1.0,0.8080227510851669,0.7302159764540067,0.07780677463116015,false,0.8506493506493507
162,342.4938271604938,164.0,91,19.381974803447065,351,248,333,237,10.737593727176264,1.2982108435825284,49.79898987322333,242.5185185185185,0.8208878191823363,1.0,0.6817961752602276,0.611427182105519,0.07036899315470857,false,0.9878048780487805
184,343.2228260869565,196.0,92,18.780724654179114,353,80,334,65,14.01721786185769,-1.1022761325861692,59.698484809834994,72.02173913043478,0.6487854026480823,1.0,0.8551150895140663,0.887142183076439,-0.032027093562372655,false,0.9387755102040817
311,390.89067524115757,318.0,103,24.302839117066302,400,173,378,155,17.36303389666485,-1.2898585328399885,70.62741699796952,164.17041800643088,0.7834722274640215,1.0,0.8163293613265244,0.6834220354808591,0.13290732584566534,false,0.9779874213836478
119,395.1512605042017,121.0,106,13.292040016624922,400,183,388,172,12.10721762385852,-1.3110183669187818,43.31370849898476,177.42016806722688,0.7970876616270958,1.0,0.7885648376997857,0.6442352941176469,0.1443295435821388,false,0.9834710743801653
224,6.383928571428571,234.0,1,23.228700159719946,15,20,1,1,13.554978342639227,-0.3047998925831913,61.89949493661166,9.303571428571429,0.734655393715645,0.0,0.703834033613445,0.4334180183701387,0.2704160152433063,false,0.9572649572649573
130,6.7,134.0,3,13.776377296692711,12,223,1,210,12.535915605110764,-0.9145287709763478,44.14213562373095,216.8153846153846,0.8383908594856151,0.0,0.6267269984917043,0.515037266368536,0.11168973212316835,false,0.9701492537313433
305,14.636065573770491,336.0,5,34.96172462334033,24,83,5,52,11.629470021670715,-0.40708343215312365,84.08326112068522,66.87213114754098,0.5421139824608994,0.0,0.6714496946319509,0.3862232952882645,0.28522639934368643,false,0.9077380952380952
943,35.37009544008484,1101.0,7,54.401074410949604,49,120,20,66,24.312037297051113,0.15627529870345938,170.16652224137044,89.1728525980912,0.4092355094990239,0.0,0.664275466284075,0.4302163705434038,0.23405909574067119,false,0.8564940962761126
105,26.485714285714284,107.0,9,16.795654685569968,31,382,23,366,8.099838861285034,-0.14988919953541996,40.97056274847714,373.81904761904764,0.7860592898267771,0.0,0.617703081232493,0.32881858625803256,0.2888844949744604,false,0.9813084112149533
111,31.054054054054053,119.0,10,17.3473799137341,36,399,24,384,8.900672395552178,0.6423856641582496,46.04163056034261,391.1981981981982,0.6580084205790738,0.0,0.6079491255961844,0.3072196620583717,0.3007294635378127,false,0.9327731092436975
133,44.72932330827068,140.0,12,18.325104088559772,51,386,38,369,10.097368745435244,-0.45975182707439194,48.526911934581186,377.6390977443609,0.709734953614799,0.0,0.640454076367389,0.2694367959949937,0.37101728037239534,false,0.95
156,54.19871794871795,164.0,15,17.50104453489958,62,357,47,341,12.277530952463971,-0.5311768636290671,52.2842712474619,348.10897435897436,0.7171208410693342,0.0,0.6193815987933635,0.28582013181055294,0.3335614669828106,false,0.9512195121951219
946,65.90380549682875,982.0,16,50.33278626291127,80,129,52,78,24.72208555345021,0.1900115746398449,136.46803743153546,105.81183932346723,0.6383209648936957,0.0,0.6680388011441366,0.46890981442811547,0.19912898671602114,false,0.9633401221995926
176,65.04545454545455,203.0,18,30.079493139844722,71,208,57,183,8.650163704777833,-0.33812082813468447,69.94112549695429,196.23863636363637,0.4521237263942181,0.0,0.6384358288770055,0.3251680071170099,0.31326782175999557,false,0.8669950738916257
142,74.00704225352112,165.0,20,23.461290520861834,78,339,70,318,8.525438522765787,0.021339075742903328,55.698484809834994,328.5492957746479,0.5751901580735784,0.0,0.6431648715824357,0.3647965068380291,0.2783683647444066,false,0.8606060606060606
172,84.03488372093024,175.0,21,16.870260224381383,92,277,76,262,13.551019264191384,-0.991082014347321,51.698484809834994,269.24418604651163,0.8086911328147338,0.0,0.6437528499772003,0.35059200150648506,0.2931608484707152,false,0.9828571428571429
122,84.71311475409836,125.0,22,16.502806385854218,92,355,79,342,9.692686079660572,-0.7386295875745371,43.21320343559643,347.90983606557376,0.8209879264294454,0.0,0.6670845387335262,0.3647098839535815,0.30237465477994474,false,0.976
1285,104.64824902723736,1548.0,23,74.6406143578506,137,168,80,113,23.926417624579592,0.7842953565091316,189.58073580374355,141.72451361867704,0.4492877552628573,0.0,0.679572747386893,0.3773169424019606,0.3022558049849324,false,0.8301033591731266
466,105.00858369098712,543.0,27,31.710748030210123,116,277,90,243,22.054254598467487,-0.4201490999759494,102.91168824543142,261.1094420600858,0.5529251891344839,0.0,0.6486409155937053,0.3942634044768349,0.2543775111168704,false,0.858195211786372
100,96.69,101.0,28,13.803191881422608,103,300,91,288,9.54642833129904,-0.8584103817166744,38.62741699796952,293.7,0.8422063819572613,0.0,0.646705882352941,0.44639894419306203,0.200306938159879,false,0.9900990099009901
114,98.51754385964912,118.0,29,17.712924806054524,102,58,94,41,8.424226482563506,-0.08619793489198958,43.798989873223334,49.68421052631579,0.7467694213734334,0.0,0.6730650154798761,0.3574284991141483,0.31563651636572776,false,0.9661016949152542
141,117.73758865248227,144.0,35,18.200956321437186,125,285,112,269,10.155487233031652,-0.39550029162138356,47.62741699796952,276.97872340425533,0.7811148942880947,0.0,0.64266444166319,0.4043069250821715,0.23835751658101856,false,0.9791666666666666
713,142.0757363253857,757.0,37,49.02995575496769,168,400,119,380,20.228456167869044,1.4725347422395823,127.42640687119284,392.25105189340815,0.5517985050077155,0.0,0.6422627395979433,0.35519589239870514,0.2870668471992382,false,0.9418758256274768
1046,145.1434034416826,1167.0,40,49.46193428552567,163,208,129,158,27.85042848155873,0.3837644175988216,159.92388155425118,183.19502868068832,0.5139429397231742,0.0,0.6786938102200728,0.38676290369088806,0.29193090652918474,false,0.8963153384747216
187,145.68449197860963,217.0,43,22.61232279333738,156,134,136,121,12.578057186741415,-1.4055771526015257,61.112698372208094,126.75401069518716,0.6291997632881405,0.0,0.6700429904582155,0.37827261586452765,0.2917703745936878,false,0.8617511520737328
105,149.2952380952381,107.0,45,12.93630513856269,154,269,144,257,10.502600490914006,0.32414202855323304,39.21320343559643,262.83809523809526,0.8580933141000581,0.0,0.627450980392157,0.42392957182873137,0.2035214085634256,false,0.9813084112149533
126,162.34920634920636,133.0,48,15.109872347343167,168,278,155,264,11.290218399991483,0.6810828185149034,45.62741699796952,270.44444444444446,0.7605515253227355,0.0,0.6572673513849984,0.40918877354863487,0.2480785778363635,false,0.9473684210526315
249,175.2690763052209,257.0,49,28.86422542052548,185,400,164,379,11.371256906396589,0.6920939730572782,69.35533905932738,389.12449799196787,0.650503163099664,0.0,0.6968737695881565,0.37284624256942595,0.32402752701873055,false,0.9688715953307393
225,194.9777777777778,230.0,52,23.563725357111053,200,161,188,138,12.470233313758813,-0.003668567981304206,61.21320343559642,149.47555555555556,0.7545745729014239,0.0,0.735128540305011,0.42120261437908496,0.313925925925926,false,0.9782608695652174
122,196.29508196721312,123.0,54,14.595765739399805,203,173,190,160,10.891954767086558,-0.775507654069811,42.62741699796952,166.10655737704917,0.8437070145438516,0.0,0.7110896817743491,0.44556467370066416,0.2655250080736849,false,0.991869918699187
542,231.40774907749076,700.0,60,38.638438215823086,246,398,219,357,22.904042122816143,0.002630047260587511,133.53910524340094,376.93542435424354,0.38193743449752504,0.0,0.6760147601476014,0.462098281287824,0.21391647885977744,false,0.7742857142857142
124,227.19354838709677,126.0,63,19.00094528038491,232,141,223,123,8.686257604270054,0.016589121253273543,46.384776310850235,132.38709677419354,0.724236846009546,0.0,0.7012966476913347,0.48406404413947235,0.21723260355186236,false,0.9841269841269841
158,234.2594936708861,164.0,64,16.098537539320294,242,111,227,97,13.243533024356877,-0.9134172884016419,50.627416997969526,102.75949367088607,0.7746319583191601,1.0,0.7501116902457184,0.5619786434497898,0.18813304679592868,false,0.9634146341463414
672,259.2529761904762,765.0,71,42.01642108507298,273,275,245,235,21.872878110654728,-0.2835030139730451,123.29646455628166,256.2291666666667,0.5554921035655372,0.22470238095238096,0.7008520074696549,0.4251929383853185,0.2756590690843364,false,0.8784313725490196
142,259.34507042253523,170.0,73,18.89444859788095,270,292,252,278,12.265641190765308,1.512208963721329,59.112698372208094,284.50704225352115,0.5106656424274452,0.0,0.6751449875724939,0.44578464382385946,0.2293603437486344,false,0.8352941176470589
139,261.8561151079137,139.0,74,17.227901699360885,267,99,256,83,10.485753213206262,-0.22375455364893654,45.79898987322333,91.53956834532374,0.8327465945541852,1.0,0.7518973056848639,0.5214661243924215,0.23043118129244244,false,1.0
228,269.5921052631579,246.0,75,20.96470359113076,278,237,260,219,15.083541135463303,-0.7749583283496524,63.35533905932737,228.7719298245614,0.7138028408595349,0.0,0.7056931544547644,0.41988739270808734,0.2858057617466771,false,0.926829268292683
238,278.2773109243698,257.0,76,21.96859252703458,287,307,270,286,14.983717653575061,0.3614326206429814,64.52691193458118,297.39495798319325,0.7182986628048058,0.907563025210084,0.7432196407974956,0.5136726998491703,0.22954694094832528,false,0.9260700389105059
120,283.475,120.0,78,14.409080725130572,290,286,277,273,10.873543498428939,-0.6556158231004374,41.45584412271572,278.84166666666664,0.8774443558911517,1.0,0.711111111111111,0.4970441908106526,0.21406692030045843,false,1.0
598,296.82107023411373,689.0,79,44.37873127983547,313,156,284,118,19.354317253008787,-0.5741894399985472,119.05382386916236,137.48996655518394,0.5301812320453179,0.6204013377926422,0.7768115942028989,0.5108589628744901,0.26595263132840885,false,0.8679245283018868
127,290.88188976377955,129.0,81,18.41053481369211,298,192,284,179,8.998036658001713,0.9416089294641489,46.04163056034261,185.2204724409449,0.7528564812030845,0.0,0.7361432762081209,0.4285062636165578,0.3076370125915631,false,0.9844961240310077
589,304.51103565365025,645.0,82,36.50897330971887,322,316,286,291,22.007590585063067,1.5544052290700783,106.29036790187178,303.0101867572156,0.6551448602818483,0.8149405772495756,0.6928992309997006,0.43093550673281333,0.2619637242668873,false,0.9131782945736434
250,309.36,266.0,84,26.684888591244803,318,234,302,209,12.681861727398429,-0.23077541384842115,69.11269837220809,221.688,0.6577095890906051,0.0,0.7380705882352938,0.4314361282775107,0.3066344599577831,false,0.9398496240601504
391,316.73657289002557,409.0,85,28.394349789907775,330,167,304,145,18.003560179418933,-1.0841651111577115,82.18376618407356,155.84398976982098,0.7274690856395495,0.0,0.7331628303495311,0.5316188311073221,0.201543999242209,false,0.9559902200488998
143,320.7972027972028,146.0,86,16.325237899742124,328,368,314,353,11.411121094594902,-0.669642131463636,47.45584412271572,360.9020979020979,0.7979331273702323,0.7062937062937062,0.697737556561086,0.4391960588039019,0.25854149775718416,false,0.9794520547945206
318,327.37106918238993,322.0,87,22.557367198932962,337,323,317,300,18.40700651012845,-0.5192948993221835,69.59797974644665,312.21069182389937,0.8249805647318864,0.660377358490566,0.7051301023554074,0.39706176176764396,0.30806834058776345,false,0.9875776397515528
120,325.075,122.0,88,15.485437090447723,332,117,318,105,10.070645698486892,-1.1751420256291947,42.62741699796952,110.9,0.8298757520103457,0.0,0.7098039215686274,0.4563705803606582,0.2534333412079692,false,0.9836065573770492
1068,341.2808988764045,1320.0,89,43.80338195276426,366,62,321,18,35.44536481329409,0.7975775195790041,159.33809511662426,41.59737827715356,0.5286179120251858,0.0,0.7332121612690022,0.4788668947083123,0.25434526656068995,false,0.8090909090909091
740,351.9202702702703,823.0,92,42.67418269885209,372,159,330,133,23.664140799216046,-1.3592728951898871,127.39696961966999,144.38108108108108,0.5729587927051281,0.0,0.7267938526762061,0.5256914539400668,0.20110239873613933,false,0.8991494532199271
917,350.7535441657579,1042.0,93,41.83925734882732,370,372,332,329,31.412669117985427,0.3420532266094094,150.1959594928933,352.3893129770992,0.5108138928280307,0.6008724100327154,0.7215044796544573,0.46431759625503516,0.25718688339942214,false,0.8800383877159309
236,357.4194915254237,238.0,96,19.24659008991786,367,25,348,9,15.76514368027496,1.556061840336667,58.49137802864845,16.89406779661017,0.8668384372040366,0.0,0.7075440345629775,0.5022119879980462,0.20533204656493131,false,0.9915966386554622
263,363.82889733840307,272.0,97,24.15068658686362,374,257,355,236,14.42461329060432,-0.7255185181477802,66.5269119345812,245.87832699619773,0.7467425235380596,0.0,0.6919108327741742,0.4094003596964513,0.2825104730777229,false,0.9669117647058824
261,375.2567049808429,279.0,99,25.249864883984234,387,34,363,17,14.346799315914739,1.1996591678400095,67.94112549695429,25.42911877394636,0.7105340539874204,0.0,0.7207121929231461,0.5897523973092887,0.1309597956138574,false,0.9354838709677419
488,376.68237704918033,507.0,100,31.234549165859786,391,238,363,212,20.688166281267684,-0.8104905574125408,90.66904755831213,224.73975409836066,0.7459531954633384,0.0,0.7176872388299586,0.39013505266788717,0.3275521861620714,false,0.9625246548323472
315,375.55555555555554,328.0,101,25.928046174540626,388,17,364,1,16.019788226395455,-1.4660733706590978,71.04163056034261,7.780952380952381,0.7843223233014402,0.0,0.7443012760659818,0.6030349531116795,0.1412663229543023,false,0.9603658536585366
117,370.1623931623932,117.0,102,15.341639676501487,376,396,364,383,9.935713024246615,-0.6768847611046189,41.21320343559643,390.20512820512823,0.8656114252602032,0.905982905982906,0.7249874308697839,0.5292301243537797,0.1957573065160042,false,1.0
153,378.48366013071893,156.0,103,20.953384813425508,387,350,370,335,9.487375926245157,-0.87171535585764,51.698484809834994,342.5947712418301,0.7193589727945016,0.0,0.6811482763039858,0.5169246646026834,0.1642236117013024,false,0.9807692307692307
1552,386.7306701030928,1732.0,104,71.78921113941185,400,149,371,82,29.973634411706005,0.008638414348525669,195.6812408671319,116.52255154639175,0.5093346164387746,0.0,0.7473089751364465,0.574074074074074,0.1732349010623725,false,0.8960739030023095
477,390.31027253668765,533.0,105,39.83450259431536,400,83,379,49,16.79026580615203,0.22986602824614222,101.25483399593904,65.61844863731656,0.5846510191744295,0.0,0.7350926953590662,0.49454248366013065,0.24055021169893553,false,0.8949343339587242
141,386.9432624113475,142.0,106,14.881436133641138,394,260,379,247,12.690515007677591,-1.4329952042370424,46.04163056034262,253.0709219858156,0.8358485342490933,0.0,0.681045751633987,0.5386761415975788,0.14236961003640813,false,0.9929577464788732
652,393.05981595092027,673.0,107,48.37627822166156,400,228,381,179,19.036804830980707,0.08185872099402705,121.59797974644665,201.94325153374234,0.5541211676178428,0.0,0.7143570311560209,0.6025678216492079,0.11178920950681304,false,0.9687964338781575
100,388.05,100.0,108,13.623402043192845,393,162,383,149,9.483275635007608,0.3296986594253434,37.79898987322333,155.37,0.8795276071345477,0.0,0.7196470588235293,0.6428071023070421,0.07683995651648723,false,1.0
132,394.72727272727275,139.0,109,14.096598036342598,400,13,388,1,12.698537945391285,1.1515652088104198,45.9350288425444,6.136363636363637,0.7861326037754134,0.0,0.7642899584076053,0.6042892156862745,0.1600007427213308,false,0.9496402877697842
3690,61.31924119241192,5037.0,2,151.10338819521866,134,213,1,144,38.52216874249229,-1.2107857189133244,408.9482681718907,179.48536585365855,0.2772678299785014,1.0,0.7653786067272439,0.6875091132343348,0.07786949349290906,false,0.7325789160214413
20978,187.73786824292117,26612.0,3,436.8833552245155,400,400,1,300,69.08908591171132,-1.4194364185087593,1053.6295090390227,358.5596815711698,0.2374641723327751,1.0,0.8568188148555259,0.814319968059223,0.04249884679630289,false,0.788290996542913
119,37.226890756302524,119.0,7,17.949110165177895,46,263,29,255,8.515216736350474,1.492812537270571,43.55634918610404,258.8067226890756,0.7882316764291246,1.0,0.7966386554621847,0.7667112299465245,0.02992742551566019,false,1.0
964,69.99377593360995,1111.0,8,59.78203690525252,98,27,40,1,22.460690313341495,1.3398065718043353,158.3259018078045,11.836099585062241,0.4832623451872503,0.991701244813278,0.8183386217557561,0.4323197552113213,0.3860188665444348,false,0.8676867686768677
245,58.66122448979592,263.0,9,29.882565739811987,73,51,46,39,11.251523434243069,-1.4744093118274866,71.69848480983498,44.91428571428571,0.5989023160584972,0.0,0.6719967987194876,0.4165518340037435,0.25544496471574407,false,0.9315589353612167
138,105.55797101449275,138.0,12,16.61677252352289,114,188,98,177,10.755950648183044,-1.3515144631098897,45.21320343559642,182.34782608695653,0.8483174353883537,1.0,0.7549303779482806,0.7384664434879643,0.016463934460316243,false,1.0
110,121.63636363636364,112.0,13,13.958313355588947,128,198,115,187,10.342715758393572,1.2911098155251186,39.97056274847714,192.88181818181818,0.8652109828094364,1.0,0.7836007130124777,0.7089152902540329,0.07468542275844481,false,0.9821428571428571
1084,138.28782287822878,1233.0,14,45.80346469436376,163,143,116,108,32.74011606546235,-1.227345733268204,167.1959594928933,123.9649446494465,0.48729010245717486,0.9501845018450185,0.6802112727009624,0.6279994515288636,0.05221182117209877,false,0.8791565287915653
468,135.96794871794873,513.0,15,34.849722980124916,150,188,118,165,18.067639829194857,-1.1389916477681694,95.01219330881975,177.0448717948718,0.6514739127275267,1.0,0.754038880509469,0.7299898829310596,0.024048997578409392,false,0.9122807017543859
914,168.0929978118162,1048.0,18,41.16390334744711,187,196,150,162,30.994459563087837,-1.05562399632597,142.98275605729688,177.60284463894968,0.5618090511101457,1.0,0.7541039172780709,0.705521895850909,0.04858202142716195,false,0.8721374045801527
425,175.15058823529412,453.0,19,26.26231719014246,188,130,163,110,21.396997742985914,1.568215024813261,85.35533905932736,120.20470588235294,0.7330564348556003,1.0,0.718477508650519,0.6651736836866731,0.05330382496384589,false,0.9381898454746137
501,188.85029940119762,531.0,21,41.712550161280554,207,112,166,95,16.35335188064089,1.467312928026421,104.66904755831214,101.99201596806387,0.5746601015817717,1.0,0.6719267347657628,0.5683923569427776,0.10353437782298525,false,0.943502824858757
360,198.70833333333334,376.0,23,26.831336886321807,211,180,188,158,17.766415894383783,-1.0942715125361646,79.35533905932738,168.48055555555555,0.7183896415602613,1.0,0.7456971677559914,0.6951832907075878,0.0505138770484036,false,0.9574468085106383
175,217.0,176.0,24,22.404136335686097,227,237,206,227,10.063511657901755,1.3785213085360186,54.38477631085023,232.0857142857143,0.7435209662774351,1.0,0.79612324929972,0.7486564996368922,0.04746674966282782,false,0.9943181818181818
2031,258.6582964057115,2705.0,25,102.62043852944173,307,179,209,140,30.375015817317866,-1.4764766242969185,274.97160876900364,159.6981782373215,0.33755463697313354,1.0,0.7405026018285207,0.6799550304452269,0.06054757138329381,false,0.7508317929759705
269,237.73234200743494,314.0,26,22.658768856116744,248,235,225,216,17.71471750158067,1.5316432819090664,79.59797974644667,224.47583643122675,0.5335290284684127,1.0,0.7638749179969386,0.7318547706163807,0.03202014738055792,false,0.856687898089172
283,249.37809187279152,293.0,27,39.63296145808301,267,400,230,391,9.533046719405817,-1.5139555238829854,86.38477631085023,396.4452296819788,0.47656470363044723,1.0,0.8498718215201274,0.8410348822242244,0.008836939295903012,false,0.9658703071672355
635,264.1433070866142,677.0,30,35.790605491091256,281,148,246,123,23.477780533268216,-1.3465284582589496,107.1543289325507,135.02992125984252,0.6949669436102629,1.0,0.6956306932221711,0.6229605618584553,0.0726701313637158,false,0.9379615952732644
1283,282.12548713951674,1418.0,31,53.33697870158936,312,249,258,211,35.10704649018336,1.2535014942412368,172.36753236814712,231.50194855806703,0.5426572277930639,1.0,0.8102180856754244,0.7443712898003242,0.06584679587510023,false,0.9047954866008463
1595,361.4489028213166,1838.0,33,104.95579659936841,400,400,304,372,22.636563365957347,-1.4724378656740764,234.70458146424488,391.1887147335423,0.3638542206916473,1.0,0.8690392771528673,0.84000824628917,0.029031030863697294,false,0.8677910772578891
157,317.95541401273886,159.0,34,19.401997876569254,325,32,312,14,10.79751326700391,-0.4580978939237613,49.698484809835,22.662420382165607,0.7987727118043196,0.9936305732484076,0.6434369926314475,0.5459143313977954,0.09752266123365205,false,0.9874213836477987
736,331.5652173913044,870.0,35,42.30400327816462,348,166,314,128,24.16297683157341,-0.5758573694561324,141.78174593052023,147.5625,0.4600944963576149,1.0,0.7129422421142376,0.6572593498647101,0.055682892249527494,false,0.8459770114942529
145,351.82758620689657,145.0,36,15.99281365224286,359,161,345,147,11.709885635293352,0.7504010975559172,46.04163056034261,153.97241379310344,0.8595605494050964,1.0,0.7067748478701825,0.6858387799564268,0.020936067913755685,false,1.0
172,362.2848837209302,178.0,37,16.61657407554427,370,147,354,132,13.592970987209576,1.1190143056692776,52.526911934581186,139.68023255813952,0.783383774747592,1.0,0.7046967624259007,0.6642876139358336,0.04040914849006716,false,0.9662921348314607
100,366.53,101.0,38,14.927335077890778,373,212,361,200,8.659715207347846,0.8660918050244769,39.21320343559643,206.34,0.8172317277143409,1.0,0.7518431372549018,0.7413119306444514,0.010531206610450372,false,0.9900990099009901
563,388.4103019538188,670.0,41,33.82776455267903,400,191,368,161,25.484074937578818,0.8781170834128151,117.04772721475248,174.91119005328596,0.5164071997277965,1.0,0.7308536203113575,0.7000856504848433,0.030767969826514197,false,0.8402985074626865
1508,24.763262599469495,1738.0,1,58.12433683059332,57,115,1,79,35.695592034000455,-1.5213068677264057,184.3319984622144,97.2659151193634,0.5577116832116715,0.7002652519893899,0.8641493732771622,0.7581679297485869,0.1059814435285753,false,0.8676639815880323
513,8.458089668615985,589.0,2,43.77663411457442,20,176,1,135,16.905301153195598,-0.2824885988898975,118.63351365237939,152.1812865497076,0.4580495305119324,0.08187134502923976,0.8473569544776979,0.7585802928766443,0.08877666160105357,false,0.8709677419354839
325,7.643076923076923,367.0,3,34.074776527720076,20,244,1,212,15.16974472038981,0.4618073391372521,92.52691193458118,230.28615384615384,0.47704251848805,0.9569230769230769,0.8276923076923078,0.7410133879470553,0.08667891974525255,false,0.885558583106267
156,16.275641025641026,161.0,8,17.213457125489946,23,275,10,258,12.001560698776139,0.24419509767648598,49.45584412271571,266.36538461538464,0.8014920604261141,1.0,0.8484414278531924,0.7885632798573978,0.059878147995794606,false,0.968944099378882
172,19.3953488372093,175.0,9,20.271742101631748,27,194,11,178,11.068922603899532,0.8259983192111976,52.8700576850888,185.95348837209303,0.7732478879153052,0.0,0.8297993616051069,0.7201101564221196,0.1096892051829873,false,0.9828571428571429
291,22.982817869415808,308.0,10,23.015006786993496,35,171,13,152,17.14445753186132,1.1571283405049733,70.18376618407358,161.84192439862542,0.7423855567120363,0.6323024054982818,0.847058823529412,0.761299648064354,0.08575917546505796,false,0.9448051948051948
255,30.619607843137256,269.0,12,21.871430926962688,40,149,21,133,15.534157579050113,-1.177169490712538,65.79898987322333,141.67843137254903,0.7401361069708962,0.8470588235294118,0.8462437524029223,0.743564794338788,0.1026789580641343,false,0.9479553903345725
258,39.325581395348834,276.0,13,25.060605075317664,52,43,28,26,14.186299453631785,1.2988860502948416,70.18376618407356,35.68604651162791,0.6581975038890222,1.0,0.8622891016871868,0.71222797750312,0.1500611241840668,false,0.9347826086956522
105,39.695238095238096,105.0,15,13.049493465396258,46,76,34,66,10.285717333640637,1.3141259946805124,36.970562748477136,71.24761904761905,0.9653549783625656,1.0,0.8836227824463119,0.7730819711251643,0.11054081132114757,false,1.0
327,48.62996941896024,368.0,18,24.20530291932083,61,147,40,123,19.70926467722995,0.47291791398448246,80.2842712474619,136.07645259938838,0.6375242038064705,0.7186544342507645,0.8521196857948071,0.7471194663432389,0.10500021945156823,false,0.8885869565217391
116,47.060344827586206,118.0,19,16.7044093693458,51,172,42,156,9.040511091531506,0.0045018310018470065,42.384776310850235,164.50862068965517,0.8114243985981963,1.0,0.9134888438133874,0.6900610310349311,0.22342781277845625,false,0.9830508474576272
442,60.38461538461539,477.0,20,34.797348409489906,73,61,46,32,17.35022936996412,-0.8171571550667104,94.91168824543144,46.585972850678736,0.6165846893315431,0.8529411764705882,0.8672699849170441,0.7090769064892259,0.15819307842781816,false,0.9266247379454927
112,60.035714285714285,115.0,24,15.925767392519438,65,249,55,234,9.259167233467801,-0.3440717001635899,42.62741699796952,241.55357142857142,0.7745507018763228,1.0,0.8758053221288515,0.7125846149165643,0.1632207072122872,false,0.9739130434782609
155,65.29677419354839,170.0,25,19.71035613948272,73,94,59,76,11.646282149677928,0.3360505411740836,54.284271247461895,86.4,0.6609879441062068,1.0,0.8373687539531939,0.7528683863336518,0.08450036761954205,false,0.9117647058823529
106,73.90566037735849,106.0,27,14.115872494660099,81,131,67,122,9.62672280622567,1.532655793869177,38.384776310850235,125.99056603773585,0.9040609300033277,0.3018867924528302,0.8344062153163151,0.7348522194834899,0.0995539958328252,false,1.0
227,102.05726872246696,245.0,30,23.194020195669903,115,111,91,97,13.515773579896827,-1.550439760823657,67.11269837220809,103.35242290748899,0.6333245451504992,1.0,0.8260862054072732,0.7476717381281699,0.07841446727910328,false,0.926530612244898
189,109.3068783068783,201.0,32,30.39463246540017,119,258,100,235,8.335120359382296,-0.6740449148473756,66.42640687119285,246.64550264550263,0.5382575690505413,1.0,0.902251270878722,0.6332627823702467,0.26898848850847534,false,0.9402985074626866
1214,130.95057660626028,1717.0,34,54.575902189275624,153,196,105,145,41.22968203821604,0.8053343445739305,219.1370849898476,171.08237232289952,0.31768505911348,0.971169686985173,0.8484187744290471,0.7245537810402413,0.12386499338880586,false,0.7070471753057659
6661,180.74027923735176,10331.0,35,147.86907055839205,243,365,108,264,84.14950622770597,-1.312085290231318,607.7838379715732,313.66941900615524,0.22659535510420797,0.8067857679027173,0.8655716182284353,0.7999972187456547,0.06557439948278065,false,0.6447584938534507
101,117.21782178217822,115.0,36,14.745248573565966,124,12,109,1,11.238153917719814,0.8698457354074888,45.384776310850235,4.930693069306931,0.6161845989523032,1.0,0.8371190060182488,0.6619446280384814,0.17517437797976743,false,0.8782608695652174
399,141.08771929824562,426.0,39,35.11220098162349,154,42,125,16,15.388858790260448,0.8888281071988391,90.32590180780451,28.06516290726817,0.614551307853545,1.0,0.8539387684898523,0.644889641117751,0.20904912737210124,false,0.9366197183098591
3348,197.32198327359617,4481.0,40,133.52612217425002,252,400,126,352,44.37974432049964,-1.4624675415171922,389.38582233137674,383.9551971326165,0.27748214562622664,1.0,0.8754445147234519,0.838127177629271,0.037317337094180836,false,0.7471546529792457
433,147.8337182448037,476.0,41,29.288643129769273,163,260,135,235,20.112518973227957,0.9715278487091158,93.11879502661796,247.5242494226328,0.6275134883589143,0.4064665127020785,0.8343793868586696,0.7199067336431783,0.11447265321549138,false,0.9096638655462185
272,154.875,307.0,42,22.23810657487191,164,153,146,131,17.447552600384537,-0.3214728833224566,71.35533905932738,141.7683823529412,0.6713141785232147,1.0,0.8621828143021916,0.7277345251826223,0.1344482891195693,false,0.8859934853420195
265,166.83018867924528,266.0,44,20.298917466343912,177,267,157,250,16.82154364536842,-1.3324663830180439,61.112698372208094,258.4566037735849,0.8916467233762418,0.9358490566037736,0.8580540140584536,0.7159743518260389,0.14207966223241475,false,0.9962406015037594
111,167.56756756756758,111.0,45,13.727330048914297,173,136,161,125,10.396864043461498,-0.9586333911800579,37.798989873223334,131.018018018018,0.9762756439193476,1.0,0.8661013955131602,0.7399800598205389,0.1261213356926213,false,1.0
718,187.7841225626741,817.0,46,35.91969849227854,203,111,169,76,27.921622270057256,-0.6301437669036546,121.56854249492379,94.16852367688023,0.6105087439463177,0.9972144846796658,0.8539297613195699,0.7343575466996617,0.11957221461990819,false,0.8788249694002448
148,179.30405405405406,161.0,47,17.1391857238209,187,77,171,64,11.546202172214747,1.261052128220899,50.45584412271571,70.11486486486487,0.7305477825105573,1.0,0.8604398516163222,0.7666666666666668,0.09377318494965536,false,0.9192546583850931
119,183.07563025210084,119.0,48,15.083089862264735,189,66,177,53,10.11014185790981,0.6971467828395418,40.04163056034262,59.81512605042017,0.9326814017033532,1.0,0.8862745098039213,0.667255571170448,0.21901893863347333,false,1.0
500,197.47,536.0,50,36.8266165646346,209,28,180,1,19.27639780668009,0.7370932913226887,97.01219330881975,12.43,0.6676167455875177,1.0,0.8959764705882356,0.6214675560946028,0.2745089144936328,false,0.9328358208955224
298,208.16442953020135,308.0,55,24.797672505601774,220,260,196,242,15.850939315575374,1.1907685466528166,71.59797974644665,251.70805369127515,0.7305073530984488,0.09060402684563758,0.8580339518357681,0.7275546833867806,0.1304792684489875,false,0.9675324675324676
173,208.79190751445086,180.0,56,17.966491901085792,217,62,200,47,13.554736427434799,0.8040933309959662,53.2842712474619,53.0635838150289,0.7656986938548789,0.9421965317919075,0.853587215232914,0.717905623787977,0.13568159144493708,false,0.9611111111111111
263,208.04562737642587,277.0,57,25.73211579617191,216,150,201,124,13.565394815411597,0.22010164661742307,69.35533905932736,137.46007604562737,0.6870776381333804,1.0,0.8803697905017521,0.7316745548794235,0.14869523562232867,false,0.9494584837545126
191,209.49214659685865,200.0,58,18.025717748076257,218,215,201,200,14.191588251066616,-1.046864034868318,57.112698372208094,207.82722513089004,0.7358306473284751,0.9895287958115183,0.8824966635869007,0.714081261370528,0.16841540221637274,false,0.955
509,214.48722986247543,586.0,59,35.07400163040461,225,108,203,72,19.885722965047883,0.14271026309214682,103.21930009000631,89.84086444007859,0.6003518131491922,0.8958742632612967,0.8906352324819913,0.7468333674933393,0.143801864988652,false,0.8686006825938567
146,217.7876712328767,150.0,60,16.563697392896497,225,33,210,19,11.567684067162263,0.9083952582566331,46.87005768508881,25.73972602739726,0.8351639578642369,1.0,0.8662637657802846,0.7203113803661002,0.14595238541418443,false,0.9733333333333334
308,223.19805194805195,322.0,61,23.32445167070728,232,78,214,54,17.223251369108024,0.08533061891824521,72.01219330881976,65.99350649350649,0.7463602530293449,0.9675324675324676,0.8644512350394705,0.7538732837888906,0.1105779512505799,false,0.9565217391304348
1419,252.55954897815363,1780.0,62,57.046192926292164,276,137,227,83,38.16908845380066,-0.6325036936477676,198.89444430272832,111.87596899224806,0.4507616449676206,0.9175475687103594,0.877323163232876,0.7136001432536487,0.16372301997922722,false,0.797191011235955
106,242.77358490566039,106.0,64,15.715639825341064,250,76,235,68,8.604216921057843,-1.3653492069179027,39.55634918610404,72.13207547169812,0.8513013562557407,0.04716981132075472,0.8315575286718462,0.6684025468022432,0.16315498186960298,false,1.0
315,248.23809523809524,324.0,65,22.965923006080978,256,317,237,294,18.839290117573146,0.5486045455948747,71.94112549695429,304.4095238095238,0.7648318445414998,1.0,0.8779458450046688,0.8268608414239484,0.05108500358072032,false,0.9722222222222222
2388,269.53601340033504,2688.0,66,77.06382776618344,300,200,239,134,42.24218446454808,0.5440704157827385,246.6934341759516,165.44221105527637,0.4930931903802186,0.6959798994974874,0.8614231287154731,0.7352048535463572,0.12621827516911588,false,0.8883928571428571
249,254.70281124497993,267.0,67,28.03889157198083,266,27,241,13,12.169112418248336,1.3731457614772125,68.87005768508881,18.55421686746988,0.659702785184791,0.7108433734939759,0.8568233719190489,0.6387747814882091,0.2180485904308398,false,0.9325842696629213
207,256.719806763285,214.0,68,18.122874972519007,266,289,249,269,15.252791081680453,-0.19359456027946711,57.35533905932738,278.72463768115944,0.7907378118028836,1.0,0.8883205456095483,0.8066866424854126,0.08163390312413576,false,0.9672897196261683
490,263.2081632653061,511.0,69,33.52247745836579,275,376,251,346,19.06764930869987,0.5199274352657938,93.49747468305833,362.2081632653061,0.7043786471765189,1.0,0.8710204081632655,0.8087932470285415,0.06222716113472404,false,0.958904109589041
3193,282.66489195114315,4001.0,71,96.84222692048766,322,290,254,206,51.364155956173754,0.5702467415325961,326.63455967290594,251.03977450673347,0.37608370404874597,0.8675227059191982,0.8657848357006442,0.7677547942253825,0.09803004147526173,false,0.7980504873781554
275,266.2581818181818,284.0,72,21.57862755242745,275,395,257,377,16.874425166184366,-0.5809986230756179,65.21320343559643,385.5272727272727,0.812590029329744,1.0,0.8638716577540109,0.833575175800871,0.03029648195313983,false,0.9683098591549296
324,282.04938271604937,340.0,75,26.646398266029824,294,53,272,30,16.134232609169093,0.6178388166293165,75.84062043356595,41.6820987654321,0.7078661090315209,1.0,0.8691600096828858,0.756531269631234,0.1126287400516518,false,0.9529411764705882
158,278.94303797468353,159.0,76,18.30200068777483,285,315,272,299,11.138280214051203,0.54481201839416,49.45584412271571,306.8987341772152,0.8117675996623464,0.012658227848101266,0.8512037726482997,0.7901990628823833,0.06100470976591643,false,0.9937106918238994
100,290.5,108.0,77,18.302034653091486,299,329,283,319,7.636879438424992,-1.2108296309869322,46.04163056034262,324.36,0.5928003789000663,0.22,0.8585098039215686,0.7783912395367512,0.08011856438481746,false,0.9259259259259259
200,303.655,203.0,78,25.870637407513726,317,11,292,1,10.67957490394403,-1.473923243362265,63.798989873223334,4.795,0.6174648707837563,1.0,0.8443725490196081,0.7648645585401795,0.07950799047942858,false,0.9852216748768473
212,301.7688679245283,223.0,79,22.14278342042321,309,377,295,355,12.6389926104996,-0.1953715319638303,62.11269837220809,365.7122641509434,0.6905337845154584,1.0,0.8719570847206809,0.811547078025987,0.060410006694693874,false,0.9506726457399103
367,312.9809264305177,390.0,82,25.594082329879885,325,323,300,305,18.904439112708758,1.3080862010513514,78.76955262170047,313.62670299727523,0.7432915070880398,1.0,0.8789549607308865,0.7928284764198079,0.08612648431107861,false,0.941025641025641
130,313.2153846153846,131.0,83,19.546629920341623,322,213,304,200,8.744027456135715,1.1082899705604328,48.526911934581186,206.73076923076923,0.6937258945107058,0.2923076923076923,0.8457315233785822,0.7377187434113431,0.10801277996723901,false,0.9923664122137404
330,318.3666666666667,349.0,84,25.97568321904371,331,385,306,367,16.924595008397965,1.2074085711858156,77.59797974644667,375.93636363636364,0.6886887278303261,1.0,0.8769221628045157,0.7871021892704763,0.08981997353403948,false,0.9455587392550143
103,312.7669902912621,106.0,85,14.096162523148344,320,395,306,384,9.515774770785494,1.1044796742243372,39.04163056034261,388.94174757281553,0.8491632560826018,1.0,0.8761469636398249,0.8181708003289618,0.05797616331086308,false,0.9716981132075472
167,330.94610778443115,178.0,87,24.121486453975617,340,107,322,89,9.275427594927116,0.7220443739829476,57.941125496954285,97.19760479041916,0.6251042923860561,0.437125748502994,0.8510273570506044,0.6735031980706723,0.17752415897993212,false,0.9382022471910112
146,332.13698630136986,150.0,88,18.287423249513736,341,152,323,140,10.51786615103536,-1.2690136281515698,48.87005768508881,146.67808219178082,0.7682048000578264,1.0,0.8756647864625301,0.7622313725490194,0.1134334139135107,false,0.9733333333333334
311,338.4726688102894,352.0,89,26.794993480366777,350,137,327,116,16.405528362500633,0.9485231208630603,82.42640687119285,125.58520900321544,0.5752246864442803,0.954983922829582,0.8612445621335352,0.6640886615515774,0.19715590058195775,false,0.8835227272727273
170,339.7294117647059,172.0,90,17.915445163432878,349,68,330,55,12.5643592026766,-1.5509743988774554,52.2842712474619,61.188235294117646,0.7814778396268385,1.0,0.8972087658592849,0.689373751478831,0.20783501438045393,false,0.9883720930232558
518,346.08301158301157,629.0,91,37.2448799895964,356,272,333,237,20.18597866967186,-0.151184918211669,108.91168824543142,255.1988416988417,0.5487703564277028,1.0,0.8818305700658645,0.8117854824048826,0.07004508766098194,false,0.8235294117647058
378,353.83597883597884,419.0,92,25.066695598886565,365,44,340,21,21.591343658677292,-0.892924126777867,93.84062043356593,33.47883597883598,0.5394111543662466,1.0,0.9102811494968359,0.6806425469632641,0.22963860253357182,false,0.9021479713603818
634,362.00473186119876,882.0,94,43.475118360585185,383,223,345,181,27.76252506114111,0.5531390895987099,144.61017305526642,201.06940063091483,0.3809793444938057,1.0,0.8697099028886004,0.799872505055834,0.06983739783276643,false,0.7188208616780045
139,352.8345323741007,139.0,96,15.85112572789371,359,96,348,81,11.246389093308478,0.01892592229627815,43.79898987322333,88.93525179856115,0.9105346453588358,1.0,0.8952461560163633,0.6772843353677014,0.21796182064866187,false,1.0
550,383.9,627.0,98,39.991302831900455,400,172,362,148,21.042953677184297,-1.5189940059886942,114.11879502661797,162.04181818181817,0.5307111338948635,1.0,0.8555080213903747,0.7161611311191146,0.13934689027126013,false,0.8771929824561403
370,374.56216216216217,415.0,100,33.942669326060255,386,298,363,268,14.907489929482553,0.6526206156530296,88.08326112068524,282.0972972972973,0.5992731469308682,0.5459459459459459,0.856417594064653,0.7676102782639579,0.08880731580069512,false,0.891566265060241
125,378.76,131.0,105,16.25829842567779,386,234,372,221,10.615467408531908,0.8463771062599607,46.62741699796952,228.432,0.7224988525475788,1.0,0.8673568627450978,0.7924240133071224,0.0749328494379754,false,0.9541984732824428
301,387.96345514950167,306.0,106,27.2264163129929,399,334,374,317,14.574519854385413,1.116913892924777,73.11269837220809,325.2392026578073,0.7076047412128921,0.893687707641196,0.8618591622695594,0.7408485691573928,0.12101059311216655,false,0.9836601307189542
153,395.8562091503268,176.0,107,20.33587823458784,400,215,388,194,12.529328554558894,-0.2922723349070583,58.59188309203679,206.59477124183007,0.5600494598228275,1.0,0.8753812636165578,0.753346855983773,0.12203440763278472,false,0.8693181818181818
189,12.873015873015873,201.0,1,24.5919765403136,24,207,1,196,10.254959731414164,-1.3824736980696521,59.698484809834994,201.52910052910053,0.6664154407635193,1.0,0.7619255109451186,0.6878827676781644,0.07404274326695426,false,0.9402985074626866
708,9.426553672316384,768.0,3,48.14684590286019,22,294,1,247,19.802034253519,0.1485083486479005,128.53300858899107,270.48870056497174,0.5385348032996012,1.0,0.7731139913592558,0.7154356950447913,0.05767829631446453,false,0.921875
324,23.348765432098766,334.0,5,23.46141191901989,34,244,11,225,18.377173633945134,1.3145158645653388,73.11269837220809,234.820987654321,0.7616742064882958,1.0,0.7618131203098523,0.7044905556613155,0.0573225646485368,false,0.9700598802395209
118,21.059322033898304,122.0,6,14.979292966254482,27,226,14,214,10.37127414914571,0.8046092508120042,42.384776310850235,219.5084745762712,0.8254144744360962,1.0,0.7679960119641077,0.7056633821041105,0.06233262985999721,false,0.9672131147540983
777,36.523809523809526,888.0,7,36.15073217140769,54,312,16,273,30.820343456190265,0.5452240697933489,134.7462120245875,293.21364221364223,0.5377714629196257,1.0,0.7759860701037176,0.7104744488468966,0.06551162125682097,false,0.875
1163,69.64832330180568,1385.0,13,61.54345516527823,88,354,47,300,27.69675763331017,0.5602196625800089,179.75230867899734,325.0275150472915,0.4523146191524513,1.0,0.7711867550115494,0.7127751304742461,0.05841162453730331,false,0.8397111913357401
129,63.47286821705426,129.0,16,16.955221079972663,70,381,57,366,9.988315018348516,0.551714337057001,43.698484809834994,372.8759689922481,0.8489201010490138,1.0,0.7612707098343213,0.699501820272083,0.06176888956223836,false,1.0
226,72.03539823008849,242.0,17,30.936292778974334,89,400,58,391,9.833267309166573,1.413376570428122,73.66295090390226,396.0486725663717,0.5233835615253983,1.0,0.7537393718549367,0.7247805788982257,0.028958792956711,false,0.9338842975206612
3919,107.60882878285277,5133.0,18,103.14594505704791,141,400,66,304,56.54532973461823,-0.2389121034242198,387.4335495461292,359.44220464404185,0.32808824966725697,1.0,0.7659466950852809,0.7142298772279799,0.05171681785730098,false,0.7634911357880382
1089,92.91827364554638,1311.0,19,54.85118313052586,115,275,67,229,31.033511205567482,0.8544892595044608,171.58073580374355,251.31313131313132,0.46483700246923115,1.0,0.7810079403662294,0.6773827479709836,0.10362519239524581,false,0.8306636155606407
110,99.65454545454546,113.0,22,14.577870764610205,105,148,93,137,9.822628521824544,-0.7737273090956034,39.798989873223334,142.6909090909091,0.8726868867141323,1.0,0.7217112299465239,0.6671414477740785,0.05456978217244546,false,0.9734513274336283
279,143.65232974910396,309.0,29,24.118714421084796,156,364,131,348,15.741105594499222,1.5378096291919563,73.25483399593904,356.40143369175627,0.6533433728830368,1.0,0.7613606015883055,0.6941257494733432,0.06723485211496238,false,0.9029126213592233
124,170.8951612903226,132.0,31,13.934851472371795,178,398,165,384,12.160902611243497,-0.12423119035772427,45.45584412271571,391.14516129032256,0.754140205549029,1.0,0.7555344718532574,0.6883594771241833,0.06717499472907407,false,0.9393939393939394
441,191.9251700680272,520.0,32,38.43241098082188,213,400,174,381,19.47741073664159,1.4900841876774351,112.76955262170046,393.7981859410431,0.4357774351934351,1.0,0.7701480592236899,0.6873250818765686,0.0828229773471213,false,0.8480769230769231
112,210.00892857142858,119.0,35,16.385040322682123,216,166,204,152,9.012383461931549,0.666064432505946,45.2842712474619,159.21428571428572,0.686330217836156,0.6428571428571429,0.8384103641456581,0.7897308075772687,0.048679556568389404,false,0.9411764705882353
110,262.77272727272725,117.0,39,15.651521024223992,270,181,256,169,9.204120818497413,-0.8877895705546036,42.8700576850888,174.54545454545453,0.7521326008797073,0.0,0.8355793226381463,0.8014845938375353,0.03409472880061093,false,0.9401709401709402
724,277.0870165745856,889.0,40,48.470394821251084,296,187,257,150,22.210315736156847,0.831445502471479,154.26702730475878,166.85911602209944,0.3822981606910612,0.09668508287292818,0.8501245802188279,0.8373127367026739,0.012811843516153942,false,0.8143982002249719
128,269.96875,129.0,41,15.324818660708429,276,196,265,181,10.764957408945135,-0.30678865996811694,42.62741699796951,188.25,0.8852008021443691,0.0,0.8346200980392158,0.7854684095860569,0.04915168845315887,false,0.9922480620155039
876,302.0433789954338,1003.0,43,38.65355886798026,322,219,284,180,33.103977428058045,0.14275152692886034,143.78174593052023,196.59817351598173,0.5324838794462697,0.11529680365296803,0.8532769272092398,0.8238143120496064,0.029462615159633332,false,0.8733798604187437
3249,330.38688827331487,3765.0,45,83.39056442084751,372,278,284,215,54.45101070446541,1.0871435181360234,305.8772003600252,248.79593721144968,0.4363805269016135,0.2634656817482302,0.8411517269265355,0.6909366551957767,0.15021507173075876,false,0.8629482071713147
185,297.62702702702705,194.0,47,17.77680280585647,305,171,291,153,13.754865559494396,-0.15663433661774537,54.66295090390226,162.5081081081081,0.7780283941724554,1.0,0.8776894541600424,0.8620502697723387,0.01563918438770373,false,0.9536082474226805
439,319.10933940774487,463.0,48,37.10794313398926,334,298,303,270,16.019435062255223,0.7623422198483419,95.63961030678928,283.50341685649204,0.6031131372134292,0.0,0.7995354861762475,0.22671549313184688,0.5728199930444006,false,0.9481641468682506
125,347.256,130.0,49,13.3444252498504,355,195,341,182,12.376014655419374,-1.0789889843166072,43.42031021678297,188.0,0.8331707851026037,1.0,0.8630588235294115,0.8458312597458616,0.01722756378354995,false,0.9615384615384616
380,368.7842105263158,392.0,51,26.799719738370598,379,301,359,275,18.691961544389127,0.17324828765012032,79.39087296526012,287.2736842105263,0.7576215264701911,0.039473684210526314,0.7858617131062953,0.36938280930349665,0.4164789038027986,false,0.9693877551020408
318,381.5125786163522,332.0,53,22.53903112615521,390,313,371,289,18.5503202447495,-0.25557566079061145,71.52691193458118,300.5566037735849,0.7810845241900786,0.5377358490566038,0.7598100875570353,0.4658460421205518,0.29396404543648347,false,0.9578313253012049
103,377.41747572815535,103.0,54,13.020416389816928,383,375,372,363,10.155186856747298,0.48002587801185,36.62741699796952,368.8349514563107,0.964793797949144,1.0,0.816067009328003,0.5675661814021385,0.24850082792586448,false,1.0
323,392.38080495356036,334.0,55,25.893589145348194,400,329,383,303,16.65576467080103,-0.3685462071693288,73.69848480983501,315.3715170278638,0.7473004917603078,1.0,0.8472045164815153,0.47986016111871105,0.36734435536280424,false,0.9670658682634731
143,396.1188811188811,145.0,57,18.304582323378703,400,366,390,348,10.92282709874332,0.21361928744087647,49.59188309203678,355.8531468531468,0.730675764114473,1.0,0.8509803921568627,0.5898673473334107,0.261113044823452,false,0.9862068965517241
121,4.909090909090909,124.0,1,18.0042863311938,11,195,1,178,9.20389780287629,-0.41275214479911776,47.00609665440988,185.2396694214876,0.6881559287300886,1.0,0.7932263814616756,0.7604693690947883,0.03275701236688722,false,0.9758064516129032
11134,30.79234776360697,14770.0,2,238.21001566630588,87,400,1,187,80.27477462825159,0.06401329089462786,660.9604614807104,304.72354948805463,0.320265471723704,1.0,0.7324024274700004,0.6931135004883912,0.03928892698160924,false,0.7538253215978334
428,66.05841121495327,463.0,6,35.645139012465734,77,130,51,101,16.906950491000675,-0.6561192858699825,96.08326112068522,116.79906542056075,0.5825834772157396,1.0,0.8237218251786698,0.8029168852873155,0.020804939891354235,false,0.9244060475161987
135,213.62962962962962,149.0,10,21.99951446835785,224,13,204,1,8.319654101201962,-1.027229190476715,55.491378028648455,6.118518518518519,0.5509251680078918,1.0,0.8592011619462597,0.8378612716763009,0.02133989026995886,false,0.9060402684563759
113,234.13274336283186,115.0,11,15.462763377369651,242,11,228,1,10.112600268404082,-1.059207504571773,42.142135623730944,5.035398230088496,0.7995676723036087,1.0,0.859795245531841,0.85377960383472,0.006015641697120988,false,0.9826086956521739
106,320.5188679245283,107.0,13,13.57734521423134,327,83,314,72,10.034132788691496,0.9822464289730227,38.62741699796952,78.0377358490566,0.8927387648746969,0.0,0.8544210136884942,0.841176470588236,0.013244543100258244,false,0.9906542056074766
315,171.54920634920634,341.0,6,31.253348187557954,182,141,158,119,13.661419574466478,-0.8552912722847066,78.76955262170047,131.8095238095238,0.6379749992717507,1.0,0.9525925925925925,0.9170274611795295,0.035565131413063056,false,0.9237536656891495
1742,193.72388059701493,1996.0,7,69.68928421915588,227,61,174,1,40.64658379806256,-0.5779670185279584,205.88225099390854,22.03386911595867,0.5164403881357477,1.0,0.9593097859120683,0.8949287384424324,0.06438104746963591,false,0.872745490981964
6443,249.18997361477574,7972.0,9,178.89774522306064,317,129,188,1,54.3873768850506,-0.7839552463819296,458.8183258569795,53.61198199596461,0.38460637940655457,1.0,0.953819466635016,0.9257933747305317,0.02802609190448435,false,0.8082037129954842
157,196.77707006369425,159.0,12,24.451690197224163,201,381,192,358,8.402181325980337,0.14530002178442872,55.798989873223334,369.2356687898089,0.6336608016610649,1.0,0.9099038341451233,0.8039062019792245,0.10599763216589886,false,0.9874213836477987
100,221.43,119.0,14,19.00387104968327,229,373,212,365,7.982987230793377,-1.4949980515978654,49.248737341529164,369.52,0.5181072425761083,1.0,0.904,0.8731223602864658,0.03087763971353419,false,0.8403361344537815
103,236.58252427184465,105.0,17,18.982616732773355,245,8,228,1,7.3423976989319195,1.522285737308138,43.31370849898475,3.5242718446601944,0.6899162113242933,1.0,0.943841614315629,0.9359408684939944,0.00790074582163458,false,0.9809523809523809
5173,311.744248985115,6772.0,18,137.82053657672338,383,400,245,336,57.51019043353283,-1.4739976182573742,482.10259710444143,374.6330949159095,0.279687721109825,1.0,0.9230582625472378,0.8705301809843105,0.05252808156292732,false,0.7638806851742469
822,273.93552311435525,957.0,19,48.5769211882895,296,251,251,219,24.700389919266616,-1.215746211771997,131.53910524340094,236.34306569343065,0.5969966784457452,1.0,0.9469824912933538,0.9058747197175709,0.041107771575782825,false,0.8589341692789969
129,258.6046511627907,130.0,20,17.516760561521497,266,124,252,110,9.54466989325424,-0.7362503173101521,45.45584412271571,116.81395348837209,0.7845490848050384,1.0,0.9481988144094848,0.9068644741847357,0.04133434022474913,false,0.9923076923076923
287,265.2404181184669,289.0,21,23.327939104977233,275,215,256,194,16.080324709394358,-0.6817081950255418,65.94112549695429,205.09756097560975,0.8294286827246204,1.0,0.9479674796747968,0.9087923678028668,0.03917511187193001,false,0.9930795847750865
325,269.68,396.0,22,34.573843432641894,283,93,257,66,14.715121273103621,-0.8439387661749277,95.49747468305831,79.62461538461538,0.4478261505196816,1.0,0.9457375565610862,0.9191966048164233,0.026540951744662866,false,0.8207070707070707
218,270.86238532110093,226.0,23,23.957224918463474,282,293,262,276,12.16430863595628,-0.9730618300350072,63.94112549695428,283.4678899082569,0.6700478294009458,1.0,0.9222342147868323,0.8605960476940613,0.061638167092771035,false,0.9646017699115044
616,283.7435064935065,646.0,24,38.524710148914565,298,205,271,168,21.15332924305871,-0.5347528527847256,108.39696961966999,185.5194805194805,0.6588041010612748,1.0,0.9450789406671759,0.8997333333333336,0.0453456073338423,false,0.9535603715170279
195,300.79487179487177,208.0,25,19.656133764835026,310,172,293,153,13.435611971966626,-0.7308307287865468,60.35533905932738,162.27692307692308,0.6726870813969036,1.0,0.9451382604323781,0.8972530630071487,0.04788519742522945,false,0.9375
149,321.9127516778523,155.0,28,14.934730175141382,329,245,315,230,13.281009433048487,-0.12978682551731405,50.2842712474619,237.40268456375838,0.7405115070845978,1.0,0.932833267535202,0.8882913165266104,0.044541951008591596,false,0.9612903225806452
183,323.8743169398907,193.0,29,19.651566764152967,333,103,316,88,12.658787477201285,-1.0134988165667513,55.04163056034262,95.39344262295081,0.7590639598390225,1.0,0.946662380799314,0.9050367183443363,0.041625662454977674,false,0.9481865284974094
141,324.8936170212766,143.0,30,17.272680059060036,331,209,319,193,10.638604211289808,-0.38662914342729154,46.87005768508881,201.1418439716312,0.8065624524579273,1.0,0.9306911417049091,0.895440990084247,0.03525015162066203,false,0.986013986013986
265,331.6716981132075,275.0,31,34.502139902786354,340,165,323,134,10.126561498797855,-0.36285893331427294,78.42640687119285,150.1509433962264,0.5414160196107509,1.0,0.9446836847946727,0.875109158462832,0.06957452633184069,false,0.9636363636363636
515,343.65242718446603,530.0,33,39.9084664800408,359,232,325,204,17.30471841875221,-0.8927698457720398,102.7401153701776,219.96699029126214,0.6131080168883822,1.0,0.9334780125642491,0.8945780408599494,0.03889997170429971,false,0.9716981132075472
384,345.1432291666667,430.0,34,40.453233065854945,361,119,328,93,12.700023634554041,-1.0163209414005452,98.5685424949238,106.24479166666667,0.49666598629690806,1.0,0.9509803921568628,0.9076664142051671,0.04331397795169567,false,0.8930232558139535
241,340.17427385892114,249.0,35,21.09531364128196,350,97,332,77,15.231122917715894,-0.6619898680058407,61.52691193458119,86.850622406639,0.8000123110675855,1.0,0.9496542185338867,0.8977951346513711,0.05185908388251559,false,0.9678714859437751
144,343.6875,155.0,36,16.1931228204184,352,318,336,305,11.760616238552267,-1.2910478000639836,48.834523779156065,311.53472222222223,0.7587844849920851,1.0,0.9116013071895424,0.8824705476813265,0.029130759508215864,false,0.9290322580645162
193,349.0777202072539,208.0,37,18.490434992075095,357,82,340,65,14.230002762249859,0.6582477130394543,55.66295090390226,74.21761658031087,0.7827709874267232,1.0,0.9489383318094078,0.9086872715187774,0.040251060290630414,false,0.9278846153846154
132,345.3333333333333,132.0,38,14.923890680191173,351,332,340,318,11.322235017447435,-0.20953233814541172,41.79898987322333,324.9015151515151,0.9494065464848278,1.0,0.913784907902555,0.8755375253549698,0.038247382547585196,false,1.0
757,360.24966974900923,794.0,39,48.753078115908515,378,57,343,19,20.103209018150654,-0.6815589918234718,123.9827560572969,38.124174372523115,0.618846830655402,1.0,0.9523350687699118,0.9076720037127276,0.044663065057184204,false,0.9534005037783375
379,368.9551451187335,411.0,41,32.718145079603566,381,87,358,58,15.952958432828805,-0.6008600595818067,86.66904755831213,72.3245382585752,0.6340463781642173,1.0,0.946432821149568,0.9136481832876521,0.03278463786191588,false,0.9221411192214112
359,384.5793871866295,405.0,42,26.550538405728936,396,361,373,335,20.00586195951825,0.48876420728776876,84.42640687119284,346.48467966573816,0.6329183683441891,1.0,0.9174176634442079,0.8767671941873192,0.040650469256888755,false,0.8864197530864197
582,389.62027491408935,637.0,43,33.98084982891229,400,43,376,8,23.7920012392747,-0.18528113146196923,111.0477272147525,25.493127147766323,0.5930803018294338,1.0,0.9453473485614174,0.9166646026831788,0.028682745878238602,false,0.9136577708006279
290,387.09655172413795,307.0,44,32.27148459382615,393,73,381,43,11.743968434714816,-0.1054660242331325,78.90559159102155,57.12068965517241,0.5853185679249853,1.0,0.9463826910074374,0.915346844620201,0.031035846387236443,false,0.9446254071661238
238,390.02941176470586,255.0,45,27.65066806656497,399,148,381,124,11.680496057095725,-0.45484829976987523,67.59797974644665,135.92016806722688,0.6545146739782146,1.0,0.9390838688416543,0.8754941145123123,0.063589754329342,false,0.9333333333333333
295,33.78983050847457,304.0,6,27.572785169009755,47,214,23,196,14.150545116760943,1.0883753485648642,72.76955262170047,205.5728813559322,0.7000554969728443,0.0,0.830495181123297,0.7044683592797688,0.1260268218435282,false,0.9703947368421053
255,71.64313725490196,265.0,11,22.358593292719398,82,243,61,228,15.073423896712862,-1.168344961917078,66.8700576850888,235.73333333333332,0.7166162446587023,0.0,0.8303421760861208,0.7426612263402476,0.08768094974587326,false,0.9622641509433962
464,92.32974137931035,499.0,13,33.46636770354711,106,259,79,230,18.4259150732405,0.8180990042983133,94.25483399593904,246.28879310344828,0.6563274657512076,0.0,0.8369844489519948,0.6065463885234605,0.2304380604285342,false,0.9298597194388778
286,110.96853146853147,304.0,17,25.342137777096394,120,292,103,268,14.853170731875016,0.3207696975364683,71.59797974644667,280.2167832167832,0.701090949617974,0.0,0.8511312217194571,0.7928168207477708,0.058314400971686275,false,0.9407894736842105
126,124.33333333333333,128.0,19,15.47463643108885,131,103,117,90,10.898855923086321,-0.8205645952155717,44.04163056034262,96.54761904761905,0.8163072055490747,0.0,0.6812636165577343,0.4468681089457059,0.23439550761202838,false,0.984375
209,189.86124401913875,220.0,22,24.21472094706525,199,31,178,17,11.853341777185111,-1.24340369256593,61.698484809834994,24.74641148325359,0.6899333725800537,0.6698564593301436,0.7336523125996808,0.48017094017094014,0.25348137242874064,false,0.95
